path,mime_type,size_bytes,modified_at,library_file_id,file_id,mirror_class
"00_CONTROL/00_PROJECT_CONSTITUTION.md","text/markdown","5911","2026-10-02T05:22:27.715801+00:00","libfile_4272738b1dc8819198731ec4957d9397","file_00000000435481f6a95b5592ee45e850","text-source"
"00_CONTROL/01_MASTER_ARCHITECTURE.md","text/markdown","101691","2026-10-01T23:49:01.856158+00:00","libfile_cfbea2eb831c819190385a60e3e96f98","file_000000004728822f85e9c6e34f9c4b84","text-source"
"00_CONTROL/02_EXECUTION_MASTER_PLAN.md","text/markdown","20767","2026-10-01T23:49:01.954789+00:00","libfile_ed5955e5c94c8191a9df76714d6757ef","file_00000000556481f59dc2ac4cc41e9596","text-source"
"00_CONTROL/03_MANIFEST.yaml","application/yaml","12252","2026-10-04T11:36:36.149415+00:00","libfile_e2ac12b7381481919db2ae2fea43b98e","file_00000000f14c81f9bf28c714a970407b","text-source"
"00_CONTROL/04_COVERAGE_MATRIX.csv","text/csv","27574","2026-10-02T05:22:27.793555+00:00","libfile_15b4938cec6481918763c1514cafdc5a","file_000000009f1481f69d251be100f30abb","text-source"
"00_CONTROL/05_MODULE_STATUS.csv","text/csv","23790","2026-10-04T11:36:35.911352+00:00","libfile_1395007b43b081919c72fe58ca242142","file_0000000092c081f9b4e52e69ce829137","text-source"
"00_CONTROL/06_EDGE_REGISTRY.csv","text/csv","346562","2026-10-01T23:49:01.973525+00:00","libfile_7c464e4b94d88191a28635c4ecab5e4c","file_00000000fa5c822fa6059c869509edc5","text-source"
"00_CONTROL/07_GLOSSARY.md","text/markdown","5839","2026-10-01T23:49:02.403027+00:00","libfile_6e3f9b42de188191aeb24236927f7321","file_00000000bc7881f5a47970f5b0d070f4","text-source"
"00_CONTROL/08_SOURCE_POLICY.md","text/markdown","6557","2026-10-01T08:52:24.624352+00:00","libfile_209356d4757c819189a69078b726299d","file_00000000ab7c82079fb6772a781fd163","text-source"
"00_CONTROL/09_CHANGELOG.md","text/markdown","12419","2026-10-02T06:15:07.960786+00:00","libfile_5b8ded2cae248191bfb1175a4dee8a74","file_0000000031b481f589283bf055c483eb","text-source"
"00_CONTROL/10_DECISION_LOG.md","text/markdown","13554","2026-10-01T23:49:02.091252+00:00","libfile_4f1c919ec9b0819184afca02833886f7","file_000000004fa481f5a6d657585ee3aae8","text-source"
"00_CONTROL/11_OPEN_GAPS.md","text/markdown","2909","2026-10-02T06:15:07.828819+00:00","libfile_e53f2865256881919ae95d6d9331f6aa","file_000000007cc881f5841b49023067525a","text-source"
"00_CONTROL/12_ARCHITECTURE_AUDIT.md","text/markdown","1919","2026-10-01T07:22:30.140024+00:00","libfile_dda2c4442c1c81919010bf21d0fd1906","file_000000008b94821189ce8535fb4312d7","text-source"
"00_CONTROL/13_DEPENDENCY_CENTRALITY.md","text/markdown","3518","2026-10-01T23:49:02.052278+00:00","libfile_08345e92e84c8191b97ce7fe3d92454e","file_000000008d5481f5985701baa23bb1f8","text-source"
"00_CONTROL/14_QUALITY_GATE_RUBRIC.md","text/markdown","3199","2026-10-01T06:44:11.427762+00:00","libfile_9cd05903b70481919219e86c36712aea","file_000000008f808211b1971968fe56d498","text-source"
"00_CONTROL/15_NODE_REGISTRY.json","application/json","218006","2026-10-01T07:22:46.078101+00:00","libfile_22d8965431588191b32216644b9add49","file_00000000dc1c821198d945b57b4ffe8a","text-source"
"00_CONTROL/16_CONTROL_PLANE_VALIDATION.md","text/markdown","471","2026-10-01T08:53:19.146575+00:00","libfile_d4baf260153c8191b8906ddbad217509","file_0000000030f88211bd836e5365cd12e5","text-source"
"00_CONTROL/17_DETAILED_EXECUTION_MAP.md","text/markdown","7521","2026-10-01T23:49:01.887687+00:00","libfile_b0bf3854a9bc81919742b87818525463","file_000000000b80822fb3397ed02a5cd5dc","text-source"
"00_CONTROL/18_MASTER_EXECUTION_LEDGER.csv","text/csv","879469","2026-10-04T11:36:37.259117+00:00","libfile_1742e6d76d5481919be81d5a00c9e0c8","file_00000000e56081f9b8dd151b049b0675","text-source"
"00_CONTROL/19_EXECUTION_PHASE_MANIFEST.yaml","application/yaml","1772","2026-10-03T10:53:19.668763+00:00","libfile_0cb949093f7881918e2557a6b44049ee","file_00000000679081f5ab717b17936a4cc3","text-source"
"00_CONTROL/20_MODULE_EXECUTION_MATRIX.csv","text/csv","18732","2026-10-01T07:24:04.049434+00:00","libfile_c8ba2279416c819193656c1ac21fc66d","file_00000000bbbc8207a6c7ea21bbdd9028","text-source"
"00_CONTROL/21_EXECUTION_MAP_VALIDATION.md","text/markdown","466","2026-10-01T07:24:17.550059+00:00","libfile_a6e8a975e83481918cb8ea80aa3a7944","file_00000000f9f482119f1ced96ff4d2573","text-source"
"00_CONTROL/22_EXECUTION_MAP_CHECKSUMS.sha256","application/octet-stream","388","2026-10-04T11:36:35.842615+00:00","libfile_b26640ee90948191a78fa2b802b53704","file_000000002a7881f993d6827137124a07","binary-or-nontext"
"00_CONTROL/TEMPLATES/CHANGE_REQUEST_TEMPLATE.yaml","application/x-yaml","290","2026-10-01T06:44:48.146183+00:00","libfile_bcec81ef7014819189a73309b742494e","file_000000004c7482078b0664c700625791","text-source"
"00_CONTROL/PHASE_1_ARCHITECTURE_NORMALIZATION/CHANGE_REQUESTS/CHG-0001.yaml","application/x-yaml","1015","2026-10-01T07:30:33.787742+00:00","libfile_230eb3afb8f8819198733194b5c5cccf","file_0000000005ec8207a506fb394164b5b1","text-source"
"00_CONTROL/PHASE_1_ARCHITECTURE_NORMALIZATION/CHANGE_REQUESTS/CHG-0002.yaml","application/x-yaml","1173","2026-10-01T07:30:45.059773+00:00","libfile_13e9abb029048191ad161550f14cb178","file_00000000064c82119aeea9c42c74ce0c","text-source"
"00_CONTROL/PHASE_1_ARCHITECTURE_NORMALIZATION/CHANGE_REQUESTS/CHG-0003.yaml","application/x-yaml","635","2026-10-01T07:30:55.938464+00:00","libfile_7eb3efa15ae88191878c9aba15a29f92","file_00000000bc8882078732aaf4bd6a44b9","text-source"
"00_CONTROL/PHASE_1_ARCHITECTURE_NORMALIZATION/CHANGE_REQUESTS/CHG-0004.yaml","application/x-yaml","803","2026-10-01T07:31:07.051756+00:00","libfile_f20e6f9ebd588191a54ce378357f646c","file_00000000e0d082119d26a65ab58d4536","text-source"
"00_CONTROL/PHASE_2_DEPENDENCY_SYNAPSE_GRAPH/CHANGE_REQUESTS/CHG-0005.yaml","application/yaml","1020","2026-10-01T23:49:01.853011+00:00","libfile_8749397e2e7c8191a12445efa4cac7f6","file_00000000c59c81f59ee7f50cb3409c04","text-source"
"00_CONTROL/TEMPLATES/CLAIM_LEDGER_TEMPLATE.csv","text/csv","341","2026-10-01T08:54:41.954967+00:00","libfile_d280f1cd2b70819195b245f332e31421","file_00000000eaa88207ae7cdf10388c3cc4","text-source"
"00_CONTROL/TEMPLATES/CONTRADICTION_LEDGER_TEMPLATE.csv","text/csv","238","2026-10-01T08:55:04.147085+00:00","libfile_375b0aaf25748191a86cc1e5d0f3c180","file_000000001e648211941670c478082f00","text-source"
"00_CONTROL/CURRENT_STATE.md","text/markdown","8198","2026-10-04T11:36:35.950153+00:00","libfile_6da6744a02a8819195481fd510a20a6c","file_00000000a09881f9a2a0b1e13444e695","text-source"
"00_CONTROL/DECISION_ID_MIGRATION.json","application/json","1148","2026-10-01T23:49:01.855076+00:00","libfile_9d5b3de05d588191a00f678359272dcd","file_00000000339881f5880e000755a76c77","text-source"
"00_CONTROL/DEEPENING_BACKLOG.json","application/json","222678","2026-10-04T11:36:35.833578+00:00","libfile_0381c7fcfcd88191a710c1e8c799f2e4","file_0000000038e081f983f2535d4abb6a61","text-source"
"00_CONTROL/DEPENDENCY_BATCH_PLAN.json","application/json","24137","2026-10-03T10:53:19.623871+00:00","libfile_f67c2b7d129c8191a7eead5107805fec","file_000000005bb081f5b6e40ab490f27e0f","text-source"
"00_CONTROL/DEPENDENCY_FRONTIER_LATEST.json","application/json","34268","2026-10-04T11:36:35.894844+00:00","libfile_d2b516f6be0881918aa6ff06e72df813","file_00000000025481f9b7515480e2152a30","text-source"
"00_CONTROL/TEMPLATES/EVIDENCE_EXTRACTION_TEMPLATE.yaml","application/x-yaml","721","2026-10-01T08:55:23.790994+00:00","libfile_e98986c6db04819184a5be107c518e33","file_00000000d3708207b30d966f0e5e8c14","text-source"
"00_CONTROL/TEMPLATES/EVIDENCE_MAP_TEMPLATE.csv","text/csv","229","2026-10-01T08:54:54.033411+00:00","libfile_79882a50d5908191bbe16a8193f247ac","file_000000007a1c820699df355c6acef6ed","text-source"
"00_CONTROL/EXECUTION_CONTRACT.json","application/json","16126","2026-10-04T11:38:20.277711+00:00","libfile_710af378bf6081919b3ffd6233ee852e","file_000000007c9481f5ad410661faebf498","text-source"
"00_CONTROL/FAST_RELEASE_FLOOR.md","text/markdown","1123","2026-10-03T09:14:07.920486+00:00","libfile_ea555ec1fa408191900b7459fd26b393","file_00000000cac481f5879501c05fc81d69","text-source"
"00_CONTROL/PHASE_2_DEPENDENCY_SYNAPSE_GRAPH/REPRESENTATIONAL_GRAPHS/G01.md","text/markdown","262","2026-10-01T23:49:27.643788+00:00","libfile_ae1ce84756d48191b8c2dc9b073a4b17","file_000000004c8081f980b68d937fbd268f","text-source"
"00_CONTROL/PHASE_2_DEPENDENCY_SYNAPSE_GRAPH/REPRESENTATIONAL_GRAPHS/G02.md","text/markdown","254","2026-10-01T23:49:27.678267+00:00","libfile_ddce4b07ebe08191b1bdf86f25a06cbc","file_00000000878081f98d3caceb31066496","text-source"
"00_CONTROL/PHASE_2_DEPENDENCY_SYNAPSE_GRAPH/REPRESENTATIONAL_GRAPHS/G03.md","text/markdown","316","2026-10-01T23:49:31.697727+00:00","libfile_3d2e68e69f408191b4e435af1cff5e90","file_00000000b01c81f5abf2d63e502ee84d","text-source"
"00_CONTROL/PHASE_2_DEPENDENCY_SYNAPSE_GRAPH/REPRESENTATIONAL_GRAPHS/G04.md","text/markdown","341","2026-10-01T23:49:31.745932+00:00","libfile_e81349de88108191beb08226fe81fd8b","file_00000000ff1481f5aed4e9b151f3a662","text-source"
"00_CONTROL/PHASE_2_DEPENDENCY_SYNAPSE_GRAPH/REPRESENTATIONAL_GRAPHS/G05.md","text/markdown","471","2026-10-01T23:49:31.741719+00:00","libfile_2a5c21a137e08191acef69aa9773ae57","file_00000000f45081f58b575e3944056906","text-source"
"00_CONTROL/PHASE_2_DEPENDENCY_SYNAPSE_GRAPH/REPRESENTATIONAL_GRAPHS/G06.md","text/markdown","283","2026-10-01T23:49:31.686767+00:00","libfile_6af709d20218819190e6eb76a0392d0e","file_0000000017a081f59304c8ee657aaa61","text-source"
"00_CONTROL/PHASE_2_DEPENDENCY_SYNAPSE_GRAPH/REPRESENTATIONAL_GRAPHS/G07.md","text/markdown","261","2026-10-01T23:49:31.688676+00:00","libfile_7d31128245bc8191b2240646dea60bc3","file_0000000099ac81f5ace10e69361ce3ed","text-source"
"00_CONTROL/PHASE_2_DEPENDENCY_SYNAPSE_GRAPH/REPRESENTATIONAL_GRAPHS/G08.md","text/markdown","471","2026-10-01T23:49:31.736499+00:00","libfile_ee3a796092e0819199a2a13020b183c0","file_00000000825881f5a8ff017e815d3e50","text-source"
"00_CONTROL/PHASE_2_DEPENDENCY_SYNAPSE_GRAPH/REPRESENTATIONAL_GRAPHS/G09.md","text/markdown","299","2026-10-01T23:49:31.695888+00:00","libfile_dd3d8798036881919a166862cf91f554","file_00000000532881f5a3456e6900b84b94","text-source"
"00_CONTROL/PHASE_2_DEPENDENCY_SYNAPSE_GRAPH/REPRESENTATIONAL_GRAPHS/G10.md","text/markdown","262","2026-10-01T23:49:31.701208+00:00","libfile_a482ea293c5c81919501d6b08b8a6456","file_00000000076881f59ca8a83eefbb9eba","text-source"
"00_CONTROL/GAP-L03.01-PRIORITY_MAP.md","text/markdown","1244","2026-10-02T14:01:09.678090+00:00","libfile_db6822228d0c8191ab81a687ca3a515a","file_00000000f70081f5bc176aaafd8ffc8b","text-source"
"00_CONTROL/GAP-L03.02-MASS_INFERENCE.md","text/markdown","1614","2026-10-02T22:13:36.895787+00:00","libfile_c9dd595e06b88191b084aaf03a6057d9","file_00000000b43481f58dbb640ee6ee72d9","text-source"
"00_CONTROL/GAP-L03.03-GROUPING_PROCESSING_LEVEL.md","text/markdown","2277","2026-10-03T04:21:56.579893+00:00","libfile_179c5611a7e481919d668e7d7a88955d","file_0000000048d081f58165f42ccd6a2275","text-source"
"00_CONTROL/GAP-L03.04-EXPECTATION-LOCUS.md","text/markdown","839","2026-10-03T04:23:42.597783+00:00","libfile_465e2e3b7b208191abdbb50e80a4115c","file_00000000658481f58c99aaccfc8ea33a","text-source"
"00_CONTROL/GAP-L03.04-WM-CAPACITY.md","text/markdown","857","2026-10-03T04:23:42.617115+00:00","libfile_2ddee5509f788191a7c1d614aeee91c8","file_00000000468c81f58aec9598188ef58d","text-source"
"00_CONTROL/GAP-L03.05-TENSION_UNCERTAINTY.md","text/markdown","735","2026-10-03T09:14:07.885859+00:00","libfile_6b32bb619e6881918822778e7c142d0a","file_000000000024820da1370323cc391d55","text-source"
"00_CONTROL/GAP-L03.06-COMFORT_TRANSFER.md","text/markdown","814","2026-10-03T04:29:10.511524+00:00","libfile_05105a3679f081919d26a12fd9f104d1","file_00000000572881f5927d877565ae4ee8","text-source"
"00_CONTROL/GAP-L03.06-FATIGUE_INFERENCE.md","text/markdown","893","2026-10-03T04:29:10.503948+00:00","libfile_a0c13fb676cc81919b80fc1d92f30e4f","file_00000000ff7481f5b96beea20385e21e","text-source"
"00_CONTROL/GAP-L03.07-SENSORY_CONFLICT.md","text/markdown","638","2026-10-03T04:10:21.364617+00:00","libfile_94849d8299808191939d268c710e33e4","file_00000000d85081f68a73d55892be3a76","text-source"
"00_CONTROL/TEMPLATES/HANDOFF_PACKET_TEMPLATE.yaml","application/x-yaml","435","2026-10-01T06:45:15.551022+00:00","libfile_4ff12364e2f481919fe561dfe04ad22d","file_0000000054ac8211bca8b632d6ac386c","text-source"
"00_CONTROL/PHASE_1_ARCHITECTURE_NORMALIZATION/HANDOFFS/HO-WP-P01-001.yaml","application/x-yaml","305","2026-10-01T07:31:18.010038+00:00","libfile_bf89cca4eaf48191b91c4079c2818fa2","file_000000005ee88211a779bec91b750235","text-source"
"00_CONTROL/PHASE_1_ARCHITECTURE_NORMALIZATION/HANDOFFS/HO-WP-P01-002.yaml","application/x-yaml","305","2026-10-01T07:31:29.214185+00:00","libfile_b2f1436100308191b1f9a5351a6492e2","file_00000000982882119c245b4b9bc0c932","text-source"
"00_CONTROL/PHASE_1_ARCHITECTURE_NORMALIZATION/HANDOFFS/HO-WP-P01-003.yaml","application/x-yaml","305","2026-10-01T07:31:41.542508+00:00","libfile_dd017766297081918ab16fb644d4a759","file_000000005dc08211b354573ba990bacc","text-source"
"00_CONTROL/PHASE_1_ARCHITECTURE_NORMALIZATION/HANDOFFS/HO-WP-P01-004.yaml","application/x-yaml","305","2026-10-01T07:31:52.829895+00:00","libfile_7ba00f559b70819183cee40f8b91de0d","file_0000000078f082118f2893257f4bb21d","text-source"
"00_CONTROL/PHASE_1_ARCHITECTURE_NORMALIZATION/HANDOFFS/HO-WP-P01-005.yaml","application/x-yaml","305","2026-10-01T07:32:04.195054+00:00","libfile_2ac5336db2248191ad0ade8e1595474d","file_000000005c7c8208bb0c38b301eab1b0","text-source"
"00_CONTROL/PHASE_1_ARCHITECTURE_NORMALIZATION/HANDOFFS/HO-WP-P01-006.yaml","application/x-yaml","305","2026-10-01T07:32:15.602904+00:00","libfile_670db3df1a708191b65321d2fd8df358","file_0000000022d88211a64a41f1c73f42f8","text-source"
"00_CONTROL/PHASE_1_ARCHITECTURE_NORMALIZATION/HANDOFFS/HO-WP-P01-007.yaml","application/x-yaml","305","2026-10-01T07:32:26.398504+00:00","libfile_778d0dfe015481918094ab72e64a73b1","file_000000001b5c8207bd264d2df8fb62ce","text-source"
"00_CONTROL/PHASE_1_ARCHITECTURE_NORMALIZATION/HANDOFFS/HO-WP-P01-008.yaml","application/x-yaml","305","2026-10-01T07:32:45.625105+00:00","libfile_aa777afb61388191b8c12f0c848553d2","file_00000000db188207b6bb2fda0fe8e8f7","text-source"
"00_CONTROL/PHASE_1_ARCHITECTURE_NORMALIZATION/HANDOFFS/HO-WP-P01-009.yaml","application/x-yaml","305","2026-10-01T07:32:56.874974+00:00","libfile_d3e2bab22b9481919cc1ac2d86dd3bd4","file_00000000bd188211b6defeb33ec65d7f","text-source"
"00_CONTROL/PHASE_1_ARCHITECTURE_NORMALIZATION/HANDOFFS/HO-WP-P01-010.yaml","application/x-yaml","305","2026-10-01T07:33:08.738875+00:00","libfile_34a4f0008acc8191aeb243d23aae47ee","file_000000009884821197a8c629101d4515","text-source"
"00_CONTROL/PHASE_1_ARCHITECTURE_NORMALIZATION/HANDOFFS/HO-WP-P01-011.yaml","application/x-yaml","305","2026-10-01T07:33:20.120619+00:00","libfile_43f95ebf537481918cac4890db6fdf19","file_00000000dfc48211994ca708f3aa14ba","text-source"
"00_CONTROL/PHASE_1_ARCHITECTURE_NORMALIZATION/HANDOFFS/HO-WP-P01-012.yaml","application/x-yaml","305","2026-10-01T07:33:31.235482+00:00","libfile_12a7c4147f988191b545a09598b72f29","file_0000000045648211b274e6a640044b4f","text-source"
"00_CONTROL/PHASE_1_ARCHITECTURE_NORMALIZATION/HANDOFFS/HO-WP-P01-013.yaml","application/x-yaml","305","2026-10-01T07:33:42.764027+00:00","libfile_c9d3e39d1b648191a3a90b188a347c0d","file_00000000b3a08211a746a5c4a0a91877","text-source"
"00_CONTROL/PHASE_1_ARCHITECTURE_NORMALIZATION/HANDOFFS/HO-WP-P01-014.yaml","application/x-yaml","305","2026-10-01T07:33:53.827926+00:00","libfile_3b113ebadfd481918d8d706a29d31f1f","file_0000000058f48207bc58176aa1a0fb76","text-source"
"00_CONTROL/PHASE_1_ARCHITECTURE_NORMALIZATION/HANDOFFS/HO-WP-P01-015.yaml","application/x-yaml","305","2026-10-01T07:34:04.829779+00:00","libfile_91d368519cd0819194933699c44f319f","file_0000000095248211b11367c468109d59","text-source"
"00_CONTROL/PHASE_1_ARCHITECTURE_NORMALIZATION/HANDOFFS/HO-WP-P01-016.yaml","application/x-yaml","305","2026-10-01T07:34:16.169705+00:00","libfile_32d329a42a3481919977e0cb57f054b3","file_000000002fa88211a06f550baa2b6245","text-source"
"00_CONTROL/PHASE_1_ARCHITECTURE_NORMALIZATION/HANDOFFS/HO-WP-P01-017.yaml","application/x-yaml","305","2026-10-01T07:34:27.697470+00:00","libfile_c42f8ba2d8b8819184261244e68b3005","file_00000000212482119669dfa477193f3e","text-source"
"00_CONTROL/PHASE_1_ARCHITECTURE_NORMALIZATION/HANDOFFS/HO-WP-P01-018.yaml","application/x-yaml","305","2026-10-01T07:34:39.283795+00:00","libfile_f0ff283750988191be68173aceeb8c88","file_000000006f48821197b7002812954641","text-source"
"00_CONTROL/PHASE_1_ARCHITECTURE_NORMALIZATION/HANDOFFS/HO-WP-P01-019.yaml","application/x-yaml","305","2026-10-01T07:34:50.867222+00:00","libfile_287b6a4656908191bfa317a90cc4db5e","file_000000001eb88211bf0c09a9de178d5c","text-source"
"00_CONTROL/PHASE_1_ARCHITECTURE_NORMALIZATION/HANDOFFS/HO-WP-P01-020.yaml","application/x-yaml","305","2026-10-01T07:35:02.233547+00:00","libfile_f0bf57040e4c81918cb2576a31490ae8","file_0000000015b48211ae11c66b13992c4f","text-source"
"00_CONTROL/PHASE_1_ARCHITECTURE_NORMALIZATION/HANDOFFS/HO-WP-P01-021.yaml","application/x-yaml","305","2026-10-01T07:35:13.343366+00:00","libfile_73f122789954819195cfb19c4a5958b2","file_00000000e6308207a5cbfe51fdffa82d","text-source"
"00_CONTROL/PHASE_1_ARCHITECTURE_NORMALIZATION/HANDOFFS/HO-WP-P01-022.yaml","application/x-yaml","305","2026-10-01T07:35:24.780605+00:00","libfile_30ca0be6d3b4819193eb386184a65255","file_0000000091e88211886548bb30490400","text-source"
"00_CONTROL/PHASE_1_ARCHITECTURE_NORMALIZATION/HANDOFFS/HO-WP-P01-023.yaml","application/x-yaml","305","2026-10-01T07:35:36.487947+00:00","libfile_beed43b49dbc8191bf74a6f60533d0b3","file_0000000079d88211bac964e7b9ebafc1","text-source"
"00_CONTROL/PHASE_1_ARCHITECTURE_NORMALIZATION/HANDOFFS/HO-WP-P01-024.yaml","application/x-yaml","305","2026-10-01T07:35:47.808250+00:00","libfile_4c768758cfb0819195dedeb8fca21e2c","file_00000000fbfc8211ab2e4ee1f69470e3","text-source"
"00_CONTROL/PHASE_1_ARCHITECTURE_NORMALIZATION/HANDOFFS/HO-WP-P01-025.yaml","application/x-yaml","305","2026-10-01T07:35:59.452828+00:00","libfile_256c6a498bec819184d683f998afa1f4","file_000000003bfc82069145d9aff51756d9","text-source"
"00_CONTROL/PHASE_1_ARCHITECTURE_NORMALIZATION/HANDOFFS/HO-WP-P01-026.yaml","application/x-yaml","305","2026-10-01T07:36:10.676506+00:00","libfile_15a5ca9b8fc881919b547b32c9edc0c0","file_00000000833c8206884b0008317452ee","text-source"
"00_CONTROL/PHASE_1_ARCHITECTURE_NORMALIZATION/HANDOFFS/HO-WP-P01-027.yaml","application/x-yaml","305","2026-10-01T07:36:22.309238+00:00","libfile_408c58216378819185d36d6bb132358c","file_0000000062e08207be730085afa7719d","text-source"
"00_CONTROL/PHASE_1_ARCHITECTURE_NORMALIZATION/HANDOFFS/HO-WP-P01-028.yaml","application/x-yaml","305","2026-10-01T07:36:39.283648+00:00","libfile_feeea2aff3c481918cf1b9e0de0345b3","file_00000000ada4820899f9c5aaf3500b80","text-source"
"00_CONTROL/PHASE_1_ARCHITECTURE_NORMALIZATION/HANDOFFS/HO-WP-P01-029.yaml","application/x-yaml","305","2026-10-01T07:36:50.360893+00:00","libfile_49eadadccbf081919cad2ba20bdd2556","file_00000000979082118bfd420f2b6fcbe9","text-source"
"00_CONTROL/PHASE_1_ARCHITECTURE_NORMALIZATION/HANDOFFS/HO-WP-P01-030.yaml","application/x-yaml","305","2026-10-01T07:37:01.976211+00:00","libfile_ab4ec0dd7a2c8191964840d7e89aa14c","file_00000000c3a082119c8409bbde636bb6","text-source"
"00_CONTROL/PHASE_1_ARCHITECTURE_NORMALIZATION/HANDOFFS/HO-WP-P01-031.yaml","application/x-yaml","305","2026-10-01T07:37:13.506494+00:00","libfile_af4102d8f9d48191945bbab2f0968b39","file_000000000e68821198e1ba0b93c2765d","text-source"
"00_CONTROL/PHASE_1_ARCHITECTURE_NORMALIZATION/HANDOFFS/HO-WP-P01-032.yaml","application/x-yaml","305","2026-10-01T07:37:24.751632+00:00","libfile_35eb4b67b6088191a846736b58e9d1db","file_000000006e5882118347d2112a4fb2de","text-source"
"00_CONTROL/PHASE_1_ARCHITECTURE_NORMALIZATION/HANDOFFS/HO-WP-P01-033.yaml","application/x-yaml","305","2026-10-01T07:37:36.264301+00:00","libfile_877085603284819189f6289c27f813b9","file_00000000c054821180215840eeee65e5","text-source"
"00_CONTROL/PHASE_2_DEPENDENCY_SYNAPSE_GRAPH/HANDOFFS/HO-WP-P02-001.yaml","application/yaml","473","2026-10-01T23:49:01.948836+00:00","libfile_2b0484571dc08191b00a696d8020d6f9","file_00000000f16081f58ee47c9ed08c5d8d","text-source"
"00_CONTROL/PHASE_2_DEPENDENCY_SYNAPSE_GRAPH/HANDOFFS/HO-WP-P02-002.yaml","application/yaml","473","2026-10-01T23:49:01.885883+00:00","libfile_86d6bbed336c81918a95ead98bc41686","file_000000009ef081f598e1f7b930f50b22","text-source"
"00_CONTROL/PHASE_2_DEPENDENCY_SYNAPSE_GRAPH/HANDOFFS/HO-WP-P02-003.yaml","application/yaml","473","2026-10-01T23:49:07.944964+00:00","libfile_397988f6474481919fd917c175134d1c","file_00000000f19881f59f557f719d26e5d9","text-source"
"00_CONTROL/PHASE_2_DEPENDENCY_SYNAPSE_GRAPH/HANDOFFS/HO-WP-P02-004.yaml","application/yaml","473","2026-10-01T23:49:07.924560+00:00","libfile_62393e2148308191b169b147db736fa3","file_00000000cdb481f5afb8e66f85f55151","text-source"
"00_CONTROL/PHASE_2_DEPENDENCY_SYNAPSE_GRAPH/HANDOFFS/HO-WP-P02-005.yaml","application/yaml","473","2026-10-01T23:49:07.943139+00:00","libfile_8c1f2fb16d3c819180d66a3a1f34523a","file_000000007f1881f5b7cf9b92afb7fcac","text-source"
"00_CONTROL/PHASE_2_DEPENDENCY_SYNAPSE_GRAPH/HANDOFFS/HO-WP-P02-006.yaml","application/yaml","473","2026-10-01T23:49:07.919793+00:00","libfile_0c9798efd1a481918bb389e5ddc45ad1","file_00000000b3d481f5b523d095231177cf","text-source"
"00_CONTROL/PHASE_2_DEPENDENCY_SYNAPSE_GRAPH/HANDOFFS/HO-WP-P02-007.yaml","application/yaml","473","2026-10-01T23:49:07.940015+00:00","libfile_033b38dfd82481918a067e97f47cfbae","file_00000000246481f58bc165213352155c","text-source"
"00_CONTROL/PHASE_2_DEPENDENCY_SYNAPSE_GRAPH/HANDOFFS/HO-WP-P02-008.yaml","application/yaml","473","2026-10-01T23:49:07.938535+00:00","libfile_320a142c3b688191a8cabebdedb42695","file_00000000838881f597cb1ebcae7f7377","text-source"
"00_CONTROL/PHASE_2_DEPENDENCY_SYNAPSE_GRAPH/HANDOFFS/HO-WP-P02-009.yaml","application/yaml","473","2026-10-01T23:49:07.960286+00:00","libfile_82a1ad88ab108191b3b406cf4aec256d","file_000000008eb481f59d9effa5432a2174","text-source"
"00_CONTROL/PHASE_2_DEPENDENCY_SYNAPSE_GRAPH/HANDOFFS/HO-WP-P02-010.yaml","application/yaml","473","2026-10-01T23:49:07.977517+00:00","libfile_7cda0e21b24c81919e4c47db77471ba0","file_00000000bf5c81f59c91e2f972cbb291","text-source"
"00_CONTROL/PHASE_2_DEPENDENCY_SYNAPSE_GRAPH/HANDOFFS/HO-WP-P02-011.yaml","application/yaml","473","2026-10-01T23:49:08.012985+00:00","libfile_6169e95e33b081918ed608bec73884f1","file_000000004fd481f5a4e53a8b1302152a","text-source"
"00_CONTROL/PHASE_2_DEPENDENCY_SYNAPSE_GRAPH/HANDOFFS/HO-WP-P02-012.yaml","application/yaml","473","2026-10-01T23:49:07.932764+00:00","libfile_0053aef562008191a327bbca409000c6","file_00000000f6d481f5a26c10fbeb96480f","text-source"
"00_CONTROL/PHASE_2_DEPENDENCY_SYNAPSE_GRAPH/HANDOFFS/HO-WP-P02-013.yaml","application/yaml","473","2026-10-01T23:49:07.963287+00:00","libfile_a6892c9ffa548191bb1e06bd54866ad7","file_00000000ebc481f59452ae92ab4b6354","text-source"
"00_CONTROL/PHASE_2_DEPENDENCY_SYNAPSE_GRAPH/HANDOFFS/HO-WP-P02-014.yaml","application/yaml","473","2026-10-01T23:49:07.961789+00:00","libfile_0ab496e895c88191b27381ff1ddf5910","file_00000000c2c881f5b5fb7b8fecacbb32","text-source"
"00_CONTROL/PHASE_2_DEPENDENCY_SYNAPSE_GRAPH/HANDOFFS/HO-WP-P02-015.yaml","application/yaml","473","2026-10-01T23:49:07.935018+00:00","libfile_0aea5142fa5081918b91ca8e4d54343f","file_000000004c7481f5b12dc8f2b0189e46","text-source"
"00_CONTROL/PHASE_2_DEPENDENCY_SYNAPSE_GRAPH/HANDOFFS/HO-WP-P02-016.yaml","application/yaml","473","2026-10-01T23:49:07.982192+00:00","libfile_3640b123eed08191b7ababf5523efa09","file_00000000d02481f5a5a2eae6dbd1bb13","text-source"
"00_CONTROL/PHASE_2_DEPENDENCY_SYNAPSE_GRAPH/HANDOFFS/HO-WP-P02-017.yaml","application/yaml","473","2026-10-01T23:49:07.923023+00:00","libfile_fe2d512260188191b5e29635f074853f","file_00000000f98481f5ba212f7cc71e9ba5","text-source"
"00_CONTROL/PHASE_2_DEPENDENCY_SYNAPSE_GRAPH/HANDOFFS/HO-WP-P02-018.yaml","application/yaml","473","2026-10-01T23:49:07.991353+00:00","libfile_c8c1ad9d7e7c81918969deb2d1b8da01","file_00000000ec9881f5b5bc036a073a02fe","text-source"
"00_CONTROL/PHASE_2_DEPENDENCY_SYNAPSE_GRAPH/HANDOFFS/HO-WP-P02-019.yaml","application/yaml","473","2026-10-01T23:49:07.958035+00:00","libfile_786efe7586408191ab21fbe092fb05aa","file_00000000825881f5b8d5427203f0dd92","text-source"
"00_CONTROL/PHASE_2_DEPENDENCY_SYNAPSE_GRAPH/HANDOFFS/HO-WP-P02-020.yaml","application/yaml","473","2026-10-01T23:49:07.936594+00:00","libfile_aad9dc05b9c081919e77cffbf668b66f","file_0000000020d481f58841445381640c26","text-source"
"00_CONTROL/PHASE_2_DEPENDENCY_SYNAPSE_GRAPH/HANDOFFS/HO-WP-P02-021.yaml","application/yaml","473","2026-10-01T23:49:07.979188+00:00","libfile_aafd189f1fb4819191077acea07a786e","file_0000000065f881f58dcee9a31f660e19","text-source"
"00_CONTROL/PHASE_2_DEPENDENCY_SYNAPSE_GRAPH/HANDOFFS/HO-WP-P02-022.yaml","application/yaml","473","2026-10-01T23:49:08.926118+00:00","libfile_ce5b437cf71c8191957d73f4385a75bb","file_0000000081dc81f59e37f920172d9b6b","text-source"
"00_CONTROL/PHASE_2_DEPENDENCY_SYNAPSE_GRAPH/HANDOFFS/HO-WP-P02-023.yaml","application/yaml","473","2026-10-01T23:49:11.558520+00:00","libfile_15e7b4f110fc8191957ea7621bb33451","file_00000000632881f598ac57b1e47ea6ec","text-source"
"00_CONTROL/PHASE_2_DEPENDENCY_SYNAPSE_GRAPH/HANDOFFS/HO-WP-P02-024.yaml","application/yaml","473","2026-10-01T23:49:11.588388+00:00","libfile_c1757d86706c819196fb301bf68344de","file_000000000aa081f5a086f4cb67266b5a","text-source"
"00_CONTROL/PHASE_2_DEPENDENCY_SYNAPSE_GRAPH/HANDOFFS/HO-WP-P02-025.yaml","application/yaml","473","2026-10-01T23:49:11.543596+00:00","libfile_5f70e541c9b88191b769f70bf1142b51","file_000000009b0c81f5b29793133926611a","text-source"
"00_CONTROL/PHASE_2_DEPENDENCY_SYNAPSE_GRAPH/HANDOFFS/HO-WP-P02-026.yaml","application/yaml","473","2026-10-01T23:49:11.530962+00:00","libfile_48b366477afc8191a8779819a530d24d","file_00000000f34881f59cacb1987f39808a","text-source"
"00_CONTROL/PHASE_2_DEPENDENCY_SYNAPSE_GRAPH/HANDOFFS/HO-WP-P02-027.yaml","application/yaml","473","2026-10-01T23:49:11.539856+00:00","libfile_b07f575fddd48191ab4acc154ea8b839","file_00000000aeac81f58a0186a5281cffa1","text-source"
"00_CONTROL/PHASE_2_DEPENDENCY_SYNAPSE_GRAPH/HANDOFFS/HO-WP-P02-028.yaml","application/yaml","452","2026-10-01T23:49:11.554515+00:00","libfile_981d1df72a08819199c04c1996f00c92","file_00000000796c81f59934e172ed205c4c","text-source"
"00_CONTROL/PHASE_2_DEPENDENCY_SYNAPSE_GRAPH/HANDOFFS/HO-WP-P02-029.yaml","application/yaml","462","2026-10-01T23:49:11.550178+00:00","libfile_ae0d33380810819197c3f960c03453f3","file_00000000491081f5bd7c1686c59cb9ec","text-source"
"00_CONTROL/PHASE_2_DEPENDENCY_SYNAPSE_GRAPH/HANDOFFS/HO-WP-P02-030.yaml","application/yaml","459","2026-10-01T23:49:11.547862+00:00","libfile_3e73edfbb6388191a292fbf6a84f778b","file_00000000220481f5acea463d149dc34d","text-source"
"00_CONTROL/PHASE_2_DEPENDENCY_SYNAPSE_GRAPH/HANDOFFS/HO-WP-P02-031.yaml","application/yaml","456","2026-10-01T23:49:11.647578+00:00","libfile_839a332bccf48191a1a32566f26a917c","file_000000004a5481f583c2377bf61538d3","text-source"
"00_CONTROL/PHASE_2_DEPENDENCY_SYNAPSE_GRAPH/HANDOFFS/HO-WP-P02-032.yaml","application/yaml","456","2026-10-01T23:49:11.668476+00:00","libfile_a9f1f089766c8191a99773fb82f36784","file_000000008cf081f5ae24c59785aff44b","text-source"
"00_CONTROL/PHASE_2_DEPENDENCY_SYNAPSE_GRAPH/HANDOFFS/HO-WP-P02-033.yaml","application/yaml","449","2026-10-01T23:49:11.611853+00:00","libfile_632a6fbcde6c819189cc827dc9c1014d","file_0000000025f081f5a73b93de3b7fb554","text-source"
"00_CONTROL/PHASE_2_DEPENDENCY_SYNAPSE_GRAPH/HANDOFFS/HO-WP-P02-034.yaml","application/yaml","450","2026-10-01T23:49:11.607199+00:00","libfile_f1279e504d1c819193e6d3c7da82fd73","file_000000008a8081f5a20d37aea6ee3ec5","text-source"
"00_CONTROL/PHASE_2_DEPENDENCY_SYNAPSE_GRAPH/HANDOFFS/HO-WP-P02-035.yaml","application/yaml","465","2026-10-01T23:49:11.563429+00:00","libfile_7d1af26507548191a0948d927bff4173","file_00000000fbf481f5b5b542e7db422057","text-source"
"00_CONTROL/PHASE_2_DEPENDENCY_SYNAPSE_GRAPH/HANDOFFS/HO-WP-P02-036.yaml","application/yaml","459","2026-10-01T23:49:11.560442+00:00","libfile_5967b91466f88191b7504178be0324eb","file_0000000095f881f58a2b52cf26fefce9","text-source"
"00_CONTROL/PHASE_2_DEPENDENCY_SYNAPSE_GRAPH/HANDOFFS/HO-WP-P02-037.yaml","application/yaml","454","2026-10-01T23:49:11.590250+00:00","libfile_f8a7b90ed4a08191b523eca2c8970991","file_00000000f2cc81f5a9789d185cf54a9c","text-source"
"00_CONTROL/PHASE_2_DEPENDENCY_SYNAPSE_GRAPH/HANDOFFS/HO-WP-P02-038.yaml","application/yaml","451","2026-10-01T23:49:11.615732+00:00","libfile_eaf8b5bd8e8c81919881a5b22d499ea8","file_00000000667c81f5ba021a913168eb55","text-source"
"00_CONTROL/PHASE_2_DEPENDENCY_SYNAPSE_GRAPH/HANDOFFS/HO-WP-P02-039.yaml","application/yaml","461","2026-10-01T23:49:11.523374+00:00","libfile_6f15e1e6db148191b11f7ccbba98bc68","file_00000000f05081f5a52fa4b87f617d2d","text-source"
"00_CONTROL/PHASE_2_DEPENDENCY_SYNAPSE_GRAPH/HANDOFFS/HO-WP-P02-040.yaml","application/yaml","455","2026-10-01T23:49:11.663836+00:00","libfile_16899aa7ba788191abac35fbfbce5e2f","file_00000000459081f585dd968c4db4ac42","text-source"
"00_CONTROL/PHASE_2_DEPENDENCY_SYNAPSE_GRAPH/HANDOFFS/HO-WP-P02-041.yaml","application/yaml","449","2026-10-01T23:49:11.685617+00:00","libfile_2ef58dc1bdb48191950b2e244e58ba64","file_000000004c5881f5a26988778ee7244e","text-source"
"00_CONTROL/PHASE_2_DEPENDENCY_SYNAPSE_GRAPH/HANDOFFS/HO-WP-P02-042.yaml","application/yaml","453","2026-10-01T23:49:11.536074+00:00","libfile_1ea19a5b8a5c81919e4ef4ab0e3aef61","file_000000004d2481f5a40850b2b314e572","text-source"
"00_CONTROL/PHASE_2_DEPENDENCY_SYNAPSE_GRAPH/HANDOFFS/HO-WP-P02-043.yaml","application/yaml","475","2026-10-01T23:49:15.721641+00:00","libfile_db301d0722b88191aea732906c02467f","file_00000000487481f59c32c28aff5782e8","text-source"
"00_CONTROL/PHASE_2_DEPENDENCY_SYNAPSE_GRAPH/HANDOFFS/HO-WP-P02-044.yaml","application/yaml","456","2026-10-01T23:49:15.765019+00:00","libfile_3c5c4112d4b88191b11127c7b571e34d","file_00000000624081f5b1a03308c70c3bda","text-source"
"00_CONTROL/PHASE_2_DEPENDENCY_SYNAPSE_GRAPH/HANDOFFS/HO-WP-P02-045.yaml","application/yaml","467","2026-10-01T23:49:15.748351+00:00","libfile_4034629eb9e88191b958a133a0e29179","file_00000000970c81f5823c86c8f7526198","text-source"
"00_CONTROL/PHASE_2_DEPENDENCY_SYNAPSE_GRAPH/HANDOFFS/HO-WP-P02-046.yaml","application/yaml","475","2026-10-01T23:49:15.724509+00:00","libfile_8da345a17fc48191b86b06546963d7b8","file_00000000053881f5a5ef932a0666a085","text-source"
"00_CONTROL/PHASE_2_DEPENDENCY_SYNAPSE_GRAPH/HANDOFFS/HO-WP-P02-047.yaml","application/yaml","383","2026-10-01T23:49:15.841779+00:00","libfile_90c3aa18aa7081919235adbfd09e06f9","file_0000000059c881f59f1a33480f0f493e","text-source"
"00_CONTROL/PHASE_2_DEPENDENCY_SYNAPSE_GRAPH/HANDOFFS/HO-WP-P02-048.yaml","application/yaml","386","2026-10-01T23:49:15.933046+00:00","libfile_a1bcbe4f936081918b1dda0983d191c4","file_000000007a7081f58044da1c9ef0b34c","text-source"
"00_CONTROL/PHASE_2_DEPENDENCY_SYNAPSE_GRAPH/HANDOFFS/HO-WP-P02-049.yaml","application/yaml","382","2026-10-01T23:49:15.823831+00:00","libfile_e1a1fc86916c8191a2e1877e8625a92e","file_00000000226481f58bcb7db80091ed0d","text-source"
"00_CONTROL/PHASE_2_DEPENDENCY_SYNAPSE_GRAPH/HANDOFFS/HO-WP-P02-050.yaml","application/yaml","385","2026-10-01T23:49:15.707548+00:00","libfile_b944d41929b8819184f5984d2eea14fa","file_0000000079e881f58d97db80cdceb0e1","text-source"
"00_CONTROL/PHASE_2_DEPENDENCY_SYNAPSE_GRAPH/HANDOFFS/HO-WP-P02-051.yaml","application/yaml","383","2026-10-01T23:49:15.720186+00:00","libfile_a08059fb5738819184d2c96d4c88578d","file_0000000075ac81f58ea3579a78eb4815","text-source"
"00_CONTROL/PHASE_2_DEPENDENCY_SYNAPSE_GRAPH/HANDOFFS/HO-WP-P02-052.yaml","application/yaml","382","2026-10-01T23:49:15.763461+00:00","libfile_6a3b4c2d6f0881919988e82677bd7a6e","file_000000004ac481f5833885b6f72295ce","text-source"
"00_CONTROL/PHASE_2_DEPENDENCY_SYNAPSE_GRAPH/HANDOFFS/HO-WP-P02-053.yaml","application/yaml","382","2026-10-01T23:49:15.831240+00:00","libfile_5d55ff798e3081918c86736822004cdd","file_00000000d79c81f5add5186e61ce19eb","text-source"
"00_CONTROL/PHASE_2_DEPENDENCY_SYNAPSE_GRAPH/HANDOFFS/HO-WP-P02-054.yaml","application/yaml","383","2026-10-01T23:49:15.768148+00:00","libfile_3165b27e667881919d8b11e448d62890","file_00000000e3e081f5adede4e0bec2cd4a","text-source"
"00_CONTROL/PHASE_2_DEPENDENCY_SYNAPSE_GRAPH/HANDOFFS/HO-WP-P02-055.yaml","application/yaml","387","2026-10-01T23:49:15.799181+00:00","libfile_da02a81264ec8191aba2a43e37a8a649","file_00000000a82881f5a888e2e6ceaf68eb","text-source"
"00_CONTROL/PHASE_2_DEPENDENCY_SYNAPSE_GRAPH/HANDOFFS/HO-WP-P02-056.yaml","application/yaml","383","2026-10-01T23:49:15.742371+00:00","libfile_92709bb2670c819196e99c9e26bcae05","file_00000000cf0481f585f2e2175c88a4a7","text-source"
"00_CONTROL/PHASE_2_DEPENDENCY_SYNAPSE_GRAPH/HANDOFFS/HO-WP-P02-057.yaml","application/yaml","420","2026-10-01T23:49:15.716964+00:00","libfile_adf8427107e48191a89ed034b3b40b6d","file_000000007ea481f5b00b75553b1de6e8","text-source"
"00_CONTROL/PHASE_2_DEPENDENCY_SYNAPSE_GRAPH/HANDOFFS/HO-WP-P02-058.yaml","application/yaml","420","2026-10-01T23:49:15.710183+00:00","libfile_c77be7be7538819198650b2b331a70a6","file_00000000267881f5afe77d0278f3d2b9","text-source"
"00_CONTROL/PHASE_2_DEPENDENCY_SYNAPSE_GRAPH/HANDOFFS/HO-WP-P02-059.yaml","application/yaml","422","2026-10-01T23:49:15.828640+00:00","libfile_eb60e9fa85f48191a6f2fcaa2cc94c54","file_00000000359c81f59c04a474a0684620","text-source"
"00_CONTROL/PHASE_2_DEPENDENCY_SYNAPSE_GRAPH/HANDOFFS/HO-WP-P02-060.yaml","application/yaml","416","2026-10-01T23:49:15.727383+00:00","libfile_2fe195be64008191aef9c29c3dd39b38","file_000000009c8081f5a3b466b7964751bb","text-source"
"00_CONTROL/PHASE_2_DEPENDENCY_SYNAPSE_GRAPH/HANDOFFS/HO-WP-P02-061.yaml","application/yaml","412","2026-10-01T23:49:15.878436+00:00","libfile_9f5f95334d6481918a5cf2d6ee45634d","file_0000000087f881f5933fcb18bb6a9a1b","text-source"
"00_CONTROL/PHASE_2_DEPENDENCY_SYNAPSE_GRAPH/HANDOFFS/HO-WP-P02-062.yaml","application/yaml","402","2026-10-01T23:49:15.746313+00:00","libfile_a504ef7ac7848191a79773aa4fcbfada","file_00000000dd0c81f5a3f24f7124de7272","text-source"
"00_CONTROL/PHASE_2_DEPENDENCY_SYNAPSE_GRAPH/HANDOFFS/HO-WP-P02-063.yaml","application/yaml","410","2026-10-01T23:49:20.123657+00:00","libfile_cd0c7d10031081919d13c68b918ce7ca","file_0000000045e881f6873bf79db9f2d658","text-source"
"00_CONTROL/PHASE_2_DEPENDENCY_SYNAPSE_GRAPH/HANDOFFS/HO-WP-P02-064.yaml","application/yaml","408","2026-10-01T23:49:20.110427+00:00","libfile_acaf6057f8588191be99d13d44b9a0f7","file_00000000310c81f6bfd158a40509d42f","text-source"
"00_CONTROL/PHASE_2_DEPENDENCY_SYNAPSE_GRAPH/HANDOFFS/HO-WP-P02-065.yaml","application/yaml","398","2026-10-01T23:49:20.135681+00:00","libfile_a52bb726d1288191a948f7f858614fe2","file_00000000958881f6a3c19cb355374d77","text-source"
"00_CONTROL/PHASE_2_DEPENDENCY_SYNAPSE_GRAPH/HANDOFFS/HO-WP-P02-066.yaml","application/yaml","408","2026-10-01T23:49:20.120408+00:00","libfile_8a695eb331c88191977e94a3d58ca33a","file_00000000978c81f69ff5bacf139ffbb2","text-source"
"00_CONTROL/PHASE_2_DEPENDENCY_SYNAPSE_GRAPH/HANDOFFS/HO-WP-P02-067.yaml","application/yaml","394","2026-10-01T23:49:20.113606+00:00","libfile_8f56bf2ad67081919877d90127b592c6","file_00000000ef2081f68b380b6c53d9fcaf","text-source"
"00_CONTROL/PHASE_2_DEPENDENCY_SYNAPSE_GRAPH/HANDOFFS/HO-WP-P02-068.yaml","application/yaml","406","2026-10-01T23:49:20.181360+00:00","libfile_67b2218b1f288191b79f4ad1e6f7aafd","file_00000000797881f6929dfe93c499a290","text-source"
"00_CONTROL/PHASE_2_DEPENDENCY_SYNAPSE_GRAPH/HANDOFFS/HO-WP-P02-069.yaml","application/yaml","396","2026-10-01T23:49:20.115251+00:00","libfile_0a53bb82d0348191836ec1af117cc62e","file_000000008ad081f6a569a3491e068791","text-source"
"00_CONTROL/PHASE_2_DEPENDENCY_SYNAPSE_GRAPH/HANDOFFS/HO-WP-P02-070.yaml","application/yaml","388","2026-10-01T23:49:20.122135+00:00","libfile_3c9f4ca7da048191b1c4acfa4a8ee3b0","file_000000000fd881f68aa81e823d336312","text-source"
"00_CONTROL/PHASE_2_DEPENDENCY_SYNAPSE_GRAPH/HANDOFFS/HO-WP-P02-071.yaml","application/yaml","388","2026-10-01T23:49:20.092041+00:00","libfile_da76270628748191be3964c038868825","file_00000000457881f69802ef6107b1e007","text-source"
"00_CONTROL/PHASE_2_DEPENDENCY_SYNAPSE_GRAPH/HANDOFFS/HO-WP-P02-072.yaml","application/yaml","378","2026-10-01T23:49:20.095139+00:00","libfile_8ce2244d8e1081918440b02f97ec7650","file_000000008bac81f6a6e9103387f0997f","text-source"
"00_CONTROL/PHASE_3_RESEARCH_INFRASTRUCTURE/HANDOFFS/HO-WP-P03-001.yaml","application/x-yaml","427","2026-10-01T08:57:33.960772+00:00","libfile_3548efc73818819196a7848acfdda130","file_000000002d148207b91015dcd769c333","text-source"
"00_CONTROL/PHASE_3_RESEARCH_INFRASTRUCTURE/HANDOFFS/HO-WP-P03-002.yaml","application/x-yaml","434","2026-10-01T08:57:44.736019+00:00","libfile_5bb842611bc88191848b212fb5e9015e","file_00000000df5082079da7f695359ff6da","text-source"
"00_CONTROL/PHASE_3_RESEARCH_INFRASTRUCTURE/HANDOFFS/HO-WP-P03-003.yaml","application/x-yaml","425","2026-10-01T08:57:55.451858+00:00","libfile_58fcb0cf09048191be232e7de83312d2","file_0000000082288207a6f9d55e8596637e","text-source"
"00_CONTROL/PHASE_3_RESEARCH_INFRASTRUCTURE/HANDOFFS/HO-WP-P03-004.yaml","application/x-yaml","425","2026-10-01T08:58:06.478704+00:00","libfile_c90fa4f4814c8191aff7c994116398e9","file_00000000ae7082068a6b472193b89259","text-source"
"00_CONTROL/PHASE_3_RESEARCH_INFRASTRUCTURE/HANDOFFS/HO-WP-P03-005.yaml","application/x-yaml","424","2026-10-01T08:58:17.538785+00:00","libfile_4d11cdf8aec08191a6f008789cf3f4c3","file_000000003d608211a14af4d978cab7a2","text-source"
"00_CONTROL/PHASE_3_RESEARCH_INFRASTRUCTURE/HANDOFFS/HO-WP-P03-006.yaml","application/x-yaml","437","2026-10-01T08:58:28.646650+00:00","libfile_01623d4889d8819187f031b5d14983aa","file_000000004968821195c82e613834a789","text-source"
"00_CONTROL/PHASE_3_RESEARCH_INFRASTRUCTURE/HANDOFFS/HO-WP-P03-007.yaml","application/x-yaml","406","2026-10-01T08:58:39.883447+00:00","libfile_2f252661070c81918155ee1fccd6771a","file_0000000078a88211803db8cf989b254a","text-source"
"00_CONTROL/PHASE_3_RESEARCH_INFRASTRUCTURE/HANDOFFS/HO-WP-P03-008.yaml","application/x-yaml","428","2026-10-01T08:58:50.683068+00:00","libfile_1499e0448ca08191b19d2b8deb133c7b","file_000000006d708207a4336bf85ce7916b","text-source"
"00_CONTROL/PHASE_3_RESEARCH_INFRASTRUCTURE/HANDOFFS/HO-WP-P03-009.yaml","application/x-yaml","414","2026-10-01T08:59:02.325050+00:00","libfile_3db0fed95d2881918a1d8cf2ea8c2e8d","file_00000000919882119dad5bb8774731a8","text-source"
"00_CONTROL/PHASE_3_RESEARCH_INFRASTRUCTURE/HANDOFFS/HO-WP-P03-010.yaml","application/x-yaml","424","2026-10-01T08:59:13.378234+00:00","libfile_da831e1880b08191bb7db0df0603b6bb","file_0000000084a482119e607b7b8b595334","text-source"
"00_CONTROL/PHASE_3_RESEARCH_INFRASTRUCTURE/HANDOFFS/HO-WP-P03-011.yaml","application/x-yaml","408","2026-10-01T08:59:30.275090+00:00","libfile_2932a397b900819195491f12d63a9d5f","file_000000003a6482078ef8f5a4703c7f3c","text-source"
"00_CONTROL/PHASE_3_RESEARCH_INFRASTRUCTURE/HANDOFFS/HO-WP-P03-012.yaml","application/x-yaml","408","2026-10-01T08:59:41.427934+00:00","libfile_046081f442cc8191af9d6848a866645e","file_000000002958821192cc4701bd633648","text-source"
"00_CONTROL/PHASE_3_RESEARCH_INFRASTRUCTURE/HANDOFFS/HO-WP-P03-013.yaml","application/x-yaml","441","2026-10-01T08:59:52.188890+00:00","libfile_a9799ed5cb2c819189ef0434e06281ec","file_0000000028b0820784471a4657f6e4c6","text-source"
"00_CONTROL/PHASE_3_RESEARCH_INFRASTRUCTURE/HANDOFFS/HO-WP-P03-014.yaml","application/x-yaml","438","2026-10-01T09:00:03.317502+00:00","libfile_db29e58293508191be4c7fbf3556f883","file_000000007e4082119ed395c3b6d52694","text-source"
"00_CONTROL/PHASE_4_FOUNDATION_KNOWLEDGE/HANDOFFS/HO-WP-P04-001.yaml","application/x-yaml","339","2026-10-01T09:25:35.016110+00:00","libfile_1c7f3787b0d08191a99c1f6251232f49","file_00000000550082079191ed7df1d114bd","text-source"
"00_CONTROL/PHASE_4_FOUNDATION_KNOWLEDGE/HANDOFFS/HO-WP-P04-002.yaml","application/x-yaml","408","2026-10-01T09:25:46.109398+00:00","libfile_a9527ee6a8488191beed35c835bb5ea8","file_0000000025108211a0c50a411da6b331","text-source"
"00_CONTROL/PHASE_4_FOUNDATION_KNOWLEDGE/HANDOFFS/HO-WP-P04-003.yaml","application/x-yaml","392","2026-10-01T09:25:58.152228+00:00","libfile_b36594b609888191be7f2a131105cbc4","file_00000000e0f88211879e6f04e19d880c","text-source"
"00_CONTROL/PHASE_4_FOUNDATION_KNOWLEDGE/HANDOFFS/HO-WP-P04-004.yaml","application/x-yaml","378","2026-10-01T09:26:10.053130+00:00","libfile_b095d46907e881918bbb2b804a2e7202","file_0000000047548211a756d097f67afecc","text-source"
"00_CONTROL/PHASE_4_FOUNDATION_KNOWLEDGE/HANDOFFS/HO-WP-P04-005.yaml","application/x-yaml","438","2026-10-01T09:26:21.066782+00:00","libfile_af38934309f48191aad0f3bf7adb099d","file_00000000d524820797dd6640da17dc1f","text-source"
"00_CONTROL/PHASE_4_FOUNDATION_KNOWLEDGE/HANDOFFS/HO-WP-P04-006.yaml","application/x-yaml","393","2026-10-01T09:47:06.738896+00:00","libfile_ccd679027b608191b4a2bf3753401705","file_00000000fb3082118e743472daf83f68","text-source"
"00_CONTROL/PHASE_4_FOUNDATION_KNOWLEDGE/HANDOFFS/HO-WP-P04-007.yaml","application/x-yaml","516","2026-10-01T09:47:18.120820+00:00","libfile_4afd3d36dba48191b89afdebaf493738","file_0000000083dc82068e46f5a468e2dd8d","text-source"
"00_CONTROL/PHASE_4_FOUNDATION_KNOWLEDGE/HANDOFFS/HO-WP-P04-008.yaml","application/x-yaml","446","2026-10-01T09:47:29.067821+00:00","libfile_09b7efeb3a088191a78ae230d1a969ad","file_0000000021048211ba692629d96eee96","text-source"
"00_CONTROL/PHASE_4_FOUNDATION_KNOWLEDGE/HANDOFFS/HO-WP-P04-009.yaml","application/x-yaml","432","2026-10-01T09:47:40.691706+00:00","libfile_7328f9ed1600819189a9d311e550d97d","file_00000000a63882118c99965e438de773","text-source"
"00_CONTROL/PHASE_4_FOUNDATION_KNOWLEDGE/HANDOFFS/HO-WP-P04-010.yaml","application/x-yaml","492","2026-10-01T09:47:54.033564+00:00","libfile_ed3adb74e6a48191bcc1a6e923b09f1c","file_000000002df48207aa4c459ca4590302","text-source"
"00_CONTROL/PHASE_4_FOUNDATION_KNOWLEDGE/HANDOFFS/HO-WP-P04-011.yaml","application/x-yaml","327","2026-10-01T10:34:29.110843+00:00","libfile_932df12bb8748191ad7b6a1a0b24ca19","file_0000000066348207a154cb6b7b1a0a61","text-source"
"00_CONTROL/PHASE_4_FOUNDATION_KNOWLEDGE/HANDOFFS/HO-WP-P04-012.yaml","application/x-yaml","330","2026-10-01T10:34:40.978703+00:00","libfile_264f6d1c89908191b2c072989632ce39","file_000000006c4c8211963c8dedf3c992a8","text-source"
"00_CONTROL/PHASE_4_FOUNDATION_KNOWLEDGE/HANDOFFS/HO-WP-P04-013.yaml","application/x-yaml","335","2026-10-01T10:34:52.905787+00:00","libfile_c4eae5ea12f8819192263e787e7105cb","file_0000000029588211b2bb29bb70cafb73","text-source"
"00_CONTROL/PHASE_4_FOUNDATION_KNOWLEDGE/HANDOFFS/HO-WP-P04-014.yaml","application/x-yaml","338","2026-10-01T10:35:05.699589+00:00","libfile_a45bac2b9a6881918ea445f0bc96152e","file_00000000045c82119ed6591828b87fb0","text-source"
"00_CONTROL/PHASE_4_FOUNDATION_KNOWLEDGE/HANDOFFS/HO-WP-P04-015.yaml","application/x-yaml","340","2026-10-01T10:35:17.007566+00:00","libfile_6bbf32b5915c8191b7cfc9d1abd99c99","file_0000000008e4821188fd1e13bb2c216c","text-source"
"00_CONTROL/PHASE_4_FOUNDATION_KNOWLEDGE/HANDOFFS/HO-WP-P04-016.yaml","application/x-yaml","321","2026-10-01T10:59:27.609634+00:00","libfile_504588b7b4a08191904d452446530a79","file_0000000020248208b375aba1444751db","text-source"
"00_CONTROL/PHASE_4_FOUNDATION_KNOWLEDGE/HANDOFFS/HO-WP-P04-017.yaml","application/x-yaml","369","2026-10-01T10:59:38.707609+00:00","libfile_2358ba01e1c48191a9abc4133bb41ca5","file_00000000737082079175f0e771538e6c","text-source"
"00_CONTROL/PHASE_4_FOUNDATION_KNOWLEDGE/HANDOFFS/HO-WP-P04-018.yaml","application/x-yaml","349","2026-10-01T10:59:49.797490+00:00","libfile_6b8d43bc2fb48191b710838c9b7c6c48","file_00000000c6ec8207ace7e8abb042cd6f","text-source"
"00_CONTROL/PHASE_4_FOUNDATION_KNOWLEDGE/HANDOFFS/HO-WP-P04-019.yaml","application/x-yaml","341","2026-10-01T11:00:02.138648+00:00","libfile_edce3f748d6c8191b3c6c72eeb2106c6","file_0000000089908211b529720dbfdf2f2c","text-source"
"00_CONTROL/PHASE_4_FOUNDATION_KNOWLEDGE/HANDOFFS/HO-WP-P04-020.yaml","application/x-yaml","364","2026-10-01T11:00:15.020717+00:00","libfile_960c2868a68081919d57f4dceac22ff7","file_00000000efac82119b2bdd561b22ea4a","text-source"
"00_CONTROL/PHASE_4_FOUNDATION_KNOWLEDGE/HANDOFFS/HO-WP-P04-021.yaml","application/yaml","334","2026-10-01T23:49:35.580326+00:00","libfile_5c7dae6435ac819198c4e01537a0f07c","file_000000003abc81f5bd3a79d573f7d2d4","text-source"
"00_CONTROL/PHASE_4_FOUNDATION_KNOWLEDGE/HANDOFFS/HO-WP-P04-022.yaml","application/yaml","356","2026-10-01T23:49:35.544677+00:00","libfile_ab77e7eeaf4081918039c46d779ec7c5","file_000000001bb081f5be2ecaf457611852","text-source"
"00_CONTROL/PHASE_4_FOUNDATION_KNOWLEDGE/HANDOFFS/HO-WP-P04-023.yaml","application/yaml","370","2026-10-01T23:49:35.537907+00:00","libfile_7e4912e579ac8191bc31a0c539fbd15b","file_000000002c6881f5b5380e7bec948b1c","text-source"
"00_CONTROL/PHASE_4_FOUNDATION_KNOWLEDGE/HANDOFFS/HO-WP-P04-024.yaml","application/yaml","358","2026-10-01T23:49:35.581807+00:00","libfile_22f7c1cf35cc81919cdb1e87028c1afd","file_0000000035a881f59f0697f81567c587","text-source"
"00_CONTROL/PHASE_4_FOUNDATION_KNOWLEDGE/HANDOFFS/HO-WP-P04-025.yaml","application/yaml","383","2026-10-01T23:49:35.548241+00:00","libfile_693ae60db9e481918b6f361648d1a6e8","file_000000004e4481f5ada8c043c6aaa940","text-source"
"00_CONTROL/PHASE_4_FOUNDATION_KNOWLEDGE/HANDOFFS/HO-WP-P04-026.yaml","application/yaml","324","2026-10-01T23:49:35.767673+00:00","libfile_958f5ba0f0b0819195bfbcc8a51c0353","file_00000000196481f59ad639c235c8e944","text-source"
"00_CONTROL/PHASE_4_FOUNDATION_KNOWLEDGE/HANDOFFS/HO-WP-P04-027.yaml","application/yaml","324","2026-10-01T23:49:35.535738+00:00","libfile_fd62fc54da688191965f9515bf16fa88","file_00000000959081f58f1e26ed0b07c78d","text-source"
"00_CONTROL/PHASE_4_FOUNDATION_KNOWLEDGE/HANDOFFS/HO-WP-P04-028.yaml","application/yaml","324","2026-10-01T23:49:35.562577+00:00","libfile_39ce0d1355508191ade52decc90ef653","file_00000000d86881f58bc8afa21dab88ed","text-source"
"00_CONTROL/PHASE_4_FOUNDATION_KNOWLEDGE/HANDOFFS/HO-WP-P04-029.yaml","application/yaml","324","2026-10-01T23:49:35.541511+00:00","libfile_bdab5c089cdc8191ad7b9ffd016dca1f","file_0000000088fc81f5bbe79899e33aac8d","text-source"
"00_CONTROL/PHASE_4_FOUNDATION_KNOWLEDGE/HANDOFFS/HO-WP-P04-030.yaml","application/yaml","333","2026-10-01T23:49:35.539134+00:00","libfile_aa2e1ba25ea88191b47622f9dc3fdbd2","file_0000000090a881f5a3ff761e2d0fadd7","text-source"
"00_CONTROL/PHASE_4_FOUNDATION_KNOWLEDGE/HANDOFFS/HO-WP-P04-031.yaml","application/x-yaml","290","2026-10-01T14:29:01.144138+00:00","libfile_85d912d5e390819185f79d1a9498345a","file_0000000013a0821180bd750194683f64","text-source"
"00_CONTROL/PHASE_4_FOUNDATION_KNOWLEDGE/HANDOFFS/HO-WP-P04-032.yaml","application/x-yaml","296","2026-10-01T14:29:13.396554+00:00","libfile_48158cb6c810819192d96119ec1f1d55","file_000000007f908207bb57b6a0604ce008","text-source"
"00_CONTROL/PHASE_4_FOUNDATION_KNOWLEDGE/HANDOFFS/HO-WP-P04-033.yaml","application/x-yaml","301","2026-10-01T14:32:21.709425+00:00","libfile_831fba8db9108191b36fcbf4598f72a0","file_00000000d1688211896dc2d2406139b9","text-source"
"00_CONTROL/PHASE_4_FOUNDATION_KNOWLEDGE/HANDOFFS/HO-WP-P04-034.yaml","application/x-yaml","299","2026-10-01T14:32:38.183138+00:00","libfile_4fe306d2795c8191a268ff0ba567bf5d","file_0000000029b482118a979326fd5ea3b6","text-source"
"00_CONTROL/PHASE_4_FOUNDATION_KNOWLEDGE/HANDOFFS/HO-WP-P04-035.yaml","application/x-yaml","299","2026-10-01T14:33:00.999557+00:00","libfile_66b2a01600208191be55bd37313d4479","file_00000000e81c8207bcb83884f2755728","text-source"
"00_CONTROL/PHASE_4_FOUNDATION_KNOWLEDGE/HANDOFFS/HO-WP-P04-036.yaml","application/x-yaml","290","2026-10-01T14:58:49.793645+00:00","libfile_354a80c0928081919785e4999906b6bd","file_0000000024f48207b000e685ad3ff215","text-source"
"00_CONTROL/PHASE_4_FOUNDATION_KNOWLEDGE/HANDOFFS/HO-WP-P04-037.yaml","application/x-yaml","296","2026-10-01T14:59:03.175409+00:00","libfile_6bf4a6196ea081919dc210f4a9ea4c71","file_00000000d2f48211b8c0243a3e0e8877","text-source"
"00_CONTROL/PHASE_4_FOUNDATION_KNOWLEDGE/HANDOFFS/HO-WP-P04-038.yaml","application/x-yaml","305","2026-10-01T14:59:32.113412+00:00","libfile_3f4c637e834081919237ef97601343db","file_0000000096f482118341de67978a7187","text-source"
"00_CONTROL/PHASE_4_FOUNDATION_KNOWLEDGE/HANDOFFS/HO-WP-P04-039.yaml","application/x-yaml","305","2026-10-01T14:59:45.109313+00:00","libfile_4d7cfb18c26c8191b250deee7c751e89","file_00000000b29c8211a946a2730863ada9","text-source"
"00_CONTROL/PHASE_4_FOUNDATION_KNOWLEDGE/HANDOFFS/HO-WP-P04-040.yaml","application/x-yaml","299","2026-10-01T15:00:13.262387+00:00","libfile_b9f9e594e7948191b3e7ce486582185a","file_0000000079408211b05351cfe8011a1b","text-source"
"00_CONTROL/PHASE_4_FOUNDATION_KNOWLEDGE/HANDOFFS/HO-WP-P04-041.yaml","application/x-yaml","392","2026-10-01T16:50:45.239357+00:00","libfile_6945854f431081919ae85ba5f27ef3e8","file_000000009ef482119ba5fa78c970a7e7","text-source"
"00_CONTROL/PHASE_4_FOUNDATION_KNOWLEDGE/HANDOFFS/HO-WP-P04-042.yaml","application/x-yaml","461","2026-10-01T16:50:55.051023+00:00","libfile_69ac523ea40c81919198f9c25720487b","file_00000000cbf88211bf4b1b1b217a5823","text-source"
"00_CONTROL/PHASE_4_FOUNDATION_KNOWLEDGE/HANDOFFS/HO-WP-P04-043.yaml","application/x-yaml","445","2026-10-01T16:51:04.644933+00:00","libfile_5030d98623688191a7b05c4c77231c87","file_00000000de008211afac113b1464af38","text-source"
"00_CONTROL/PHASE_4_FOUNDATION_KNOWLEDGE/HANDOFFS/HO-WP-P04-044.yaml","application/x-yaml","431","2026-10-01T16:51:15.560704+00:00","libfile_70afbbf228808191a731569f3affc5e1","file_000000004b5482118f67bd65a25d460f","text-source"
"00_CONTROL/PHASE_4_FOUNDATION_KNOWLEDGE/HANDOFFS/HO-WP-P04-045.yaml","application/x-yaml","492","2026-10-01T16:51:24.896341+00:00","libfile_00abd2dce1688191b9f0dce14447180d","file_00000000256c8211835c27dbb122bf48","text-source"
"00_CONTROL/PHASE_4_FOUNDATION_KNOWLEDGE/HANDOFFS/HO-WP-P04-046.yaml","application/x-yaml","390","2026-10-01T17:19:48.102596+00:00","libfile_ed53acefb7c88191977da57dd2d712b6","file_00000000986c8207b896aaf4f33fc7f5","text-source"
"00_CONTROL/PHASE_4_FOUNDATION_KNOWLEDGE/HANDOFFS/HO-WP-P04-047.yaml","application/x-yaml","459","2026-10-01T17:19:59.166006+00:00","libfile_4399f1bb496481919e89566107cee440","file_00000000f8348211b2f2dde617957665","text-source"
"00_CONTROL/PHASE_4_FOUNDATION_KNOWLEDGE/HANDOFFS/HO-WP-P04-048.yaml","application/x-yaml","443","2026-10-01T17:20:15.426783+00:00","libfile_4bd54ec4dd88819198d824c1b97d1311","file_000000004d908211add91b53aef9581c","text-source"
"00_CONTROL/PHASE_4_FOUNDATION_KNOWLEDGE/HANDOFFS/HO-WP-P04-049.yaml","application/x-yaml","429","2026-10-01T17:20:26.286641+00:00","libfile_2ce9ffc69d7c8191a49e59abd72624e2","file_000000000d388211bef500f18b18a5ff","text-source"
"00_CONTROL/PHASE_4_FOUNDATION_KNOWLEDGE/HANDOFFS/HO-WP-P04-050.yaml","application/x-yaml","490","2026-10-01T17:20:37.457720+00:00","libfile_0e5abfa062cc81919799c5012fabdcf5","file_000000007e108207b7dc03b82e1cb123","text-source"
"00_CONTROL/PHASE_4_FOUNDATION_KNOWLEDGE/HANDOFFS/HO-WP-P04-051.yaml","application/x-yaml","390","2026-10-01T17:38:47.155481+00:00","libfile_00825dc7cb0c81918d2d0e1d3104aa86","file_00000000780c821192d763ce549d7ecc","text-source"
"00_CONTROL/PHASE_4_FOUNDATION_KNOWLEDGE/HANDOFFS/HO-WP-P04-052.yaml","application/x-yaml","459","2026-10-01T17:39:08.245360+00:00","libfile_d68a5bdc7fdc81919f817f205375bb1c","file_000000005f048211b352a956d4bfbba8","text-source"
"00_CONTROL/PHASE_4_FOUNDATION_KNOWLEDGE/HANDOFFS/HO-WP-P04-053.yaml","application/x-yaml","443","2026-10-01T17:39:19.318847+00:00","libfile_4522f488aaec8191881573444f28261b","file_0000000086ec8207a89e9aeab9a99e2f","text-source"
"00_CONTROL/PHASE_4_FOUNDATION_KNOWLEDGE/HANDOFFS/HO-WP-P04-054.yaml","application/x-yaml","429","2026-10-01T17:39:35.355481+00:00","libfile_f1040d2047ec8191a7015bd753463158","file_00000000d258820799aee135433508d8","text-source"
"00_CONTROL/PHASE_4_FOUNDATION_KNOWLEDGE/HANDOFFS/HO-WP-P04-055.yaml","application/x-yaml","490","2026-10-01T17:39:47.024961+00:00","libfile_59522b5d97d48191b378cda6441ffa3b","file_000000004b608207897b0e1023a31223","text-source"
"00_CONTROL/PHASE_4_FOUNDATION_KNOWLEDGE/HANDOFFS/HO-WP-P04-056.yaml","application/x-yaml","392","2026-10-01T19:26:19.534526+00:00","libfile_735f1c2d57f88191a40ec589775d29d5","file_0000000048e08207a0a76fe7798d6714","text-source"
"00_CONTROL/PHASE_4_FOUNDATION_KNOWLEDGE/HANDOFFS/HO-WP-P04-057.yaml","application/x-yaml","461","2026-10-01T19:26:28.544821+00:00","libfile_84efde722a9c8191a3931dfd2ad1770e","file_00000000b60c820796d5dbc1aec14605","text-source"
"00_CONTROL/PHASE_4_FOUNDATION_KNOWLEDGE/HANDOFFS/HO-WP-P04-058.yaml","application/x-yaml","445","2026-10-01T19:26:37.790709+00:00","libfile_1d4abd274a7c8191b8f040132e7bc697","file_00000000d7d48207b1a92f444309c405","text-source"
"00_CONTROL/PHASE_4_FOUNDATION_KNOWLEDGE/HANDOFFS/HO-WP-P04-059.yaml","application/x-yaml","431","2026-10-01T19:26:47.342902+00:00","libfile_4c3bdcec37648191803e36a82122d1dd","file_00000000e3788207a345dd57f22f802e","text-source"
"00_CONTROL/PHASE_4_FOUNDATION_KNOWLEDGE/HANDOFFS/HO-WP-P04-060.yaml","application/x-yaml","492","2026-10-01T19:26:56.874856+00:00","libfile_7a45e635d848819182f047c904406252","file_000000001e188207becb9c28376b5cd2","text-source"
"00_CONTROL/PHASE_4_FOUNDATION_KNOWLEDGE/HANDOFFS/HO-WP-P04-061.yaml","application/x-yaml","299","2026-10-01T21:44:14.253728+00:00","libfile_829b6cab40008191a84afaf716470c43","file_00000000aa8481fab012f5ba1d1ee7dc","text-source"
"00_CONTROL/PHASE_4_FOUNDATION_KNOWLEDGE/HANDOFFS/HO-WP-P04-062.yaml","application/x-yaml","302","2026-10-01T21:44:21.734499+00:00","libfile_58bbd04b170c8191a5d945a2bf42a33b","file_00000000205481fa95c9eaa73bcbd776","text-source"
"00_CONTROL/PHASE_4_FOUNDATION_KNOWLEDGE/HANDOFFS/HO-WP-P04-063.yaml","application/x-yaml","307","2026-10-01T21:44:29.102444+00:00","libfile_dc1616646ffc8191921ca427e62136db","file_00000000de7c81fa867cb0d59bd94bd7","text-source"
"00_CONTROL/PHASE_4_FOUNDATION_KNOWLEDGE/HANDOFFS/HO-WP-P04-064.yaml","application/x-yaml","303","2026-10-01T21:44:36.373138+00:00","libfile_0d8ef0053e10819181f19dc8a65aae09","file_00000000cbe881fab1956a6cf33a7f49","text-source"
"00_CONTROL/PHASE_4_FOUNDATION_KNOWLEDGE/HANDOFFS/HO-WP-P04-065.yaml","application/x-yaml","308","2026-10-01T21:44:43.799228+00:00","libfile_dfef806006248191b851994d732c2ada","file_00000000c1c481fab3c35b44fe672037","text-source"
"00_CONTROL/PHASE_4_FOUNDATION_KNOWLEDGE/HANDOFFS/HO-WP-P04-066.yaml","application/x-yaml","291","2026-10-01T22:17:34.481393+00:00","libfile_99e663f223d08191a99355db0c256a07","file_000000006f7081fa9b003bfc53ffd373","text-source"
"00_CONTROL/PHASE_4_FOUNDATION_KNOWLEDGE/HANDOFFS/HO-WP-P04-067.yaml","application/x-yaml","294","2026-10-01T22:17:42.986480+00:00","libfile_cf7a3ba578588191a670d9b6a2d69912","file_000000004b7881fa972f4c6d66984364","text-source"
"00_CONTROL/PHASE_4_FOUNDATION_KNOWLEDGE/HANDOFFS/HO-WP-P04-068.yaml","application/x-yaml","306","2026-10-01T22:19:34.275405+00:00","libfile_2cd925ce2c488191803d1fbc73a5c3d7","file_00000000962c81fa80187944163464c9","text-source"
"00_CONTROL/PHASE_4_FOUNDATION_KNOWLEDGE/HANDOFFS/HO-WP-P04-069.yaml","application/x-yaml","305","2026-10-01T22:19:42.065406+00:00","libfile_04cda19533508191b7f5f64eb9c27994","file_00000000e2a081faabdeb8f7e95fa87d","text-source"
"00_CONTROL/PHASE_4_FOUNDATION_KNOWLEDGE/HANDOFFS/HO-WP-P04-070.yaml","application/x-yaml","300","2026-10-01T22:19:53.387650+00:00","libfile_3fbb9adde2d08191a838ffbe15e3ca7f","file_00000000053c81fa99928a372ce97b0f","text-source"
"00_CONTROL/PHASE_4_FOUNDATION_KNOWLEDGE/HANDOFFS/HO-WP-P04-071.yaml","application/yaml","507","2026-10-01T23:49:35.585985+00:00","libfile_65460ac2b6408191bda7fa130b254113","file_00000000762481f5852754160a08e37d","text-source"
"00_CONTROL/PHASE_4_FOUNDATION_KNOWLEDGE/HANDOFFS/HO-WP-P04-072.yaml","application/yaml","510","2026-10-01T23:49:35.589870+00:00","libfile_a4bad561191c819198a389d0c90aa6ad","file_00000000cdc881f5aead01b5c72b291a","text-source"
"00_CONTROL/PHASE_4_FOUNDATION_KNOWLEDGE/HANDOFFS/HO-WP-P04-073.yaml","application/yaml","530","2026-10-01T23:49:35.584718+00:00","libfile_b658e75326e08191bd57693690bf9c4f","file_000000000ed481f5bd733d4fe24e0b6f","text-source"
"00_CONTROL/PHASE_4_FOUNDATION_KNOWLEDGE/HANDOFFS/HO-WP-P04-074.yaml","application/yaml","521","2026-10-01T23:49:36.491868+00:00","libfile_3dd87ae19b208191a8bb24e680805b40","file_000000005f0c81f5a998b2b5ec82d432","text-source"
"00_CONTROL/PHASE_4_FOUNDATION_KNOWLEDGE/HANDOFFS/HO-WP-P04-075.yaml","application/yaml","516","2026-10-01T23:49:35.583334+00:00","libfile_62dcfa796b94819183f3c66b8921cbcf","file_00000000ea6081f58eb4e16b18eaf896","text-source"
"00_CONTROL/PHASE_4_FOUNDATION_KNOWLEDGE/HANDOFFS/HO-WP-P04-076.yaml","application/yaml","554","2026-10-02T04:01:16.435768+00:00","libfile_176058a3ddd881919e128d59c41a4e3b","file_00000000c81c81f586ff3792d9411ea6","text-source"
"00_CONTROL/PHASE_4_FOUNDATION_KNOWLEDGE/HANDOFFS/HO-WP-P04-077.yaml","application/yaml","557","2026-10-02T04:01:16.430107+00:00","libfile_ea32842a083881918ad632577eba142b","file_00000000a01c81f5b6d00dd45b9787ba","text-source"
"00_CONTROL/PHASE_4_FOUNDATION_KNOWLEDGE/HANDOFFS/HO-WP-P04-078.yaml","application/yaml","562","2026-10-02T04:01:16.471253+00:00","libfile_3acf595ac9ec81919765f62f556a7e2c","file_00000000c05081f5b7d8770790d50024","text-source"
"00_CONTROL/PHASE_4_FOUNDATION_KNOWLEDGE/HANDOFFS/HO-WP-P04-079.yaml","application/yaml","558","2026-10-02T04:01:16.495687+00:00","libfile_8f6256ff764c81918e6513f74784b144","file_000000004ee481f5adcc95a11428d2e6","text-source"
"00_CONTROL/PHASE_4_FOUNDATION_KNOWLEDGE/HANDOFFS/HO-WP-P04-080.yaml","application/yaml","563","2026-10-02T04:01:16.439032+00:00","libfile_eaa44f0ff9448191b9b4b39c55134f74","file_00000000f01c81f58ab5651ef1f35c2c","text-source"
"00_CONTROL/PHASE_4_FOUNDATION_KNOWLEDGE/HANDOFFS/HO-WP-P04-081.yaml","application/yaml","651","2026-10-02T05:22:27.485167+00:00","libfile_2e46855916708191b87a4715667afd6c","file_00000000253481f69a7304d7f8b0eb8c","text-source"
"00_CONTROL/PHASE_4_FOUNDATION_KNOWLEDGE/HANDOFFS/HO-WP-P04-082.yaml","application/yaml","654","2026-10-02T05:22:27.511962+00:00","libfile_b4d1327bf40881918df35a7c91e82526","file_000000005c7881f6b14ba561033e1343","text-source"
"00_CONTROL/PHASE_4_FOUNDATION_KNOWLEDGE/HANDOFFS/HO-WP-P04-083.yaml","application/yaml","659","2026-10-02T05:22:27.497898+00:00","libfile_21bc0efaff4481918150aa53c0a3351f","file_00000000553881f681fc34f0fc4f8acb","text-source"
"00_CONTROL/PHASE_4_FOUNDATION_KNOWLEDGE/HANDOFFS/HO-WP-P04-084.yaml","application/yaml","655","2026-10-02T05:22:27.507789+00:00","libfile_56661e5fe5a48191a2bd80ad27782bbc","file_0000000075d881f68ae12b572722d258","text-source"
"00_CONTROL/PHASE_4_FOUNDATION_KNOWLEDGE/HANDOFFS/HO-WP-P04-085.yaml","application/yaml","660","2026-10-02T05:22:27.493075+00:00","libfile_d8f3e3ac190c819183ca52949e05c364","file_00000000cbc481f6901e7f221e4b68c1","text-source"
"00_CONTROL/PHASE_4_FOUNDATION_KNOWLEDGE/HANDOFFS/HO-WP-P04-086.yaml","application/yaml","581","2026-10-02T09:22:26.219620+00:00","libfile_542702ce574c819197fd9a8cd1f1b9b5","file_00000000073081f691b080df7c50d654","text-source"
"00_CONTROL/PHASE_4_FOUNDATION_KNOWLEDGE/HANDOFFS/HO-WP-P04-087.yaml","application/yaml","653","2026-10-02T09:22:26.209633+00:00","libfile_29c60e825de0819189c7ef20e9c4269d","file_000000000cc481f6a8a4bcc482451c2f","text-source"
"00_CONTROL/PHASE_4_FOUNDATION_KNOWLEDGE/HANDOFFS/HO-WP-P04-088.yaml","application/yaml","642","2026-10-02T09:22:26.218134+00:00","libfile_d9e841fdd4a88191b953e1ddb3ed3b16","file_00000000b70881f6a52d47324844e295","text-source"
"00_CONTROL/PHASE_4_FOUNDATION_KNOWLEDGE/HANDOFFS/HO-WP-P04-089.yaml","application/yaml","624","2026-10-02T09:22:26.212309+00:00","libfile_49ced8193c80819195465dca74655abd","file_000000003ec481f68be0f08313daf63a","text-source"
"00_CONTROL/PHASE_4_FOUNDATION_KNOWLEDGE/HANDOFFS/HO-WP-P04-090.yaml","application/yaml","742","2026-10-02T09:22:26.202922+00:00","libfile_f582f5804974819183991396af8eb577","file_00000000f2fc81f684e8b8e0703ca503","text-source"
"00_CONTROL/PHASE_4_FOUNDATION_KNOWLEDGE/HANDOFFS/HO-WP-P04-091.yaml","application/yaml","885","2026-10-02T14:01:09.361191+00:00","libfile_7df59bda9d10819190d4b3ad33c9e7bf","file_00000000c498822f91d1507a99b4d6a0","text-source"
"00_CONTROL/PHASE_4_FOUNDATION_KNOWLEDGE/HANDOFFS/HO-WP-P04-092.yaml","application/yaml","1018","2026-10-02T14:01:09.353319+00:00","libfile_eff1e21a575c8191ba6db930659be233","file_000000007140822f822cd0e781c511b0","text-source"
"00_CONTROL/PHASE_4_FOUNDATION_KNOWLEDGE/HANDOFFS/HO-WP-P04-093.yaml","application/yaml","926","2026-10-02T14:01:09.349221+00:00","libfile_a10696fa7c348191a03dddf29b93503f","file_00000000203c822fbb8281f109b6ea9a","text-source"
"00_CONTROL/PHASE_4_FOUNDATION_KNOWLEDGE/HANDOFFS/HO-WP-P04-094.yaml","application/yaml","874","2026-10-02T14:01:09.363392+00:00","libfile_6af8cc7845008191803a0f2f7d6fcbd4","file_000000000d50822f8e2e6bfdf8bdf28f","text-source"
"00_CONTROL/PHASE_4_FOUNDATION_KNOWLEDGE/HANDOFFS/HO-WP-P04-095.yaml","application/yaml","920","2026-10-02T14:01:09.351571+00:00","libfile_aa83a5ff57248191a9c9f8d52347710e","file_00000000bd3c822fbd5fb95bf58ddf7e","text-source"
"00_CONTROL/PHASE_4_FOUNDATION_KNOWLEDGE/HANDOFFS/HO-WP-P04-096.yaml","application/yaml","822","2026-10-02T22:13:36.966174+00:00","libfile_8a461d4bfa348191bf7b7a2ee8c8b2eb","file_000000003db081f5b3dcb2024cbfc6aa","text-source"
"00_CONTROL/PHASE_4_FOUNDATION_KNOWLEDGE/HANDOFFS/HO-WP-P04-097.yaml","application/yaml","955","2026-10-02T22:13:36.907046+00:00","libfile_53a30bd6a6c88191be10548411c86ba6","file_00000000e0f081f59b9c6faeac187feb","text-source"
"00_CONTROL/PHASE_4_FOUNDATION_KNOWLEDGE/HANDOFFS/HO-WP-P04-098.yaml","application/yaml","865","2026-10-02T22:13:36.974754+00:00","libfile_2ef5db8ed03c8191acf75bc98becc36e","file_00000000293481f5b24f96f0b213c54e","text-source"
"00_CONTROL/PHASE_4_FOUNDATION_KNOWLEDGE/HANDOFFS/HO-WP-P04-099.yaml","application/yaml","811","2026-10-02T22:13:36.968446+00:00","libfile_6536c06780c88191b74b5b45d0d6240e","file_0000000098e881f593eeb2372449f7fc","text-source"
"00_CONTROL/PHASE_4_FOUNDATION_KNOWLEDGE/HANDOFFS/HO-WP-P04-100.yaml","application/yaml","857","2026-10-02T22:13:36.902757+00:00","libfile_f1f3e8c9ad188191b8787472860c632f","file_00000000ea4481f593d284ebe4301042","text-source"
"00_CONTROL/PHASE_4_FOUNDATION_KNOWLEDGE/HANDOFFS/HO-WP-P04-101.yaml","application/yaml","850","2026-10-03T04:21:56.568444+00:00","libfile_2b4644a4824081918205107d416ab014","file_000000001f5881f5b5a7f0dcceb1d4d3","text-source"
"00_CONTROL/PHASE_4_FOUNDATION_KNOWLEDGE/HANDOFFS/HO-WP-P04-102.yaml","application/yaml","983","2026-10-03T04:21:56.570856+00:00","libfile_f28c2abf07788191b64db921bc269e8a","file_00000000998881f5be9063287f0eabf8","text-source"
"00_CONTROL/PHASE_4_FOUNDATION_KNOWLEDGE/HANDOFFS/HO-WP-P04-103.yaml","application/yaml","904","2026-10-03T04:21:56.586175+00:00","libfile_2bf2f90fc8d0819193bc62a28cfda97f","file_00000000770c81f5ab12eed410696817","text-source"
"00_CONTROL/PHASE_4_FOUNDATION_KNOWLEDGE/HANDOFFS/HO-WP-P04-104.yaml","application/yaml","839","2026-10-03T04:21:56.620384+00:00","libfile_9194419dff5081919a3b6f4961b7b6d7","file_000000008ec881f5805a3bc8ec377d4b","text-source"
"00_CONTROL/PHASE_4_FOUNDATION_KNOWLEDGE/HANDOFFS/HO-WP-P04-105.yaml","application/yaml","885","2026-10-03T04:21:56.599225+00:00","libfile_dfc9f1a69f7081918f6cc9574a265a2c","file_00000000f72481f58c293a73018edb83","text-source"
"00_CONTROL/PHASE_4_FOUNDATION_KNOWLEDGE/HANDOFFS/HO-WP-P04-106.yaml","application/yaml","855","2026-10-03T04:23:42.581160+00:00","libfile_a2d9009aed2c8191b98ccb65be04448b","file_00000000a40881f5b7bf7c5202f209b0","text-source"
"00_CONTROL/PHASE_4_FOUNDATION_KNOWLEDGE/HANDOFFS/HO-WP-P04-107.yaml","application/yaml","988","2026-10-03T04:23:42.614615+00:00","libfile_078e7edab9948191a728e93a2e9daeb1","file_00000000a4d081f5981893fd98320e82","text-source"
"00_CONTROL/PHASE_4_FOUNDATION_KNOWLEDGE/HANDOFFS/HO-WP-P04-108.yaml","application/yaml","940","2026-10-03T04:23:42.582602+00:00","libfile_07af949be254819195624fffbc8ebcd4","file_0000000052a881f5b60a01ec3629fa67","text-source"
"00_CONTROL/PHASE_4_FOUNDATION_KNOWLEDGE/HANDOFFS/HO-WP-P04-109.yaml","application/yaml","844","2026-10-03T04:23:42.626313+00:00","libfile_b271df7a4f70819198c911ccf88f5870","file_000000001bd881f5944e3ae1e89f9bf2","text-source"
"00_CONTROL/PHASE_4_FOUNDATION_KNOWLEDGE/HANDOFFS/HO-WP-P04-110.yaml","application/yaml","890","2026-10-03T04:23:42.616041+00:00","libfile_704a3834f450819197d822f2bf3a94cf","file_00000000fb2481f58a033c412eaf5974","text-source"
"00_CONTROL/PHASE_4_FOUNDATION_KNOWLEDGE/HANDOFFS/HO-WP-P04-111.yaml","application/yaml","829","2026-10-03T09:14:08.061122+00:00","libfile_1344079de6408191bcf0ee4f95f27cb6","file_000000003cd481f5a0974d23901b9de0","text-source"
"00_CONTROL/PHASE_4_FOUNDATION_KNOWLEDGE/HANDOFFS/HO-WP-P04-112.yaml","application/yaml","962","2026-10-03T09:14:07.878896+00:00","libfile_e584f52aa94881919afb3fb98dcf73cf","file_00000000612c81f5bd698e76c60338e6","text-source"
"00_CONTROL/PHASE_4_FOUNDATION_KNOWLEDGE/HANDOFFS/HO-WP-P04-113.yaml","application/yaml","877","2026-10-03T09:14:07.927321+00:00","libfile_73743417c17c8191981fdcb392f8c85e","file_00000000f1d481f5a2651af10116a31e","text-source"
"00_CONTROL/PHASE_4_FOUNDATION_KNOWLEDGE/HANDOFFS/HO-WP-P04-114.yaml","application/yaml","818","2026-10-03T09:14:07.988141+00:00","libfile_dbecc9b60a3c81919c4c14679aeb09b9","file_00000000352881f5987eecedd7914084","text-source"
"00_CONTROL/PHASE_4_FOUNDATION_KNOWLEDGE/HANDOFFS/HO-WP-P04-115.yaml","application/yaml","864","2026-10-03T09:14:07.876319+00:00","libfile_9b09a6af34788191b946f83e7b52514c","file_000000008c54822f94e6760186777862","text-source"
"00_CONTROL/PHASE_4_FOUNDATION_KNOWLEDGE/HANDOFFS/HO-WP-P04-116.yaml","application/yaml","857","2026-10-03T04:29:10.488329+00:00","libfile_dcf5e74c2a948191ab1e0bbd61784967","file_00000000f4ec81f5ac39459c982e080d","text-source"
"00_CONTROL/PHASE_4_FOUNDATION_KNOWLEDGE/HANDOFFS/HO-WP-P04-117.yaml","application/yaml","990","2026-10-03T04:29:10.508427+00:00","libfile_488805c55690819193d5d0ed4efc6192","file_00000000845081f5aa751a1b3bc8401a","text-source"
"00_CONTROL/PHASE_4_FOUNDATION_KNOWLEDGE/HANDOFFS/HO-WP-P04-118.yaml","application/yaml","947","2026-10-03T04:29:10.493270+00:00","libfile_4cb7b475e1fc8191b5ea0131a98312e1","file_00000000c42881f58623b69302107d5c","text-source"
"00_CONTROL/PHASE_4_FOUNDATION_KNOWLEDGE/HANDOFFS/HO-WP-P04-119.yaml","application/yaml","846","2026-10-03T04:29:10.521971+00:00","libfile_0906f9eec8d881919eb730b66ae5c908","file_00000000fd5481f5adf803c73a789ae1","text-source"
"00_CONTROL/PHASE_4_FOUNDATION_KNOWLEDGE/HANDOFFS/HO-WP-P04-120.yaml","application/yaml","892","2026-10-03T04:29:10.507005+00:00","libfile_a561342318e88191be79617d1d57ba82","file_00000000e5e481f5a9eca6875aefdcad","text-source"
"00_CONTROL/PHASE_4_FOUNDATION_KNOWLEDGE/HANDOFFS/HO-WP-P04-121.yaml","application/yaml","796","2026-10-03T10:53:19.617381+00:00","libfile_b3fdb7ad20308191979fe8661c9ea49f","file_00000000852c81f58f2ca1e4a3f02635","text-source"
"00_CONTROL/PHASE_4_FOUNDATION_KNOWLEDGE/HANDOFFS/HO-WP-P04-122.yaml","application/yaml","929","2026-10-03T10:53:19.620746+00:00","libfile_be87082d37948191a74c13a88ae7a90d","file_00000000c10481f594248f2b40bcb96d","text-source"
"00_CONTROL/PHASE_4_FOUNDATION_KNOWLEDGE/HANDOFFS/HO-WP-P04-123.yaml","application/yaml","797","2026-10-03T10:53:19.619209+00:00","libfile_cd25e707b10c81919dc77125f91d50b8","file_0000000051f881f58179bfa69bcf58dd","text-source"
"00_CONTROL/PHASE_4_FOUNDATION_KNOWLEDGE/HANDOFFS/HO-WP-P04-124.yaml","application/yaml","785","2026-10-03T10:53:19.642403+00:00","libfile_6f7f81e3ea5881918f9399c6260e938b","file_00000000ace881f58deb46a158a94906","text-source"
"00_CONTROL/PHASE_4_FOUNDATION_KNOWLEDGE/HANDOFFS/HO-WP-P04-125.yaml","application/yaml","831","2026-10-03T10:53:19.612584+00:00","libfile_2c25fe491aac81918f5422fe66eea802","file_00000000603c81f5b57da6e7c47b06c8","text-source"
"00_CONTROL/PHASE_4_FOUNDATION_KNOWLEDGE/HANDOFFS/HO-WP-P04-126.yaml","application/yaml","802","2026-10-03T10:53:19.630087+00:00","libfile_b00c39ed0b9081919ffc8cfa15881d6b","file_00000000716481f5bc5d44a850232314","text-source"
"00_CONTROL/PHASE_4_FOUNDATION_KNOWLEDGE/HANDOFFS/HO-WP-P04-127.yaml","application/yaml","935","2026-10-03T10:53:19.626978+00:00","libfile_cd8a2e2ef1608191819164b35c33c3af","file_0000000091fc81f5b5351956ae29c074","text-source"
"00_CONTROL/PHASE_4_FOUNDATION_KNOWLEDGE/HANDOFFS/HO-WP-P04-128.yaml","application/yaml","803","2026-10-03T10:53:19.625479+00:00","libfile_a65c2ca25d708191bfd0ca9148fdac72","file_0000000019a081f5be8138d73b2cf2ee","text-source"
"00_CONTROL/PHASE_4_FOUNDATION_KNOWLEDGE/HANDOFFS/HO-WP-P04-129.yaml","application/yaml","791","2026-10-03T10:53:19.596814+00:00","libfile_639da1d80a048191b95e09e2b7306e5e","file_00000000097881f586f757e57d9a73ca","text-source"
"00_CONTROL/PHASE_4_FOUNDATION_KNOWLEDGE/HANDOFFS/HO-WP-P04-130.yaml","application/yaml","837","2026-10-03T10:53:23.540550+00:00","libfile_220d9cef82248191991033ca07932e57","file_00000000276481f5822b5496e09c8e6e","text-source"
"00_CONTROL/PHASE_4_FOUNDATION_KNOWLEDGE/HANDOFFS/HO-WP-P04-131.yaml","application/yaml","799","2026-10-03T15:07:51.609223+00:00","libfile_5497fd5ba6c48191ac55187d6414ba8b","file_000000000df081f58745004e94d5494a","text-source"
"00_CONTROL/PHASE_4_FOUNDATION_KNOWLEDGE/HANDOFFS/HO-WP-P04-132.yaml","application/yaml","932","2026-10-03T15:07:51.591428+00:00","libfile_4135b4397a348191aca4721864495a71","file_00000000e85481f58b2771f94c07cc15","text-source"
"00_CONTROL/PHASE_4_FOUNDATION_KNOWLEDGE/HANDOFFS/HO-WP-P04-133.yaml","application/yaml","800","2026-10-03T15:07:51.592878+00:00","libfile_04d90ea196548191a52e10497f9dcf86","file_00000000d3cc81f5aa8f016fe040465c","text-source"
"00_CONTROL/PHASE_4_FOUNDATION_KNOWLEDGE/HANDOFFS/HO-WP-P04-134.yaml","application/yaml","788","2026-10-03T15:07:51.589910+00:00","libfile_66c32aab37fc8191a6e60c0d147d8619","file_000000001ca481f5ba8bb9ba50949ed0","text-source"
"00_CONTROL/PHASE_4_FOUNDATION_KNOWLEDGE/HANDOFFS/HO-WP-P04-135.yaml","application/yaml","834","2026-10-03T15:07:51.594435+00:00","libfile_edd0b8e9c5f88191996112334baee33b","file_00000000a9d081f5bf0ff6928ff8caaa","text-source"
"00_CONTROL/PHASE_4_FOUNDATION_KNOWLEDGE/HANDOFFS/HO-WP-P04-136.yaml","application/yaml","805","2026-10-03T15:07:51.607707+00:00","libfile_d4916550e650819196aa27ce7cebb242","file_00000000b69c81f59823958b15bf7b6b","text-source"
"00_CONTROL/PHASE_4_FOUNDATION_KNOWLEDGE/HANDOFFS/HO-WP-P04-137.yaml","application/yaml","938","2026-10-03T15:07:51.588340+00:00","libfile_8b9ba14eaa3c819199bbea6181e9ca93","file_0000000019b881f590f4e4e593e243bc","text-source"
"00_CONTROL/PHASE_4_FOUNDATION_KNOWLEDGE/HANDOFFS/HO-WP-P04-138.yaml","application/yaml","806","2026-10-03T15:07:51.548113+00:00","libfile_35a867ef09088191ad549490430d87c2","file_00000000a5e081f5944c3d611ad57a6d","text-source"
"00_CONTROL/PHASE_4_FOUNDATION_KNOWLEDGE/HANDOFFS/HO-WP-P04-139.yaml","application/yaml","794","2026-10-03T15:07:51.574936+00:00","libfile_fa5da92bb05881918c4d6ceade9bb215","file_0000000012e881f5939d05c0a6eb8c21","text-source"
"00_CONTROL/PHASE_4_FOUNDATION_KNOWLEDGE/HANDOFFS/HO-WP-P04-140.yaml","application/yaml","840","2026-10-03T15:07:51.563955+00:00","libfile_bf988bbdee08819186084e5f465029d1","file_00000000a69481f59a445df3b30087d4","text-source"
"00_CONTROL/PHASE_4_FOUNDATION_KNOWLEDGE/HANDOFFS/HO-WP-P04-141.yaml","application/yaml","811","2026-10-03T15:07:51.576735+00:00","libfile_088b2e41ffa0819195d07410cf600e51","file_000000005ae881f5b3e330b38bbc89d5","text-source"
"00_CONTROL/PHASE_4_FOUNDATION_KNOWLEDGE/HANDOFFS/HO-WP-P04-142.yaml","application/yaml","944","2026-10-03T15:07:51.595918+00:00","libfile_bd387e6578208191a8f861ad9817552a","file_00000000305081f59b964ebf2aed924b","text-source"
"00_CONTROL/PHASE_4_FOUNDATION_KNOWLEDGE/HANDOFFS/HO-WP-P04-143.yaml","application/yaml","812","2026-10-03T15:07:55.294529+00:00","libfile_aa2ec72641488191a16e0c726d0ef960","file_000000000c1c81f5b35b9087f83aebe8","text-source"
"00_CONTROL/PHASE_4_FOUNDATION_KNOWLEDGE/HANDOFFS/HO-WP-P04-144.yaml","application/yaml","800","2026-10-03T15:07:55.262190+00:00","libfile_81be8ce1e2d08191ad032c389aba6217","file_00000000838c81f58fdf805f2263ad73","text-source"
"00_CONTROL/PHASE_4_FOUNDATION_KNOWLEDGE/HANDOFFS/HO-WP-P04-145.yaml","application/yaml","846","2026-10-03T15:07:55.814752+00:00","libfile_d517f7f9a5688191898c35a145300234","file_00000000416481f587e48b4de69828f6","text-source"
"00_CONTROL/PHASE_4_FOUNDATION_KNOWLEDGE/HANDOFFS/HO-WP-P04-146.yaml","application/yaml","808","2026-10-03T10:53:23.495394+00:00","libfile_39c1fb7371348191a189ef989def42fa","file_000000004fc481f590f0a09cf8effa8e","text-source"
"00_CONTROL/PHASE_4_FOUNDATION_KNOWLEDGE/HANDOFFS/HO-WP-P04-147.yaml","application/yaml","941","2026-10-03T10:53:23.579033+00:00","libfile_2ab6c69e7fe081919eb335792611d43d","file_000000006c6c81f5978b86752d40dce6","text-source"
"00_CONTROL/PHASE_4_FOUNDATION_KNOWLEDGE/HANDOFFS/HO-WP-P04-148.yaml","application/yaml","809","2026-10-03T10:53:23.553172+00:00","libfile_637c4e39bb148191ad18d0bcf5f4eab5","file_00000000178c81f58ba5cfde06643227","text-source"
"00_CONTROL/PHASE_4_FOUNDATION_KNOWLEDGE/HANDOFFS/HO-WP-P04-149.yaml","application/yaml","797","2026-10-03T10:53:23.514200+00:00","libfile_4097f29ecabc81919c0644097435eff0","file_00000000f6b881f5affcef666fc8061e","text-source"
"00_CONTROL/PHASE_4_FOUNDATION_KNOWLEDGE/HANDOFFS/HO-WP-P04-150.yaml","application/yaml","843","2026-10-03T10:53:23.534664+00:00","libfile_ca03e6c514708191847b6bca0fe3de83","file_0000000023e481f5bf08132ae3fec497","text-source"
"00_CONTROL/PHASE_4_FOUNDATION_KNOWLEDGE/HANDOFFS/HO-WP-P04-151.yaml","application/yaml","790","2026-10-03T10:53:23.506648+00:00","libfile_df73c557677081918341f51bce419c50","file_00000000519481f5aadf7226dae7e8bc","text-source"
"00_CONTROL/PHASE_4_FOUNDATION_KNOWLEDGE/HANDOFFS/HO-WP-P04-152.yaml","application/yaml","923","2026-10-03T10:53:23.536695+00:00","libfile_8e1529688410819188e43550e80798a3","file_00000000679881f5aa325755a820371f","text-source"
"00_CONTROL/PHASE_4_FOUNDATION_KNOWLEDGE/HANDOFFS/HO-WP-P04-153.yaml","application/yaml","791","2026-10-03T10:53:23.555123+00:00","libfile_b22b5307a4608191ac6bc459671582e3","file_00000000865081f5a2ec3f9165909ca4","text-source"
"00_CONTROL/PHASE_4_FOUNDATION_KNOWLEDGE/HANDOFFS/HO-WP-P04-154.yaml","application/yaml","779","2026-10-03T10:53:23.611535+00:00","libfile_806685d555ac8191b842f8887a8c1f86","file_000000008f4081f5be89778b4373c4b3","text-source"
"00_CONTROL/PHASE_4_FOUNDATION_KNOWLEDGE/HANDOFFS/HO-WP-P04-155.yaml","application/yaml","825","2026-10-03T10:53:23.497538+00:00","libfile_30a9f384d0dc8191b3b06ab2ba013fec","file_00000000f88081f5a26a6bd4d8220ee4","text-source"
"00_CONTROL/PHASE_4_FOUNDATION_KNOWLEDGE/HANDOFFS/HO-WP-P04-156.yaml","application/yaml","796","2026-10-03T10:53:23.509798+00:00","libfile_58a7b388c7988191b7e1fcdb7b0c28a3","file_00000000479881f5a3306fe16ee5ea8c","text-source"
"00_CONTROL/PHASE_4_FOUNDATION_KNOWLEDGE/HANDOFFS/HO-WP-P04-157.yaml","application/yaml","929","2026-10-03T10:53:23.504702+00:00","libfile_b57fb4abb96081919dcb24b67382374a","file_00000000677481f5907bea4480db35f1","text-source"
"00_CONTROL/PHASE_4_FOUNDATION_KNOWLEDGE/HANDOFFS/HO-WP-P04-158.yaml","application/yaml","797","2026-10-03T10:53:23.511771+00:00","libfile_c6d6ea012c9c81918bc63824d7ee260c","file_000000003afc81f5a9c9239dba3f4aae","text-source"
"00_CONTROL/PHASE_4_FOUNDATION_KNOWLEDGE/HANDOFFS/HO-WP-P04-159.yaml","application/yaml","785","2026-10-03T10:53:23.551084+00:00","libfile_98ff0c7f88d08191848b5eb4bfe884ba","file_000000003e2081f5855cf87b5234a57a","text-source"
"00_CONTROL/PHASE_4_FOUNDATION_KNOWLEDGE/HANDOFFS/HO-WP-P04-160.yaml","application/yaml","831","2026-10-03T10:53:23.538551+00:00","libfile_175003a91b6c8191953e61f277c8819d","file_0000000036dc81f58fdfa9e969c6e561","text-source"
"00_CONTROL/PHASE_4_FOUNDATION_KNOWLEDGE/HANDOFFS/HO-WP-P04-161.yaml","application/yaml","790","2026-10-03T15:07:55.297971+00:00","libfile_69930fd878a08191a450c81f442f1917","file_000000002ed481f5b4ec4955bcc47c66","text-source"
"00_CONTROL/PHASE_4_FOUNDATION_KNOWLEDGE/HANDOFFS/HO-WP-P04-162.yaml","application/yaml","923","2026-10-03T15:07:55.292902+00:00","libfile_e70acd05a578819193c0d7e7165d16ac","file_00000000844081f5a9a3b1f86bf07679","text-source"
"00_CONTROL/PHASE_4_FOUNDATION_KNOWLEDGE/HANDOFFS/HO-WP-P04-163.yaml","application/yaml","791","2026-10-03T15:07:55.274275+00:00","libfile_1b929446b1c48191ae6b257758f280be","file_00000000454081f59a3a967514822999","text-source"
"00_CONTROL/PHASE_4_FOUNDATION_KNOWLEDGE/HANDOFFS/HO-WP-P04-164.yaml","application/yaml","779","2026-10-03T15:07:55.287790+00:00","libfile_694f359a2f948191b872ff54219f886b","file_000000007cc8822f9d5a3ab683d073f8","text-source"
"00_CONTROL/PHASE_4_FOUNDATION_KNOWLEDGE/HANDOFFS/HO-WP-P04-165.yaml","application/yaml","825","2026-10-03T15:07:55.480593+00:00","libfile_021a1b88c4348191aecaf78492b0025b","file_00000000f51481f696b9fadda229b87d","text-source"
"00_CONTROL/PHASE_4_FOUNDATION_KNOWLEDGE/HANDOFFS/HO-WP-P04-166.yaml","application/yaml","790","2026-10-03T22:23:08.835980+00:00","libfile_3e200f3f6ca48191a45b952ce0b8e4b7","file_00000000d29481f59be59f65d0228826","text-source"
"00_CONTROL/PHASE_4_FOUNDATION_KNOWLEDGE/HANDOFFS/HO-WP-P04-167.yaml","application/yaml","923","2026-10-03T22:23:08.716114+00:00","libfile_dee8b8c074b481918f6e2dc217e14003","file_00000000e57481f595d0aaff38f5fc83","text-source"
"00_CONTROL/PHASE_4_FOUNDATION_KNOWLEDGE/HANDOFFS/HO-WP-P04-168.yaml","application/yaml","791","2026-10-03T22:23:08.703417+00:00","libfile_726ebf24f1508191961af8b476e05009","file_00000000c69881f5a4dbf9104130ca86","text-source"
"00_CONTROL/PHASE_4_FOUNDATION_KNOWLEDGE/HANDOFFS/HO-WP-P04-169.yaml","application/yaml","779","2026-10-03T22:23:08.762083+00:00","libfile_c44aedacf94c8191a004985982509eed","file_0000000081c081f586827d635b1c1864","text-source"
"00_CONTROL/PHASE_4_FOUNDATION_KNOWLEDGE/HANDOFFS/HO-WP-P04-170.yaml","application/yaml","825","2026-10-03T22:23:08.710619+00:00","libfile_bb88e566af748191b0add6ca4b644943","file_0000000062c481f5b64c8b757630acbf","text-source"
"00_CONTROL/PHASE_4_FOUNDATION_KNOWLEDGE/HANDOFFS/HO-WP-P04-171.yaml","application/yaml","808","2026-10-03T22:23:08.758295+00:00","libfile_0b75583c79dc81919aa130f6350f7e98","file_000000008a9081f5afe794cd3dfc5d06","text-source"
"00_CONTROL/PHASE_4_FOUNDATION_KNOWLEDGE/HANDOFFS/HO-WP-P04-172.yaml","application/yaml","941","2026-10-03T22:23:08.735160+00:00","libfile_8d9c600e9a188191adb4e68fd4395ee2","file_00000000797481f58fbccee0e0937ccc","text-source"
"00_CONTROL/PHASE_4_FOUNDATION_KNOWLEDGE/HANDOFFS/HO-WP-P04-173.yaml","application/yaml","809","2026-10-03T22:23:09.007838+00:00","libfile_b5a9a0859e488191b0c02c0623d963bc","file_000000002f1081f5811265c7b1ca044a","text-source"
"00_CONTROL/PHASE_4_FOUNDATION_KNOWLEDGE/HANDOFFS/HO-WP-P04-174.yaml","application/yaml","797","2026-10-03T22:23:08.720654+00:00","libfile_4a6f44470b4c8191b9cd92a9fa452160","file_00000000300c81f59d880faf97528222","text-source"
"00_CONTROL/PHASE_4_FOUNDATION_KNOWLEDGE/HANDOFFS/HO-WP-P04-175.yaml","application/yaml","843","2026-10-03T22:23:08.705027+00:00","libfile_791b261705ec819199b4dbbbaa18b94b","file_00000000fb1081f5a26be915b1d9b08b","text-source"
"00_CONTROL/PHASE_4_FOUNDATION_KNOWLEDGE/HANDOFFS/HO-WP-P04-176.yaml","application/yaml","844","2026-10-03T22:23:08.722210+00:00","libfile_0724f0d1985481919c0d6d27d9c1a21f","file_00000000d43481f58426760ea3e84cc7","text-source"
"00_CONTROL/PHASE_4_FOUNDATION_KNOWLEDGE/HANDOFFS/HO-WP-P04-177.yaml","application/yaml","977","2026-10-03T22:23:08.718835+00:00","libfile_20487aba815881919c320927f98b0cb3","file_000000007afc81f595bcd8d0a70c6e4d","text-source"
"00_CONTROL/PHASE_4_FOUNDATION_KNOWLEDGE/HANDOFFS/HO-WP-P04-178.yaml","application/yaml","845","2026-10-03T22:23:12.422610+00:00","libfile_306739611ae88191af8e571e2228ba37","file_00000000ca7081f6ac91236d8da7c75b","text-source"
"00_CONTROL/PHASE_4_FOUNDATION_KNOWLEDGE/HANDOFFS/HO-WP-P04-179.yaml","application/yaml","833","2026-10-03T22:23:12.426746+00:00","libfile_7061e657796c81919126b0eca43f6ccc","file_000000004f4081f6a8b79180b960f193","text-source"
"00_CONTROL/PHASE_4_FOUNDATION_KNOWLEDGE/HANDOFFS/HO-WP-P04-180.yaml","application/yaml","879","2026-10-03T22:23:12.412328+00:00","libfile_854ddbe956a48191974249785794c6cf","file_000000000a3881f6b4826099934124a8","text-source"
"00_CONTROL/PHASE_4_FOUNDATION_KNOWLEDGE/HANDOFFS/HO-WP-P04-181.yaml","application/yaml","838","2026-10-04T11:05:32.560863+00:00","libfile_33981a102be481918653eb447828ab19","file_000000009e0881f596a12a7fc663253b","text-source"
"00_CONTROL/PHASE_4_FOUNDATION_KNOWLEDGE/HANDOFFS/HO-WP-P04-182.yaml","application/yaml","971","2026-10-04T11:05:32.569709+00:00","libfile_cc23b8745ddc81918b2da44ba76c0f1f","file_00000000726481f5afef6df6dd618860","text-source"
"00_CONTROL/PHASE_4_FOUNDATION_KNOWLEDGE/HANDOFFS/HO-WP-P04-183.yaml","application/yaml","839","2026-10-04T11:05:32.550502+00:00","libfile_08863bc8f3ac81919eb0102b725247db","file_00000000cb1081f59e2c8757644d2e34","text-source"
"00_CONTROL/PHASE_4_FOUNDATION_KNOWLEDGE/HANDOFFS/HO-WP-P04-184.yaml","application/yaml","827","2026-10-04T11:05:32.566187+00:00","libfile_dbd4f41c3ae48191b088b94a8704975f","file_00000000940c81f58e47bbba9e11f96c","text-source"
"00_CONTROL/PHASE_4_FOUNDATION_KNOWLEDGE/HANDOFFS/HO-WP-P04-185.yaml","application/yaml","873","2026-10-04T11:05:32.756087+00:00","libfile_8c46e990c54c819186237acf090d0a7f","file_00000000826c81f595138f6c4f65f7e3","text-source"
"00_CONTROL/PHASE_4_FOUNDATION_KNOWLEDGE/HANDOFFS/HO-WP-P04-186.yaml","application/yaml","829","2026-10-04T11:05:32.557620+00:00","libfile_688fbcef4144819191a16e5118884da3","file_0000000017c481f5b417e29b63f94bc7","text-source"
"00_CONTROL/PHASE_4_FOUNDATION_KNOWLEDGE/HANDOFFS/HO-WP-P04-187.yaml","application/yaml","962","2026-10-04T11:05:32.552566+00:00","libfile_2d1f3b5f02c4819191f538285d03924f","file_00000000e2e081f5923a962b24ea7203","text-source"
"00_CONTROL/PHASE_4_FOUNDATION_KNOWLEDGE/HANDOFFS/HO-WP-P04-188.yaml","application/yaml","830","2026-10-04T11:05:32.601063+00:00","libfile_295d313642888191bf32654e56d8e37f","file_00000000015c81f5918c29231bd4340a","text-source"
"00_CONTROL/PHASE_4_FOUNDATION_KNOWLEDGE/HANDOFFS/HO-WP-P04-189.yaml","application/yaml","818","2026-10-04T11:05:32.598728+00:00","libfile_4f0786d582fc819182c863150616279e","file_00000000db2481f584dee7e9f7db6418","text-source"
"00_CONTROL/PHASE_4_FOUNDATION_KNOWLEDGE/HANDOFFS/HO-WP-P04-190.yaml","application/yaml","864","2026-10-04T11:05:32.559195+00:00","libfile_f8d2eef8b3b08191902cbbb1b3e6d254","file_0000000006a481f5b352268ff5b962ba","text-source"
"00_CONTROL/PHASE_4_FOUNDATION_KNOWLEDGE/HANDOFFS/HO-WP-P04-191.yaml","application/yaml","820","2026-10-04T11:05:32.568061+00:00","libfile_84e81ce4106c8191838366ffd8a2b2e9","file_000000000bf481f5aa09c784f3a3ca41","text-source"
"00_CONTROL/PHASE_4_FOUNDATION_KNOWLEDGE/HANDOFFS/HO-WP-P04-192.yaml","application/yaml","953","2026-10-04T11:05:36.154499+00:00","libfile_6371de4cf3f481919208116cec146975","file_0000000010f881f5b47f68371425aaf9","text-source"
"00_CONTROL/PHASE_4_FOUNDATION_KNOWLEDGE/HANDOFFS/HO-WP-P04-193.yaml","application/yaml","821","2026-10-04T11:05:36.165161+00:00","libfile_f0dedcb136bc81918ac2165e48c9781f","file_000000007bbc81f5996986374aba9a02","text-source"
"00_CONTROL/PHASE_4_FOUNDATION_KNOWLEDGE/HANDOFFS/HO-WP-P04-194.yaml","application/yaml","809","2026-10-04T11:05:36.166373+00:00","libfile_64d93d893e1081918094c24f195d654e","file_00000000279c81f587be31a37f6e32d3","text-source"
"00_CONTROL/PHASE_4_FOUNDATION_KNOWLEDGE/HANDOFFS/HO-WP-P04-195.yaml","application/yaml","855","2026-10-04T11:05:36.138552+00:00","libfile_da8ddcc94f9c819184446e59855a10ab","file_00000000123881f5a45bdc7622e43555","text-source"
"00_CONTROL/PHASE_4_FOUNDATION_KNOWLEDGE/HANDOFFS/HO-WP-P04-196.yaml","application/yaml","841","2026-10-04T11:05:36.140006+00:00","libfile_491c8d59e2e48191b55bb4c0740ebaf3","file_00000000fe9c81f5a5857365a9f33074","text-source"
"00_CONTROL/PHASE_4_FOUNDATION_KNOWLEDGE/HANDOFFS/HO-WP-P04-197.yaml","application/yaml","974","2026-10-04T11:05:36.158473+00:00","libfile_06bbd165a9888191a5020f9a437b350e","file_00000000900c81f58a57939f77b61c83","text-source"
"00_CONTROL/PHASE_4_FOUNDATION_KNOWLEDGE/HANDOFFS/HO-WP-P04-198.yaml","application/yaml","842","2026-10-04T11:05:36.516592+00:00","libfile_18429e4582448191a0e495b7205f12d8","file_00000000832881f5b667d82ab3e02c9b","text-source"
"00_CONTROL/PHASE_4_FOUNDATION_KNOWLEDGE/HANDOFFS/HO-WP-P04-199.yaml","application/yaml","830","2026-10-04T11:05:36.136985+00:00","libfile_8cf1cccde774819183941978052d39f5","file_00000000c18481f584c47cb8828b12b8","text-source"
"00_CONTROL/PHASE_4_FOUNDATION_KNOWLEDGE/HANDOFFS/HO-WP-P04-200.yaml","application/yaml","876","2026-10-04T11:05:36.167549+00:00","libfile_61a202ffd4288191b3560534ec258ac6","file_000000008ef881f5b82b3d14a43ef5c3","text-source"
"00_CONTROL/PHASE_4_FOUNDATION_KNOWLEDGE/HANDOFFS/HO-WP-P04-201.yaml","application/yaml","808","2026-10-04T11:05:36.143519+00:00","libfile_f011704c82748191aaf50a8e6c53fe31","file_000000004f7c81f5b6a684f64d3b5a5e","text-source"
"00_CONTROL/PHASE_4_FOUNDATION_KNOWLEDGE/HANDOFFS/HO-WP-P04-202.yaml","application/yaml","941","2026-10-04T11:05:36.170647+00:00","libfile_c2e2c0a151008191809dcb6e8b85c270","file_000000005f5081f58109f3b4803e2ff8","text-source"
"00_CONTROL/PHASE_4_FOUNDATION_KNOWLEDGE/HANDOFFS/HO-WP-P04-203.yaml","application/yaml","809","2026-10-04T11:05:36.152612+00:00","libfile_2227840055ac8191b369b68d520bb5b8","file_00000000596081f583fd8eab8e46dbde","text-source"
"00_CONTROL/PHASE_4_FOUNDATION_KNOWLEDGE/HANDOFFS/HO-WP-P04-204.yaml","application/yaml","797","2026-10-04T11:05:36.157262+00:00","libfile_8923fc690eb081919408fe1103ee6051","file_000000006c4081f5bf5de594864a15fc","text-source"
"00_CONTROL/PHASE_4_FOUNDATION_KNOWLEDGE/HANDOFFS/HO-WP-P04-205.yaml","application/yaml","843","2026-10-04T11:05:36.184289+00:00","libfile_d9b56576e890819189ddb101ebd1b0c9","file_00000000c1c881f59c02eefbd0f3b36a","text-source"
"00_CONTROL/PHASE_4_FOUNDATION_KNOWLEDGE/HANDOFFS/HO-WP-P04-206.yaml","application/yaml","817","2026-10-04T11:36:35.720684+00:00","libfile_28af8f9c9adc81918b27f16d404ea485","file_00000000dc3881f9b37f2bdecd386b5a","text-source"
"00_CONTROL/PHASE_4_FOUNDATION_KNOWLEDGE/HANDOFFS/HO-WP-P04-207.yaml","application/yaml","950","2026-10-04T11:36:35.753109+00:00","libfile_db7f634afd388191b279676ae2b45ff9","file_00000000e63c81f9b6bca02a74724f83","text-source"
"00_CONTROL/PHASE_4_FOUNDATION_KNOWLEDGE/HANDOFFS/HO-WP-P04-208.yaml","application/yaml","818","2026-10-04T11:36:35.722543+00:00","libfile_cf7c316f76088191810d8a2bbe906f87","file_00000000cf5081f99301895bc5821625","text-source"
"00_CONTROL/PHASE_4_FOUNDATION_KNOWLEDGE/HANDOFFS/HO-WP-P04-209.yaml","application/yaml","806","2026-10-04T11:36:35.701125+00:00","libfile_3451b4b422848191a570a91a625a367b","file_0000000045d881f98fdc57c49597333c","text-source"
"00_CONTROL/PHASE_4_FOUNDATION_KNOWLEDGE/HANDOFFS/HO-WP-P04-210.yaml","application/yaml","852","2026-10-04T11:36:35.759537+00:00","libfile_9158a2247278819183fd9d812441ac9b","file_00000000752081f9b1937a45543e72fd","text-source"
"00_CONTROL/PHASE_4_FOUNDATION_KNOWLEDGE/HANDOFFS/HO-WP-P04-211.yaml","application/yaml","829","2026-10-04T11:36:35.734086+00:00","libfile_8c400d89a6988191a06f8b5c2064848e","file_00000000639881f99e7147754b1d3fe3","text-source"
"00_CONTROL/PHASE_4_FOUNDATION_KNOWLEDGE/HANDOFFS/HO-WP-P04-212.yaml","application/yaml","962","2026-10-04T11:36:35.763114+00:00","libfile_20e8e615900c81918ff96f3851556c67","file_000000009fa481f9b918356ff37d45a2","text-source"
"00_CONTROL/PHASE_4_FOUNDATION_KNOWLEDGE/HANDOFFS/HO-WP-P04-213.yaml","application/yaml","830","2026-10-04T11:36:35.726613+00:00","libfile_0d20d438ed288191aae5c2c36afe6e2f","file_000000001c4881f98243bf0a353bdda9","text-source"
"00_CONTROL/PHASE_4_FOUNDATION_KNOWLEDGE/HANDOFFS/HO-WP-P04-214.yaml","application/yaml","818","2026-10-04T11:36:35.705645+00:00","libfile_2c7cc556e1fc8191b04883234144cf51","file_00000000e9d481f9943636cbba3ad0c3","text-source"
"00_CONTROL/PHASE_4_FOUNDATION_KNOWLEDGE/HANDOFFS/HO-WP-P04-215.yaml","application/yaml","864","2026-10-04T11:36:35.740394+00:00","libfile_49fe773e5f008191bb7a82b5622298c7","file_00000000993481f9b422703ac3408779","text-source"
"00_CONTROL/PHASE_4_FOUNDATION_KNOWLEDGE/HANDOFFS/HO-WP-P04-216.yaml","application/yaml","808","2026-10-04T11:36:35.703419+00:00","libfile_498a839204b4819196b95324d58a7bea","file_000000009ae481f99ac32668c1ac8d78","text-source"
"00_CONTROL/PHASE_4_FOUNDATION_KNOWLEDGE/HANDOFFS/HO-WP-P04-217.yaml","application/yaml","941","2026-10-04T11:36:40.443083+00:00","libfile_50a00be3989481918eb65c09541a5c29","file_0000000049c081f59e4c5e1e3e99c693","text-source"
"00_CONTROL/PHASE_4_FOUNDATION_KNOWLEDGE/HANDOFFS/HO-WP-P04-218.yaml","application/yaml","809","2026-10-04T11:36:40.519133+00:00","libfile_b5b1797a39cc8191a867abfedfce59f4","file_00000000d11081f5bcccb3fceb1afc56","text-source"
"00_CONTROL/PHASE_4_FOUNDATION_KNOWLEDGE/HANDOFFS/HO-WP-P04-219.yaml","application/yaml","797","2026-10-04T11:36:40.421495+00:00","libfile_f07d95e76cdc8191a68e7113d42f0879","file_0000000075cc81f5b2491771ca6a6621","text-source"
"00_CONTROL/PHASE_4_FOUNDATION_KNOWLEDGE/HANDOFFS/HO-WP-P04-220.yaml","application/yaml","843","2026-10-04T11:36:40.423974+00:00","libfile_db780d2429248191ae46a0de0427bc89","file_00000000cd2c81f5a620bda8fb9a0efe","text-source"
"00_CONTROL/PHASE_4_FOUNDATION_KNOWLEDGE/HANDOFFS/HO-WP-P04-221.yaml","application/yaml","829","2026-10-04T11:36:40.445742+00:00","libfile_fffe81c9b9a08191b6775608aa84083e","file_00000000024881f5bcfaf79466862f06","text-source"
"00_CONTROL/PHASE_4_FOUNDATION_KNOWLEDGE/HANDOFFS/HO-WP-P04-222.yaml","application/yaml","962","2026-10-04T11:36:40.414968+00:00","libfile_7cba84a938d0819189dff1d35e3b6a4c","file_00000000156481f5b59bcd5d193bcb8e","text-source"
"00_CONTROL/PHASE_4_FOUNDATION_KNOWLEDGE/HANDOFFS/HO-WP-P04-223.yaml","application/yaml","830","2026-10-04T11:36:40.440516+00:00","libfile_a3f41d01001481918fbba548c3f3ac93","file_00000000194c81f58119066e127d56ce","text-source"
"00_CONTROL/PHASE_4_FOUNDATION_KNOWLEDGE/HANDOFFS/HO-WP-P04-224.yaml","application/yaml","818","2026-10-04T11:36:40.386263+00:00","libfile_2f4a5d0a543c8191a96fa40e9f5e57bf","file_00000000359081f5af0945e5a643f2cb","text-source"
"00_CONTROL/PHASE_4_FOUNDATION_KNOWLEDGE/HANDOFFS/HO-WP-P04-225.yaml","application/yaml","864","2026-10-04T11:36:40.388454+00:00","libfile_c7b67e59e60881918ba1e7203a67c13a","file_00000000585c81f58370f84b04876a3c","text-source"
"00_CONTROL/PHASE_4_FOUNDATION_KNOWLEDGE/HANDOFFS/HO-WP-P04-226.yaml","application/yaml","606","2026-10-02T04:01:16.427832+00:00","libfile_c82eb620b9308191bacc74c1ca40a62d","file_00000000b87481f5ab1ec3a4adb30e31","text-source"
"00_CONTROL/PHASE_4_FOUNDATION_KNOWLEDGE/HANDOFFS/HO-WP-P04-227.yaml","application/yaml","609","2026-10-02T04:01:16.491295+00:00","libfile_739e406b2f8c81918f0c19d31ddb9acf","file_00000000ee9081f5947b2b963799ef82","text-source"
"00_CONTROL/PHASE_4_FOUNDATION_KNOWLEDGE/HANDOFFS/HO-WP-P04-228.yaml","application/yaml","627","2026-10-02T04:01:16.467906+00:00","libfile_84153248e4588191946e98918f2e77c4","file_00000000c01c81f5bae676bb889d55fd","text-source"
"00_CONTROL/PHASE_4_FOUNDATION_KNOWLEDGE/HANDOFFS/HO-WP-P04-229.yaml","application/yaml","620","2026-10-02T04:01:16.440750+00:00","libfile_885f6c47b9248191af68e81f2e075920","file_00000000a50881f58d875f0def3ecaf0","text-source"
"00_CONTROL/PHASE_4_FOUNDATION_KNOWLEDGE/HANDOFFS/HO-WP-P04-230.yaml","application/yaml","615","2026-10-02T04:01:20.862381+00:00","libfile_49d7491aa0208191ac7d7bf59f498ee9","file_00000000883c81f588c1a3c7382797cf","text-source"
"00_CONTROL/PHASE_4_FOUNDATION_KNOWLEDGE/HANDOFFS/HO-WP-P04-231.yaml","application/yaml","606","2026-10-02T04:01:20.845599+00:00","libfile_41ee09ae311c819198f6db28f2f1ec96","file_000000005b0081f5af7c896ebb011390","text-source"
"00_CONTROL/PHASE_4_FOUNDATION_KNOWLEDGE/HANDOFFS/HO-WP-P04-232.yaml","application/yaml","609","2026-10-02T04:01:20.843911+00:00","libfile_900673a08b98819181484cee60702761","file_000000006ea881f5982f1d45bae60d35","text-source"
"00_CONTROL/PHASE_4_FOUNDATION_KNOWLEDGE/HANDOFFS/HO-WP-P04-233.yaml","application/yaml","627","2026-10-02T04:01:20.876218+00:00","libfile_30c5506cfc8c819193883d9c57d8033d","file_00000000b11c81f5a951192cc77955a8","text-source"
"00_CONTROL/PHASE_4_FOUNDATION_KNOWLEDGE/HANDOFFS/HO-WP-P04-234.yaml","application/yaml","620","2026-10-02T04:01:20.864139+00:00","libfile_ea30d6ad483c81918a3f73cd385ca10c","file_00000000748881f5b77dabe3e6079d49","text-source"
"00_CONTROL/PHASE_4_FOUNDATION_KNOWLEDGE/HANDOFFS/HO-WP-P04-235.yaml","application/yaml","615","2026-10-02T04:01:20.841500+00:00","libfile_1a66ff5ad4688191851794467d36a695","file_00000000f0d481f585d75da29003afd1","text-source"
"00_CONTROL/PHASE_4_FOUNDATION_KNOWLEDGE/HANDOFFS/HO-WP-P04-236.yaml","application/yaml","788","2026-10-02T10:08:43.734788+00:00","libfile_727a71952c048191a3d7bf60a9f61dc7","file_0000000037c481f5b16846bca04b3a25","text-source"
"00_CONTROL/PHASE_4_FOUNDATION_KNOWLEDGE/HANDOFFS/HO-WP-P04-237.yaml","application/yaml","860","2026-10-02T10:08:43.895250+00:00","libfile_56ec6f51f3348191ba932a48ae681d01","file_000000006ef881f5bd8945f03527556d","text-source"
"00_CONTROL/PHASE_4_FOUNDATION_KNOWLEDGE/HANDOFFS/HO-WP-P04-238.yaml","application/yaml","789","2026-10-02T10:08:43.752693+00:00","libfile_74d6ab707adc81918cf4e31291ca9c05","file_00000000de9481f5a107fd9f11d99791","text-source"
"00_CONTROL/PHASE_4_FOUNDATION_KNOWLEDGE/HANDOFFS/HO-WP-P04-239.yaml","application/yaml","831","2026-10-02T10:08:43.885748+00:00","libfile_09ecfad045708191991d9792136290eb","file_00000000e1b081f5a12740031e7742e3","text-source"
"00_CONTROL/PHASE_4_FOUNDATION_KNOWLEDGE/HANDOFFS/HO-WP-P04-240.yaml","application/yaml","823","2026-10-02T10:08:43.883834+00:00","libfile_315aa66927388191baf4cb76985f9445","file_000000007a3881f5ac3eef6cb25b0dc7","text-source"
"00_CONTROL/PHASE_4_FOUNDATION_KNOWLEDGE/HANDOFFS/HO-WP-P04-241.yaml","application/yaml","835","2026-10-03T04:10:21.348093+00:00","libfile_c202abce5c648191926b7227aef30003","file_00000000979881f6b9b52aa2e6748a7a","text-source"
"00_CONTROL/PHASE_4_FOUNDATION_KNOWLEDGE/HANDOFFS/HO-WP-P04-242.yaml","application/yaml","968","2026-10-03T04:10:21.317540+00:00","libfile_25b3249ed4fc8191b3ac091a32e3af8f","file_0000000038bc81f6aaea9f22ec23ed02","text-source"
"00_CONTROL/PHASE_4_FOUNDATION_KNOWLEDGE/HANDOFFS/HO-WP-P04-243.yaml","application/yaml","880","2026-10-03T04:10:21.322327+00:00","libfile_195b7a1678a88191835ac10708dc299b","file_000000009f9881f6972f2307cb1722de","text-source"
"00_CONTROL/PHASE_4_FOUNDATION_KNOWLEDGE/HANDOFFS/HO-WP-P04-244.yaml","application/yaml","824","2026-10-03T04:10:21.343557+00:00","libfile_096ebe2d57408191a710fe74f476c109","file_0000000003c881f682e5b5b9ab9259d8","text-source"
"00_CONTROL/PHASE_4_FOUNDATION_KNOWLEDGE/HANDOFFS/HO-WP-P04-245.yaml","application/yaml","870","2026-10-03T04:10:21.345077+00:00","libfile_73e615b40cbc81918b84edad6f7fccd8","file_000000006b4881f6b530a415bc46ed0e","text-source"
"00_CONTROL/PHASE_4_FOUNDATION_KNOWLEDGE/HANDOFFS/HO-WP-P04-246.yaml","application/yaml","805","2026-10-03T15:07:55.289482+00:00","libfile_642568cb864481919e044bba53ce4d62","file_00000000865081f59a503f37f4255564","text-source"
"00_CONTROL/PHASE_4_FOUNDATION_KNOWLEDGE/HANDOFFS/HO-WP-P04-247.yaml","application/yaml","938","2026-10-03T15:07:55.269305+00:00","libfile_df8fedf4d0808191ae185c5d5b889a73","file_00000000958481f595b950f45608671f","text-source"
"00_CONTROL/PHASE_4_FOUNDATION_KNOWLEDGE/HANDOFFS/HO-WP-P04-248.yaml","application/yaml","806","2026-10-03T15:07:55.291072+00:00","libfile_8f9ca04de8cc819199834b3b4056e282","file_000000006ca081f591275e7b10714a12","text-source"
"00_CONTROL/PHASE_4_FOUNDATION_KNOWLEDGE/HANDOFFS/HO-WP-P04-249.yaml","application/yaml","794","2026-10-03T15:07:55.272609+00:00","libfile_f354a1f828f88191adcfeff6fe54d165","file_00000000d7d481f59878ef58059709c3","text-source"
"00_CONTROL/PHASE_4_FOUNDATION_KNOWLEDGE/HANDOFFS/HO-WP-P04-250.yaml","application/yaml","840","2026-10-03T15:07:55.265529+00:00","libfile_366553b803a48191add1daf93a47bd8f","file_00000000117481f5b48dc72eb36018e1","text-source"
"00_CONTROL/PHASE_5_MODULE_BUILD/HANDOFFS/HO-WP-P05-031.yaml","application/yaml","823","2026-10-03T10:53:23.491560+00:00","libfile_9708395b3ec881919f9796477bf5d611","file_0000000087e081f5bde57740f531fa3b","text-source"
"00_CONTROL/PHASE_5_MODULE_BUILD/HANDOFFS/HO-WP-P05-032.yaml","application/yaml","956","2026-10-03T10:53:23.507867+00:00","libfile_d1e78e0618188191bb0909cb7b591f88","file_0000000006dc81f58d018ed8fdd65755","text-source"
"00_CONTROL/PHASE_5_MODULE_BUILD/HANDOFFS/HO-WP-P05-033.yaml","application/yaml","824","2026-10-03T10:53:23.512972+00:00","libfile_01291fe2034c8191972a931641aa352f","file_00000000bc8c81f5b23e5f004c2b304b","text-source"
"00_CONTROL/PHASE_5_MODULE_BUILD/HANDOFFS/HO-WP-P05-034.yaml","application/yaml","812","2026-10-03T10:53:27.214556+00:00","libfile_d60ae651aba081918db725e12340f5ea","file_00000000a15c81f6a543a6952b2f7a44","text-source"
"00_CONTROL/PHASE_5_MODULE_BUILD/HANDOFFS/HO-WP-P05-035.yaml","application/yaml","858","2026-10-03T10:53:27.223983+00:00","libfile_013c20f1afe481919d6fa741d140c7f7","file_000000008a8081f6a42e61c5c5340395","text-source"
"00_CONTROL/PHASE_7_MODULE_BUILD/HANDOFFS/HO-WP-P07-026.yaml","application/yaml","811","2026-10-03T10:53:27.219504+00:00","libfile_c1075eb4327081918085f3cb225d4517","file_00000000b9f881f6bada8e6e0d7539d5","text-source"
"00_CONTROL/PHASE_7_MODULE_BUILD/HANDOFFS/HO-WP-P07-027.yaml","application/yaml","944","2026-10-03T10:53:27.775784+00:00","libfile_3eec30279d588191a4d1a49028c023bd","file_00000000d73c81f68f8e421cf57ee581","text-source"
"00_CONTROL/PHASE_7_MODULE_BUILD/HANDOFFS/HO-WP-P07-028.yaml","application/yaml","812","2026-10-03T10:53:27.211315+00:00","libfile_053dea313c608191baa8ca544a2fa42a","file_00000000bf4481f68dc2b19e2e34590b","text-source"
"00_CONTROL/PHASE_7_MODULE_BUILD/HANDOFFS/HO-WP-P07-029.yaml","application/yaml","800","2026-10-03T10:53:27.231719+00:00","libfile_a4c4027ebb8c81919fe3572e63b83af2","file_00000000344481f68aa246c52ec9fa9e","text-source"
"00_CONTROL/PHASE_7_MODULE_BUILD/HANDOFFS/HO-WP-P07-030.yaml","application/yaml","846","2026-10-03T10:53:27.216512+00:00","libfile_6ff4576cda1c81919e6d3d141a46d05d","file_000000005f2c81f681c20b7837663ebc","text-source"
"00_CONTROL/PHASE_7_MODULE_BUILD/HANDOFFS/HO-WP-P07-031.yaml","application/yaml","808","2026-10-04T11:05:36.145784+00:00","libfile_278800343aa88191b818af9a0fb96399","file_00000000a20081f5bf9a84a5a71b14bb","text-source"
"00_CONTROL/PHASE_7_MODULE_BUILD/HANDOFFS/HO-WP-P07-032.yaml","application/yaml","941","2026-10-04T11:05:36.155729+00:00","libfile_79d4382478c88191aaec4dc7db8a59ef","file_00000000bd9881f5b04da1c3a2fe2544","text-source"
"00_CONTROL/PHASE_7_MODULE_BUILD/HANDOFFS/HO-WP-P07-033.yaml","application/yaml","809","2026-10-04T11:05:36.142309+00:00","libfile_bcee0b2dcb6881919ec8a31b9750d5ce","file_0000000088a081f5a5adfe05bab4c324","text-source"
"00_CONTROL/PHASE_7_MODULE_BUILD/HANDOFFS/HO-WP-P07-034.yaml","application/yaml","797","2026-10-04T11:05:36.171842+00:00","libfile_37b8daf983dc81919d57f8409579f174","file_00000000353481f5abcc0f11f31cfb5f","text-source"
"00_CONTROL/PHASE_7_MODULE_BUILD/HANDOFFS/HO-WP-P07-035.yaml","application/yaml","843","2026-10-04T11:05:36.174116+00:00","libfile_234a1098a0f88191acb79e55a21116c8","file_00000000b97c81f5ba07a7e45a6bc187","text-source"
"00_CONTROL/PHASE_7_MODULE_BUILD/HANDOFFS/HO-WP-P07-051.yaml","application/yaml","820","2026-10-04T11:05:40.622503+00:00","libfile_f77e9107c8a8819182e8857aca504e06","file_00000000641481f6b218f1beb0806361","text-source"
"00_CONTROL/PHASE_7_MODULE_BUILD/HANDOFFS/HO-WP-P07-052.yaml","application/yaml","953","2026-10-04T11:05:40.625340+00:00","libfile_b8a8f9465f188191a2644ef8a19a0da5","file_00000000a09c81f69ac659a13e3c9158","text-source"
"00_CONTROL/PHASE_7_MODULE_BUILD/HANDOFFS/HO-WP-P07-053.yaml","application/yaml","821","2026-10-04T11:05:40.657922+00:00","libfile_607ba3423a2481918f136c63a5d97c78","file_00000000380081f686b796b09d41c34b","text-source"
"00_CONTROL/PHASE_7_MODULE_BUILD/HANDOFFS/HO-WP-P07-054.yaml","application/yaml","809","2026-10-04T11:05:40.644918+00:00","libfile_076acc07b2b48191a0d59f1b41bb7b22","file_000000008b9481f6b5d3021a82629b8a","text-source"
"00_CONTROL/PHASE_7_MODULE_BUILD/HANDOFFS/HO-WP-P07-055.yaml","application/yaml","855","2026-10-04T11:05:40.614048+00:00","libfile_7d2ee77cc7848191b2aa473790dc566a","file_000000002ed081f6ad8492ff18e46436","text-source"
"00_CONTROL/PHASE_9_MODULE_BUILD/HANDOFFS/HO-WP-P09-006.yaml","application/yaml","817","2026-10-03T10:53:27.209848+00:00","libfile_14712df204bc81918203fbc7918ce5cc","file_00000000928c81f6b8cfb6b197b9a648","text-source"
"00_CONTROL/PHASE_9_MODULE_BUILD/HANDOFFS/HO-WP-P09-007.yaml","application/yaml","950","2026-10-03T10:53:27.233233+00:00","libfile_71e70f595b988191bd5589099d6474b0","file_00000000d22481f692a12d0ffe611e74","text-source"
"00_CONTROL/PHASE_9_MODULE_BUILD/HANDOFFS/HO-WP-P09-008.yaml","application/yaml","818","2026-10-03T10:53:27.227279+00:00","libfile_b9c034a6341c8191ace3312849bdae7d","file_00000000039081f6b46f1e13e0d4c83d","text-source"
"00_CONTROL/PHASE_9_MODULE_BUILD/HANDOFFS/HO-WP-P09-009.yaml","application/yaml","806","2026-10-03T10:53:27.206775+00:00","libfile_5184931e1f5c819195967525565cf06e","file_000000007bbc81f6b2d32caa2748eb6c","text-source"
"00_CONTROL/PHASE_9_MODULE_BUILD/HANDOFFS/HO-WP-P09-010.yaml","application/yaml","852","2026-10-03T10:53:27.201307+00:00","libfile_5364f9a993288191921be39d12824719","file_00000000769c81f69f419ae36da5a1aa","text-source"
"00_CONTROL/PHASE_9_MODULE_BUILD/HANDOFFS/HO-WP-P09-011.yaml","application/yaml","817","2026-10-03T10:53:27.208306+00:00","libfile_dcc30ccf7d4c8191a7339d9814dd94e8","file_00000000258481f68c29c48b8354be57","text-source"
"00_CONTROL/PHASE_9_MODULE_BUILD/HANDOFFS/HO-WP-P09-012.yaml","application/yaml","950","2026-10-03T10:53:27.217904+00:00","libfile_081498552bf88191bd292e18be06b9b9","file_00000000893081f6ae0d257aa31b8607","text-source"
"00_CONTROL/PHASE_9_MODULE_BUILD/HANDOFFS/HO-WP-P09-013.yaml","application/yaml","818","2026-10-03T10:53:27.488445+00:00","libfile_994a05b3c3d0819193cc9b81afbd5833","file_0000000059b881f6ba1f736e04c55158","text-source"
"00_CONTROL/PHASE_9_MODULE_BUILD/HANDOFFS/HO-WP-P09-014.yaml","application/yaml","806","2026-10-03T10:53:27.228880+00:00","libfile_a383f7924bf48191924d7c298f213ec6","file_00000000ea1c81f68107d73d3bbc2a7e","text-source"
"00_CONTROL/PHASE_9_MODULE_BUILD/HANDOFFS/HO-WP-P09-015.yaml","application/yaml","852","2026-10-03T10:53:27.247526+00:00","libfile_3457a4897054819182a99c14a00b4d27","file_00000000442081f69cc9eb0ccede480f","text-source"
"00_CONTROL/PHASE_9_MODULE_BUILD/HANDOFFS/HO-WP-P09-056.yaml","application/yaml","820","2026-10-03T10:53:27.212853+00:00","libfile_41abe6ff722c8191b7103bc09577fe6f","file_00000000ebe481f6a4c878c6010f1cc1","text-source"
"00_CONTROL/PHASE_9_MODULE_BUILD/HANDOFFS/HO-WP-P09-057.yaml","application/yaml","953","2026-10-03T10:53:27.225708+00:00","libfile_e250964a3a988191a6fd33c0c3929c2c","file_00000000d65c81f688807a4a56809c66","text-source"
"00_CONTROL/PHASE_9_MODULE_BUILD/HANDOFFS/HO-WP-P09-058.yaml","application/yaml","821","2026-10-03T10:53:27.199535+00:00","libfile_8b79d2879cfc81919cb879ef3b530c23","file_000000008ff881f6a48aa73e5ada4950","text-source"
"00_CONTROL/PHASE_9_MODULE_BUILD/HANDOFFS/HO-WP-P09-059.yaml","application/yaml","809","2026-10-03T10:53:33.479619+00:00","libfile_efea703f71808191b547e4e355b2c40a","file_00000000b1f481f5868e471f22e68236","text-source"
"00_CONTROL/PHASE_9_MODULE_BUILD/HANDOFFS/HO-WP-P09-060.yaml","application/yaml","855","2026-10-03T10:53:33.456548+00:00","libfile_447be68f0e84819186a6ea4af47e2c0a","file_00000000a3d081f5aca120b1d7af85fa","text-source"
"00_CONTROL/PHASE_9_MODULE_BUILD/HANDOFFS/HO-WP-P09-061.yaml","application/yaml","811","2026-10-03T10:53:33.478040+00:00","libfile_096339dbd2b88191a3d38c1617a966de","file_00000000518c81f5aaf58249a8345209","text-source"
"00_CONTROL/PHASE_9_MODULE_BUILD/HANDOFFS/HO-WP-P09-062.yaml","application/yaml","944","2026-10-03T10:53:33.455093+00:00","libfile_bbd0fa03396c8191a16688a27696c339","file_00000000edc481f58d0cc6b7fb46e019","text-source"
"00_CONTROL/PHASE_9_MODULE_BUILD/HANDOFFS/HO-WP-P09-063.yaml","application/yaml","812","2026-10-03T10:53:33.476250+00:00","libfile_4b8dde5e2d2c8191b66f606c994e32c0","file_00000000814c81f59a9a93f1a3eb7789","text-source"
"00_CONTROL/PHASE_9_MODULE_BUILD/HANDOFFS/HO-WP-P09-064.yaml","application/yaml","800","2026-10-03T10:53:33.446657+00:00","libfile_0847c1ce375081919a8e21fb57b70875","file_000000004b7c81f59336df94d5bb8267","text-source"
"00_CONTROL/PHASE_9_MODULE_BUILD/HANDOFFS/HO-WP-P09-065.yaml","application/yaml","846","2026-10-03T10:53:34.098793+00:00","libfile_32e92b81d8e081918b6e6b1c979570f8","file_00000000b04c81f58d46a6238fa61b08","text-source"
"00_CONTROL/PHASE_9_MODULE_BUILD/HANDOFFS/HO-WP-P09-066.yaml","application/yaml","829","2026-10-03T10:53:33.471473+00:00","libfile_06cada286e948191bb8660ff5f183c8d","file_00000000da6481f5b210cd6799b86796","text-source"
"00_CONTROL/PHASE_9_MODULE_BUILD/HANDOFFS/HO-WP-P09-067.yaml","application/yaml","962","2026-10-03T10:53:33.464060+00:00","libfile_7f0e8c1daa9c81918f2cdd8d1ad3915c","file_0000000094f481f5afe92b1ec4f4b02c","text-source"
"00_CONTROL/PHASE_9_MODULE_BUILD/HANDOFFS/HO-WP-P09-068.yaml","application/yaml","830","2026-10-03T10:53:33.458372+00:00","libfile_e3d5052ed4788191af4946a03606e83c","file_00000000721481f582a687833ee1cf84","text-source"
"00_CONTROL/PHASE_9_MODULE_BUILD/HANDOFFS/HO-WP-P09-069.yaml","application/yaml","818","2026-10-03T10:53:33.470073+00:00","libfile_0cb53f0140148191bfcef07d8ffe6c75","file_000000003f7c81f593ee636e33bc5baf","text-source"
"00_CONTROL/PHASE_9_MODULE_BUILD/HANDOFFS/HO-WP-P09-070.yaml","application/yaml","864","2026-10-03T10:53:33.474118+00:00","libfile_fc10cf4c5f548191a99c17828e7fed6a","file_0000000041f081f59089aadeeae3a3c9","text-source"
"00_CONTROL/PHASE_9_MODULE_BUILD/HANDOFFS/HO-WP-P09-071.yaml","application/yaml","820","2026-10-03T15:07:55.296311+00:00","libfile_4ef6bc55bcb081919e21e720d5a0344b","file_000000007688822f92cef6b6e2205575","text-source"
"00_CONTROL/PHASE_9_MODULE_BUILD/HANDOFFS/HO-WP-P09-072.yaml","application/yaml","953","2026-10-03T15:07:55.258586+00:00","libfile_26d26b400b4c819195b551eebac3e32b","file_00000000463481f5b67bff618eac481b","text-source"
"00_CONTROL/PHASE_9_MODULE_BUILD/HANDOFFS/HO-WP-P09-073.yaml","application/yaml","821","2026-10-03T15:07:55.263828+00:00","libfile_22d906cead2c8191bfff0056e00c8cf4","file_00000000d648822f8295891513249c97","text-source"
"00_CONTROL/PHASE_9_MODULE_BUILD/HANDOFFS/HO-WP-P09-074.yaml","application/yaml","809","2026-10-03T15:07:55.277070+00:00","libfile_3b008d7a9a4c8191b0d383bcff7641ba","file_000000003168822fb00f67a2f211df51","text-source"
"00_CONTROL/PHASE_9_MODULE_BUILD/HANDOFFS/HO-WP-P09-075.yaml","application/yaml","855","2026-10-03T15:07:55.271072+00:00","libfile_8cc6554985148191a2bff5b8ac567187","file_00000000521481f59fc64c76f06ff326","text-source"
"00_CONTROL/PHASE_9_MODULE_BUILD/HANDOFFS/HO-WP-P09-076.yaml","application/yaml","823","2026-10-03T15:07:55.260576+00:00","libfile_a18d22d3f52c8191817b4f5d26bfbcce","file_00000000ccf8822fbbd10b8a625861bf","text-source"
"00_CONTROL/PHASE_9_MODULE_BUILD/HANDOFFS/HO-WP-P09-077.yaml","application/yaml","956","2026-10-03T15:07:58.790985+00:00","libfile_d337619071d88191899258d7c4ea9cc7","file_00000000b63881f5acd9f805c10fb823","text-source"
"00_CONTROL/PHASE_9_MODULE_BUILD/HANDOFFS/HO-WP-P09-078.yaml","application/yaml","824","2026-10-03T15:07:58.778933+00:00","libfile_11206b2449c08191b245e6301dd623a3","file_000000007ff081f5861846f0eaba5d63","text-source"
"00_CONTROL/PHASE_9_MODULE_BUILD/HANDOFFS/HO-WP-P09-079.yaml","application/yaml","812","2026-10-03T15:07:58.787747+00:00","libfile_d83dc4482290819189473619ef491781","file_00000000e45881f5a3b0b1a62c294bec","text-source"
"00_CONTROL/PHASE_9_MODULE_BUILD/HANDOFFS/HO-WP-P09-080.yaml","application/yaml","858","2026-10-03T15:07:58.782290+00:00","libfile_6576c2ea65e48191ba90590efbd81fc0","file_00000000607081f5be9b8541503ad672","text-source"
"00_CONTROL/PHASE_9_MODULE_BUILD/HANDOFFS/HO-WP-P09-081.yaml","application/yaml","829","2026-10-03T10:53:33.452459+00:00","libfile_a1a80d1f00988191aba7bdc78f5dcabf","file_00000000a22081f5a48b8964183040d9","text-source"
"00_CONTROL/PHASE_9_MODULE_BUILD/HANDOFFS/HO-WP-P09-082.yaml","application/yaml","962","2026-10-03T10:53:33.462600+00:00","libfile_7ade75c3b6ac8191bdf140bd7053dd6e","file_00000000c17481f5a84af38144f58d66","text-source"
"00_CONTROL/PHASE_9_MODULE_BUILD/HANDOFFS/HO-WP-P09-083.yaml","application/yaml","830","2026-10-03T10:53:33.461228+00:00","libfile_7e3afbd0c39c8191a982399dacff4c83","file_00000000e4e481f59bcb9188e05c89a4","text-source"
"00_CONTROL/PHASE_9_MODULE_BUILD/HANDOFFS/HO-WP-P09-084.yaml","application/yaml","818","2026-10-03T10:53:33.497776+00:00","libfile_504cca59c85c81919b0e7effdac3461d","file_00000000e43081f5b7ee5b30a0e54d7a","text-source"
"00_CONTROL/PHASE_9_MODULE_BUILD/HANDOFFS/HO-WP-P09-085.yaml","application/yaml","864","2026-10-03T10:53:33.502783+00:00","libfile_2498e44171f08191b4107619c18d5307","file_00000000866c81f582bdfcd4e4e21589","text-source"
"00_CONTROL/PHASE_9_MODULE_BUILD/HANDOFFS/HO-WP-P09-086.yaml","application/yaml","829","2026-10-03T10:53:33.501247+00:00","libfile_9a5e8235f3d48191a63f04346ccabf28","file_00000000321481f5936b00d4f776efb2","text-source"
"00_CONTROL/PHASE_9_MODULE_BUILD/HANDOFFS/HO-WP-P09-087.yaml","application/yaml","962","2026-10-03T10:53:33.786131+00:00","libfile_a507ef2160d48191880001cfaf7565a8","file_00000000c9e081f5b4a6eefa399cb4bf","text-source"
"00_CONTROL/PHASE_9_MODULE_BUILD/HANDOFFS/HO-WP-P09-088.yaml","application/yaml","830","2026-10-03T10:53:33.459727+00:00","libfile_3e2436986b9c8191ac22547d785fbcc6","file_00000000e5b481f5b536fc48cadef105","text-source"
"00_CONTROL/PHASE_9_MODULE_BUILD/HANDOFFS/HO-WP-P09-089.yaml","application/yaml","818","2026-10-03T10:53:37.433444+00:00","libfile_0c068ae86b6c819189be4f487a340d02","file_00000000b11481f5b7cc28952556618a","text-source"
"00_CONTROL/PHASE_9_MODULE_BUILD/HANDOFFS/HO-WP-P09-090.yaml","application/yaml","864","2026-10-03T10:53:37.456634+00:00","libfile_012f6626eba08191886bd3a72b9e9a59","file_00000000a73481f58152bf7d7d447e31","text-source"
"00_CONTROL/PHASE_9_MODULE_BUILD/HANDOFFS/HO-WP-P09-091.yaml","application/yaml","869","2026-10-03T10:53:37.607896+00:00","libfile_5555c04c33088191bfb3f54557a9a857","file_000000007ee881f5b4f92d5378b00533","text-source"
"00_CONTROL/PHASE_9_MODULE_BUILD/HANDOFFS/HO-WP-P09-092.yaml","application/yaml","1002","2026-10-03T10:53:37.429314+00:00","libfile_1f4b0cbd147081919a9d4e72f3c3a217","file_000000000dd881f5a110d6e3626917a8","text-source"
"00_CONTROL/PHASE_9_MODULE_BUILD/HANDOFFS/HO-WP-P09-093.yaml","application/yaml","909","2026-10-03T10:53:37.455155+00:00","libfile_07d019c6b4888191b097c9331c485858","file_000000006d1c81f58ae8b962310ee266","text-source"
"00_CONTROL/PHASE_9_MODULE_BUILD/HANDOFFS/HO-WP-P09-094.yaml","application/yaml","858","2026-10-03T10:53:37.423846+00:00","libfile_de9b17b59a308191be5901e87d885900","file_000000003b3c81f5ba0f1ce79eb0b5f9","text-source"
"00_CONTROL/PHASE_9_MODULE_BUILD/HANDOFFS/HO-WP-P09-095.yaml","application/yaml","904","2026-10-03T10:53:37.439988+00:00","libfile_fc2a8e2990888191821802122bc7fb47","file_00000000a24881f5bcfdc1ab8ff1f3b1","text-source"
"00_CONTROL/PHASE_9_MODULE_BUILD/HANDOFFS/HO-WP-P09-096.yaml","application/yaml","838","2026-10-03T22:23:12.397395+00:00","libfile_9018cdcff2a48191a2c5a423e6bba883","file_000000002b2081f69a918ea90abcd773","text-source"
"00_CONTROL/PHASE_9_MODULE_BUILD/HANDOFFS/HO-WP-P09-097.yaml","application/yaml","971","2026-10-03T22:23:12.400055+00:00","libfile_3b591174e6ac81919688e2013a1cf61b","file_00000000d3dc81f690cc53e9973621ec","text-source"
"00_CONTROL/PHASE_9_MODULE_BUILD/HANDOFFS/HO-WP-P09-098.yaml","application/yaml","839","2026-10-03T22:23:12.419336+00:00","libfile_b136bd2477a48191b938e9050bb1d876","file_000000009dd081f697fec8317ff8c2e2","text-source"
"00_CONTROL/PHASE_9_MODULE_BUILD/HANDOFFS/HO-WP-P09-099.yaml","application/yaml","827","2026-10-03T22:23:12.428255+00:00","libfile_a0a8d4ff7c9c8191920dc07770965f3d","file_000000000e3081f690f94b895c220ece","text-source"
"00_CONTROL/PHASE_9_MODULE_BUILD/HANDOFFS/HO-WP-P09-100.yaml","application/yaml","873","2026-10-03T22:23:12.406939+00:00","libfile_2e9d97a2b284819184cfaece549fad05","file_00000000b5c881f695444b258a46c9a6","text-source"
"00_CONTROL/PHASE_9_MODULE_BUILD/HANDOFFS/HO-WP-P09-101.yaml","application/yaml","823","2026-10-03T22:23:12.404237+00:00","libfile_6be5f684b6c0819192a954b3cc28b07f","file_00000000f0e881f694263f598eb74ee7","text-source"
"00_CONTROL/PHASE_9_MODULE_BUILD/HANDOFFS/HO-WP-P09-102.yaml","application/yaml","956","2026-10-03T22:23:12.421239+00:00","libfile_722e911b231881919bc838b65b5557c3","file_00000000ce1881f6a429c8bc07bcd516","text-source"
"00_CONTROL/PHASE_9_MODULE_BUILD/HANDOFFS/HO-WP-P09-103.yaml","application/yaml","824","2026-10-03T22:23:12.409730+00:00","libfile_1298bc413670819198a9769bf48b753a","file_00000000140881f698e906e432405d99","text-source"
"00_CONTROL/PHASE_9_MODULE_BUILD/HANDOFFS/HO-WP-P09-104.yaml","application/yaml","812","2026-10-03T22:23:12.402894+00:00","libfile_ac1b0db56f3481919c35d6a7a7ad5c5d","file_00000000075881f6b73a32c8f818ecc3","text-source"
"00_CONTROL/PHASE_9_MODULE_BUILD/HANDOFFS/HO-WP-P09-105.yaml","application/yaml","858","2026-10-03T22:23:12.408316+00:00","libfile_f7374e6a73c481919d52408a1e424864","file_00000000f57c81f6933695df36c274b1","text-source"
"00_CONTROL/PHASE_9_MODULE_BUILD/HANDOFFS/HO-WP-P09-131.yaml","application/yaml","826","2026-10-04T11:05:40.633598+00:00","libfile_88c8adadd6b881918599aeeae9e78fcc","file_000000007c8081f6a03e9d3aaf09348f","text-source"
"00_CONTROL/PHASE_9_MODULE_BUILD/HANDOFFS/HO-WP-P09-132.yaml","application/yaml","959","2026-10-04T11:05:40.600540+00:00","libfile_f403bea34d888191adeab5329e663860","file_00000000f29081f6bd57ddc99f7b38f4","text-source"
"00_CONTROL/PHASE_9_MODULE_BUILD/HANDOFFS/HO-WP-P09-133.yaml","application/yaml","827","2026-10-04T11:05:40.602175+00:00","libfile_33d3f4642fa481918bde0acf0fa4966a","file_000000008cc481f68dd3d460f8cf3074","text-source"
"00_CONTROL/PHASE_9_MODULE_BUILD/HANDOFFS/HO-WP-P09-134.yaml","application/yaml","815","2026-10-04T11:05:40.607725+00:00","libfile_5a74cd499c9c81918c00c23e85c4eda4","file_0000000031cc81f6b6e3bde21b31651f","text-source"
"00_CONTROL/PHASE_9_MODULE_BUILD/HANDOFFS/HO-WP-P09-135.yaml","application/yaml","861","2026-10-04T11:05:40.615437+00:00","libfile_48b3f666b14c8191b6a1b5da880c871b","file_00000000fd1c81f6be71f58daedd1835","text-source"
"00_CONTROL/PHASE_4_FOUNDATION_KNOWLEDGE/VALIDATION/L00.01_VALIDATION.md","text/markdown","281","2026-10-01T09:25:15.677687+00:00","libfile_1ed78602ce088191a67d1ea343ff449a","file_00000000374c821186753c272cab1bc2","text-source"
"00_CONTROL/PHASE_4_FOUNDATION_KNOWLEDGE/VALIDATION/L00.02_VALIDATION.md","text/markdown","720","2026-10-01T09:43:24.565263+00:00","libfile_dfa5685665d48191ae359d08465b39a2","file_0000000069408211825ab619756dc976","text-source"
"00_CONTROL/PHASE_4_FOUNDATION_KNOWLEDGE/VALIDATION/L00.03_VALIDATION.md","text/markdown","2622","2026-10-01T10:30:30.908822+00:00","libfile_989d508f6648819188a6dd0433d2259e","file_00000000ff988207a9e25d1df247a015","text-source"
"00_CONTROL/PHASE_4_FOUNDATION_KNOWLEDGE/VALIDATION/L00.03_VALIDATION_SUMMARY.md","text/markdown","546","2026-10-01T10:30:42.091344+00:00","libfile_842845ff93348191b9ee00b32c1a2e3b","file_0000000040c88207b104a02e422c1e47","text-source"
"00_CONTROL/PHASE_4_FOUNDATION_KNOWLEDGE/VALIDATION/L00.04_VALIDATION.md","text/markdown","2642","2026-10-01T10:55:04.834154+00:00","libfile_b0719d154f1081918233859013a3696d","file_000000006c1c8211a7d28a9403f58109","text-source"
"00_CONTROL/PHASE_4_FOUNDATION_KNOWLEDGE/VALIDATION/L00.04_VALIDATION_SUMMARY.md","text/markdown","375","2026-10-01T10:55:16.062289+00:00","libfile_ce0f768321908191838f391b3d15c673","file_00000000544c8211b678a0183427a3f5","text-source"
"00_CONTROL/PHASE_4_FOUNDATION_KNOWLEDGE/VALIDATION/L00.05_VALIDATION.md","text/markdown","901","2026-10-01T11:31:55.890143+00:00","libfile_5e069153da948191bbd96e53a58307e7","file_00000000e7c8821191bf8b28656ec65b","text-source"
"00_CONTROL/PHASE_4_FOUNDATION_KNOWLEDGE/VALIDATION/L00.05_VALIDATION_SUMMARY.md","text/markdown","487","2026-10-01T23:49:39.476457+00:00","libfile_cafe1f53a9ec819182464f466e7f8d03","file_00000000dc1881f68509aaa4911915e2","text-source"
"00_CONTROL/PHASE_4_FOUNDATION_KNOWLEDGE/VALIDATION/L00.06_VALIDATION.md","text/markdown","1590","2026-10-01T23:49:39.499870+00:00","libfile_addb1005ab348191adda2627b3cc330c","file_00000000d43881f69629e98a3a7193d6","text-source"
"00_CONTROL/PHASE_4_FOUNDATION_KNOWLEDGE/VALIDATION/L00.06_VALIDATION_SUMMARY.md","text/markdown","335","2026-10-01T23:49:39.465912+00:00","libfile_1d49fea268508191ba0513c664b528a6","file_00000000e77481f6a48f86132145ac5e","text-source"
"00_CONTROL/PHASE_4_FOUNDATION_KNOWLEDGE/VALIDATION/L00.07_VALIDATION.md","text/markdown","573","2026-10-01T14:26:56.678620+00:00","libfile_284e2082d00c819187ecf551d0ee633c","file_0000000085d882089533fdee8cd79316","text-source"
"00_CONTROL/PHASE_4_FOUNDATION_KNOWLEDGE/VALIDATION/L00.07_VALIDATION_SUMMARY.md","text/markdown","126","2026-10-01T14:27:05.839210+00:00","libfile_32edef575bac81919677fd4460d236f4","file_000000001de082118f581876f8568bd5","text-source"
"00_CONTROL/PHASE_4_FOUNDATION_KNOWLEDGE/VALIDATION/L00.08_VALIDATION.md","text/markdown","2171","2026-10-01T14:52:11.183616+00:00","libfile_923d7bff6cdc8191bacebe16c7b60bab","file_000000008b14821191dcc22fe78ebb5b","text-source"
"00_CONTROL/PHASE_4_FOUNDATION_KNOWLEDGE/VALIDATION/L00.08_VALIDATION_SUMMARY.md","text/markdown","143","2026-10-01T14:52:23.585957+00:00","libfile_1bd349fcb0a4819195ab0d83196702b5","file_00000000467c8211ada5829f289d3274","text-source"
"00_CONTROL/PHASE_2_DEPENDENCY_SYNAPSE_GRAPH/LOBE_MAPS/L00_GRAPH_MAP.md","text/markdown","1664","2026-10-01T23:49:24.075751+00:00","libfile_f16cf5f230548191827d6a1d67db78bb","file_0000000063b481f5be0f20fbfd672ee8","text-source"
"00_CONTROL/PHASE_1_ARCHITECTURE_NORMALIZATION/LOBE_AUDITS/L00_SEMANTIC_AUDIT.md","text/markdown","1059","2026-10-01T07:25:28.388541+00:00","libfile_96ef40fa373881918e5962405a8c5bb9","file_0000000034448211b96e236570d00661","text-source"
"00_CONTROL/PHASE_4_FOUNDATION_KNOWLEDGE/VALIDATION/L01.01_VALIDATION.md","text/markdown","2269","2026-10-01T16:47:09.619719+00:00","libfile_8297d3296c588191a25cc45c1bbbe56f","file_0000000036908207afd2eb6312af0468","text-source"
"00_CONTROL/PHASE_4_FOUNDATION_KNOWLEDGE/VALIDATION/L01.01_VALIDATION_SUMMARY.md","text/markdown","205","2026-10-01T16:47:18.705943+00:00","libfile_3dcf30abeca4819191b5a94b781e32d7","file_00000000c8ac8207884c400d984fedc7","text-source"
"00_CONTROL/PHASE_4_FOUNDATION_KNOWLEDGE/VALIDATION/L01.02_VALIDATION.md","text/markdown","793","2026-10-01T17:15:11.277907+00:00","libfile_217591b622ac8191b3cf0a15448f9941","file_000000001ee48207a1430bc2b8c37b5d","text-source"
"00_CONTROL/PHASE_4_FOUNDATION_KNOWLEDGE/VALIDATION/L01.02_VALIDATION_SUMMARY.md","text/markdown","221","2026-10-01T17:15:23.286593+00:00","libfile_8861047c212081918d7b3d5fff362305","file_0000000015c48211b74535bdddcc421c","text-source"
"00_CONTROL/PHASE_4_FOUNDATION_KNOWLEDGE/VALIDATION/L01.03_VALIDATION.md","text/markdown","443","2026-10-01T17:34:07.567512+00:00","libfile_7280c786d5008191bac0ed2d2663bfdf","file_000000000e908207bbf419646f504aeb","text-source"
"00_CONTROL/PHASE_4_FOUNDATION_KNOWLEDGE/VALIDATION/L01.03_VALIDATION_SUMMARY.md","text/markdown","122","2026-10-01T17:34:18.970733+00:00","libfile_034c29d7ec1c8191b0f5ff28350bed66","file_0000000069848211929ca8a9286b8eea","text-source"
"00_CONTROL/PHASE_4_FOUNDATION_KNOWLEDGE/VALIDATION/L01.04_VALIDATION.md","text/markdown","492","2026-10-01T19:24:55.178407+00:00","libfile_fc93349668b88191a38ae04a85b281cd","file_000000003de0820784a734cac9ea1c3a","text-source"
"00_CONTROL/PHASE_4_FOUNDATION_KNOWLEDGE/VALIDATION/L01.04_VALIDATION_SUMMARY.md","text/plain","123","2026-10-01T19:25:07.456062+00:00","libfile_59e10e8416648191bb6c48cd0f12b402","file_0000000084748207891d4920200a604a","text-source"
"00_CONTROL/PHASE_4_FOUNDATION_KNOWLEDGE/VALIDATION/L01.05_VALIDATION.md","text/markdown","460","2026-10-01T21:39:10.775720+00:00","libfile_2b30c610c56c81918aefefdcabce62c3","file_00000000535881fab2ce167348981b59","text-source"
"00_CONTROL/PHASE_4_FOUNDATION_KNOWLEDGE/VALIDATION/L01.05_VALIDATION_SUMMARY.md","text/markdown","460","2026-10-01T21:39:18.396719+00:00","libfile_92c6a595c43c81919abdf5e429965790","file_0000000039f081fab529a082e486665c","text-source"
"00_CONTROL/PHASE_2_DEPENDENCY_SYNAPSE_GRAPH/LOBE_MAPS/L01_GRAPH_MAP.md","text/markdown","1141","2026-10-01T23:49:24.025374+00:00","libfile_ceb8ffb8bd74819186ab99d6a460da69","file_000000009570822f8393b39ad482b479","text-source"
"00_CONTROL/PHASE_1_ARCHITECTURE_NORMALIZATION/LOBE_AUDITS/L01_SEMANTIC_AUDIT.md","text/markdown","999","2026-10-01T07:25:39.521897+00:00","libfile_8ed3e3f6fadc8191b87b1e80929b9a69","file_000000004fbc8211afba1b5e062ed2d9","text-source"
"00_CONTROL/PHASE_4_FOUNDATION_KNOWLEDGE/VALIDATION/L02.01_VALIDATION.md","text/markdown","461","2026-10-01T22:14:33.648875+00:00","libfile_53bc0c9d9c0481918267159b4d00e8ec","file_000000001c6481fa84574aac0c8bcf0d","text-source"
"00_CONTROL/PHASE_4_FOUNDATION_KNOWLEDGE/VALIDATION/L02.01_VALIDATION_SUMMARY.md","text/markdown","461","2026-10-01T22:14:43.316631+00:00","libfile_3bc4e017a3988191a09ef54c34544f10","file_000000001ea881fa97860481a3c98ed4","text-source"
"00_CONTROL/PHASE_2_DEPENDENCY_SYNAPSE_GRAPH/LOBE_MAPS/L02_GRAPH_MAP.md","text/markdown","1231","2026-10-01T23:49:24.040328+00:00","libfile_683ab79f28e08191bd343cccfb69bb5f","file_000000008e50820dbe76ca205342e4c6","text-source"
"00_CONTROL/PHASE_1_ARCHITECTURE_NORMALIZATION/LOBE_AUDITS/L02_SEMANTIC_AUDIT.md","text/markdown","1003","2026-10-01T07:25:50.719077+00:00","libfile_cd6619783d2c8191aa2cbf005581cf9f","file_00000000624482118ab7a97fefdc65cb","text-source"
"00_CONTROL/PHASE_2_DEPENDENCY_SYNAPSE_GRAPH/LOBE_MAPS/L03_GRAPH_MAP.md","text/markdown","1325","2026-10-01T23:49:24.078880+00:00","libfile_7603147318a481919524bc8ac15536f1","file_000000004d4c81f5aa869cfb304796c7","text-source"
"00_CONTROL/PHASE_1_ARCHITECTURE_NORMALIZATION/LOBE_AUDITS/L03_SEMANTIC_AUDIT.md","text/markdown","985","2026-10-01T07:26:01.786149+00:00","libfile_b505310d49e881918986c50d6d429180","file_000000006b3c8207abb468ba5c2a7ccd","text-source"
"00_CONTROL/PHASE_2_DEPENDENCY_SYNAPSE_GRAPH/LOBE_MAPS/L04_GRAPH_MAP.md","text/markdown","1152","2026-10-01T23:49:24.048904+00:00","libfile_105ce1ff1e3081919141804fa3a2a947","file_000000001d3c81f5aa646fc6e1e12d13","text-source"
"00_CONTROL/PHASE_1_ARCHITECTURE_NORMALIZATION/LOBE_AUDITS/L04_SEMANTIC_AUDIT.md","text/markdown","971","2026-10-01T07:26:12.548068+00:00","libfile_4969f21b111481918078e90f998778f0","file_0000000088b482079be77a8d3a893e72","text-source"
"00_CONTROL/PHASE_2_DEPENDENCY_SYNAPSE_GRAPH/LOBE_MAPS/L05_GRAPH_MAP.md","text/markdown","1320","2026-10-01T23:49:24.072084+00:00","libfile_b96dc2a7fd1c8191affedc455b5c5b2a","file_00000000cae8822f804f7fe2d06f83f3","text-source"
"00_CONTROL/PHASE_1_ARCHITECTURE_NORMALIZATION/LOBE_AUDITS/L05_SEMANTIC_AUDIT.md","text/markdown","983","2026-10-01T07:26:23.489966+00:00","libfile_2169886c4fc08191bfc9ba1cf936d55e","file_00000000fafc82118c3fb2f049812fe1","text-source"
"00_CONTROL/PHASE_2_DEPENDENCY_SYNAPSE_GRAPH/LOBE_MAPS/L06_GRAPH_MAP.md","text/markdown","1183","2026-10-01T23:49:24.029178+00:00","libfile_237117d8ece08191944652fbaa37a58d","file_000000008ee481f593994f60d26a452b","text-source"
"00_CONTROL/PHASE_1_ARCHITECTURE_NORMALIZATION/LOBE_AUDITS/L06_SEMANTIC_AUDIT.md","text/markdown","998","2026-10-01T07:26:34.446789+00:00","libfile_eb2b1f56243081918d0795fb849ed020","file_0000000072d482118cdd09b4b2ba2229","text-source"
"00_CONTROL/PHASE_2_DEPENDENCY_SYNAPSE_GRAPH/LOBE_MAPS/L07_GRAPH_MAP.md","text/markdown","1678","2026-10-01T23:49:24.094999+00:00","libfile_6c9aa50821f4819181bd3cd7241e6cc3","file_000000001580820d81e855cc8d9d3938","text-source"
"00_CONTROL/PHASE_1_ARCHITECTURE_NORMALIZATION/LOBE_AUDITS/L07_SEMANTIC_AUDIT.md","text/markdown","1084","2026-10-01T07:26:45.769482+00:00","libfile_a53e222e98008191a76caab9f6274986","file_000000000c848208bd9a44f55f62c031","text-source"
"00_CONTROL/PHASE_2_DEPENDENCY_SYNAPSE_GRAPH/LOBE_MAPS/L08_GRAPH_MAP.md","text/markdown","1569","2026-10-01T23:49:24.034879+00:00","libfile_26cd3cb77ee48191a603d7cac829c1bf","file_000000000e58822f988998df1b4f5fae","text-source"
"00_CONTROL/PHASE_1_ARCHITECTURE_NORMALIZATION/LOBE_AUDITS/L08_SEMANTIC_AUDIT.md","text/markdown","1018","2026-10-01T07:26:57.148433+00:00","libfile_f8b8b2f209f48191953cbffb26a955eb","file_00000000c0688208bfaddb4fc6e3981e","text-source"
"00_CONTROL/PHASE_2_DEPENDENCY_SYNAPSE_GRAPH/LOBE_MAPS/L09_GRAPH_MAP.md","text/markdown","1483","2026-10-01T23:49:24.038049+00:00","libfile_e300ca4d4e48819188feb008c4526fca","file_000000005a0881f59ef8792bc5eacf98","text-source"
"00_CONTROL/PHASE_1_ARCHITECTURE_NORMALIZATION/LOBE_AUDITS/L09_SEMANTIC_AUDIT.md","text/markdown","939","2026-10-01T07:27:08.185852+00:00","libfile_26047c26186881918caeca2b78eeaa1c","file_0000000055c88211ad0f9222c8505efb","text-source"
"00_CONTROL/PHASE_2_DEPENDENCY_SYNAPSE_GRAPH/LOBE_MAPS/L10_GRAPH_MAP.md","text/markdown","1429","2026-10-01T23:49:24.030629+00:00","libfile_66c0024732f88191af140acac35c1ac9","file_00000000f2ec81f58b9ad6330954696c","text-source"
"00_CONTROL/PHASE_1_ARCHITECTURE_NORMALIZATION/LOBE_AUDITS/L10_SEMANTIC_AUDIT.md","text/markdown","998","2026-10-01T07:27:19.221335+00:00","libfile_d488f66523248191835736dae9927ff4","file_0000000077c88211a3ee37b10bac513a","text-source"
"00_CONTROL/PHASE_2_DEPENDENCY_SYNAPSE_GRAPH/LOBE_MAPS/L11_GRAPH_MAP.md","text/markdown","1443","2026-10-01T23:49:27.637029+00:00","libfile_139c566df33481918d7307ec2b6f822e","file_00000000e73c81f9a9fb70308db525a3","text-source"
"00_CONTROL/PHASE_1_ARCHITECTURE_NORMALIZATION/LOBE_AUDITS/L11_SEMANTIC_AUDIT.md","text/markdown","957","2026-10-01T07:27:30.341307+00:00","libfile_de8d103e7fe08191a40cf7a4fb40428a","file_00000000d64082119cdd5665c59604ad","text-source"
"00_CONTROL/PHASE_2_DEPENDENCY_SYNAPSE_GRAPH/LOBE_MAPS/L12_GRAPH_MAP.md","text/markdown","1199","2026-10-01T23:49:27.640450+00:00","libfile_745d4d2c57488191b06ece1ff3a3d955","file_00000000f15881f9953a02b5f4db3fc3","text-source"
"00_CONTROL/PHASE_1_ARCHITECTURE_NORMALIZATION/LOBE_AUDITS/L12_SEMANTIC_AUDIT.md","text/markdown","1038","2026-10-01T07:27:41.266816+00:00","libfile_4b525e4b19dc8191893c264d820c3664","file_00000000ac68821190246f113b2508f1","text-source"
"00_CONTROL/PHASE_2_DEPENDENCY_SYNAPSE_GRAPH/LOBE_MAPS/L13_GRAPH_MAP.md","text/markdown","1258","2026-10-01T23:49:27.787452+00:00","libfile_a8001a55976c819188f7ef89afd18541","file_00000000606c81f9a186136dba1a6b23","text-source"
"00_CONTROL/PHASE_1_ARCHITECTURE_NORMALIZATION/LOBE_AUDITS/L13_SEMANTIC_AUDIT.md","text/markdown","902","2026-10-01T07:27:52.483935+00:00","libfile_97d64a981f088191a2527ac19b0b3055","file_00000000c5388206bc746fb96f4e562c","text-source"
"00_CONTROL/PHASE_2_DEPENDENCY_SYNAPSE_GRAPH/LOBE_MAPS/L14_GRAPH_MAP.md","text/markdown","1153","2026-10-01T23:49:27.977964+00:00","libfile_126db8869fc4819191a5fc241ac7f6dd","file_00000000cbd881f9b7cda300f0d3da55","text-source"
"00_CONTROL/PHASE_1_ARCHITECTURE_NORMALIZATION/LOBE_AUDITS/L14_SEMANTIC_AUDIT.md","text/markdown","933","2026-10-01T07:28:03.464781+00:00","libfile_a57f353c06a08191b1b68ffc1151803c","file_00000000dc348211a64a736d3013d4f1","text-source"
"00_CONTROL/PHASE_2_DEPENDENCY_SYNAPSE_GRAPH/LOBE_MAPS/L15_GRAPH_MAP.md","text/markdown","1247","2026-10-01T23:49:27.674393+00:00","libfile_35e0f66b55a48191ae4ea1e034fba09f","file_00000000899081f9be80a6f25f2aee07","text-source"
"00_CONTROL/PHASE_1_ARCHITECTURE_NORMALIZATION/LOBE_AUDITS/L15_SEMANTIC_AUDIT.md","text/markdown","933","2026-10-01T07:28:14.652906+00:00","libfile_22f068dafd10819183cd639350d1821c","file_0000000026f8820798f9a9d206b8f2a5","text-source"
"00_CONTROL/PHASE_2_DEPENDENCY_SYNAPSE_GRAPH/LOBE_MAPS/L16_GRAPH_MAP.md","text/markdown","1144","2026-10-01T23:49:27.714969+00:00","libfile_ccb989fd475c819182e601e4d5f3b654","file_000000009ce081f988efc7f9cc2dce81","text-source"
"00_CONTROL/PHASE_1_ARCHITECTURE_NORMALIZATION/LOBE_AUDITS/L16_SEMANTIC_AUDIT.md","text/markdown","961","2026-10-01T07:28:25.853118+00:00","libfile_8e9e4b2d5e808191853177b867a77ad8","file_00000000bc188211bda44182c865c42e","text-source"
"00_CONTROL/PHASE_2_DEPENDENCY_SYNAPSE_GRAPH/LOBE_MAPS/L17_GRAPH_MAP.md","text/markdown","1111","2026-10-01T23:49:27.652760+00:00","libfile_eb13322fe2708191862ffa277594c6f2","file_0000000097b481f9bc1824c7eeefb0b3","text-source"
"00_CONTROL/PHASE_1_ARCHITECTURE_NORMALIZATION/LOBE_AUDITS/L17_SEMANTIC_AUDIT.md","text/markdown","947","2026-10-01T07:28:36.328141+00:00","libfile_ded2bc0c71e0819195d6c19002e416cc","file_00000000d1608207a5835510234c2b66","text-source"
"00_CONTROL/PHASE_2_DEPENDENCY_SYNAPSE_GRAPH/LOBE_MAPS/L18_GRAPH_MAP.md","text/markdown","1284","2026-10-01T23:49:27.810903+00:00","libfile_3c2d91571f348191bdf334158a3bd094","file_000000007b6481f989f341da8c75e06e","text-source"
"00_CONTROL/PHASE_1_ARCHITECTURE_NORMALIZATION/LOBE_AUDITS/L18_SEMANTIC_AUDIT.md","text/markdown","948","2026-10-01T07:28:54.317129+00:00","libfile_d51fdf5b607c81919ba71b71b1e5a0fc","file_00000000036c82078722a3c6d20ef920","text-source"
"00_CONTROL/PHASE_2_DEPENDENCY_SYNAPSE_GRAPH/LOBE_MAPS/L19_GRAPH_MAP.md","text/markdown","1294","2026-10-01T23:49:27.711536+00:00","libfile_61a9e5112af08191ae845ebd68de8ee5","file_00000000dac881f98d0ca77121babf9d","text-source"
"00_CONTROL/PHASE_1_ARCHITECTURE_NORMALIZATION/LOBE_AUDITS/L19_SEMANTIC_AUDIT.md","text/markdown","958","2026-10-01T07:29:05.468910+00:00","libfile_6ed877719e0481919269993acaab1d8a","file_000000005a6c8211b0fda11b9cd15427","text-source"
"00_CONTROL/PHASE_2_DEPENDENCY_SYNAPSE_GRAPH/LOBE_MAPS/L20_GRAPH_MAP.md","text/markdown","1373","2026-10-01T23:49:27.691013+00:00","libfile_3d950f7f5da48191839f6c5d9877ec0e","file_000000005e4881f9860f84ee3b9b7b36","text-source"
"00_CONTROL/PHASE_1_ARCHITECTURE_NORMALIZATION/LOBE_AUDITS/L20_SEMANTIC_AUDIT.md","text/markdown","980","2026-10-01T07:29:16.629502+00:00","libfile_8a1a7d20ff688191af32f32e0cf63505","file_00000000a738820781d52d8a58d5dae0","text-source"
"00_CONTROL/PHASE_2_DEPENDENCY_SYNAPSE_GRAPH/LOBE_MAPS/L21_GRAPH_MAP.md","text/markdown","1378","2026-10-01T23:49:27.688909+00:00","libfile_68b97aaab1688191901f613f7f1d716f","file_000000000d5481f9a7f1629c2ccc0de9","text-source"
"00_CONTROL/PHASE_1_ARCHITECTURE_NORMALIZATION/LOBE_AUDITS/L21_SEMANTIC_AUDIT.md","text/markdown","972","2026-10-01T07:29:27.280042+00:00","libfile_764375468e1081918200ddd581a0e511","file_000000003fbc82079ea20d939b5fd078","text-source"
"00_CONTROL/PHASE_2_DEPENDENCY_SYNAPSE_GRAPH/LOBE_MAPS/L22_GRAPH_MAP.md","text/markdown","1331","2026-10-01T23:49:27.718625+00:00","libfile_956ea00cb42081918517f67b7307f16a","file_000000001ab081f9af72069fb9fc15a4","text-source"
"00_CONTROL/PHASE_1_ARCHITECTURE_NORMALIZATION/LOBE_AUDITS/L22_SEMANTIC_AUDIT.md","text/markdown","1010","2026-10-01T07:29:38.435572+00:00","libfile_a1a971a50ac481918703d849abd45964","file_0000000061f88211a5ea842270708570","text-source"
"00_CONTROL/PHASE_2_DEPENDENCY_SYNAPSE_GRAPH/LOBE_MAPS/L23_GRAPH_MAP.md","text/markdown","1273","2026-10-01T23:49:27.649025+00:00","libfile_d4b406a3aa3c8191a9082dc4918bac61","file_000000007c5081f9901f25468be24095","text-source"
"00_CONTROL/PHASE_1_ARCHITECTURE_NORMALIZATION/LOBE_AUDITS/L23_SEMANTIC_AUDIT.md","text/markdown","1007","2026-10-01T07:29:49.497207+00:00","libfile_a038256f945c819188388ea27d965ed5","file_00000000419c821181e71914b108e90e","text-source"
"00_CONTROL/PHASE_2_DEPENDENCY_SYNAPSE_GRAPH/LOBE_MAPS/L24_GRAPH_MAP.md","text/markdown","1148","2026-10-01T23:49:27.682211+00:00","libfile_203ed13f623c81919fe7c1206b3bf9ba","file_00000000131481f99c9ff6e0702183e0","text-source"
"00_CONTROL/PHASE_1_ARCHITECTURE_NORMALIZATION/LOBE_AUDITS/L24_SEMANTIC_AUDIT.md","text/markdown","948","2026-10-01T07:30:00.166378+00:00","libfile_97f7e91ba3188191adf34fedc6c51fde","file_0000000066a882078ea3c2ef03a25058","text-source"
"00_CONTROL/PHASE_2_DEPENDENCY_SYNAPSE_GRAPH/LOBE_MAPS/L25_GRAPH_MAP.md","text/markdown","1182","2026-10-01T23:49:27.647235+00:00","libfile_38ded4c93e3481918911c160594fe9aa","file_00000000b74481f997b0cd0dcbf46d29","text-source"
"00_CONTROL/PHASE_1_ARCHITECTURE_NORMALIZATION/LOBE_AUDITS/L25_SEMANTIC_AUDIT.md","text/markdown","998","2026-10-01T07:30:11.185371+00:00","libfile_a8da105548288191889752218489efdc","file_0000000015b48211824ce0968e5465d1","text-source"
"00_CONTROL/PHASE_2_DEPENDENCY_SYNAPSE_GRAPH/LOBE_MAPS/L26_GRAPH_MAP.md","text/markdown","1153","2026-10-01T23:49:27.630635+00:00","libfile_0dc478ba03c08191b39b15c687a30788","file_00000000275481f982fba00aa5a42cfe","text-source"
"00_CONTROL/PHASE_1_ARCHITECTURE_NORMALIZATION/LOBE_AUDITS/L26_SEMANTIC_AUDIT.md","text/markdown","984","2026-10-01T07:30:23.282619+00:00","libfile_ade14d10470881919e124372fa15a743","file_000000002ea0821184f0d85b02c6aa03","text-source"
"00_CONTROL/LIBRARY_SYNC_STATUS.md","text/markdown","678","2026-10-04T11:38:20.397733+00:00","libfile_fee29368be348191b4ec81e72cf5bbb0","file_00000000baf081f7a0a3eecfed602aab","text-source"
"00_CONTROL/TEMPLATES/MODULE_QA_TEMPLATE.md","text/markdown","507","2026-10-01T06:45:25.407293+00:00","libfile_1fd6b55cb948819199f42527421e1024","file_0000000058d08207a3ea62ddff9a3ba2","text-source"
"00_CONTROL/PERSISTENCE_INDEX_LATEST.json","application/json","2099026","2026-10-04T11:38:20.464229+00:00","libfile_ca820eadaa748191905050582539edaa","file_00000000a5548230926a924537a12801","text-source"
"00_CONTROL/PHASE_1_ARCHITECTURE_NORMALIZATION/PHASE_1_COMPLETION_REPORT.md","text/markdown","1493","2026-10-01T07:25:07.547731+00:00","libfile_bbc04e972c9c8191a5199a0ed77fe482","file_000000002d44820791879c16e871e6cc","text-source"
"00_CONTROL/PHASE_1_ARCHITECTURE_NORMALIZATION/PHASE_1_VALIDATION.md","text/markdown","495","2026-10-01T07:25:17.516077+00:00","libfile_1b51bacd70e48191b8a0cf994725ffdb","file_00000000a5808211b87de8a94728df0f","text-source"
"00_CONTROL/PHASE_2_DEPENDENCY_SYNAPSE_GRAPH/PHASE_2_CHECKSUMS.sha256","application/octet-stream","589","2026-10-01T23:49:27.626999+00:00","libfile_58e64775424081918a63828b04a8a7c3","file_000000008b5c81f9af60216d576cb5de","binary-or-nontext"
"00_CONTROL/PHASE_2_DEPENDENCY_SYNAPSE_GRAPH/PHASE_2_COMPLETION_REPORT.md","text/markdown","1198","2026-10-01T08:35:46.764703+00:00","libfile_3ae156d9f3d48191a7a5d601ebc0a645","file_00000000dbac8211a1ebb61135ad128e","text-source"
"00_CONTROL/PHASE_2_DEPENDENCY_SYNAPSE_GRAPH/PHASE_2_VALIDATION.md","text/markdown","1833","2026-10-01T23:49:27.680213+00:00","libfile_6a81f15dd004819194e55eaa9c2e83b1","file_00000000fdd081f9a864d90b8c12ab75","text-source"
"00_CONTROL/PHASE_3_RESEARCH_INFRASTRUCTURE/PHASE_3_COMPLETION_REPORT.md","text/markdown","1314","2026-10-01T08:55:56.390146+00:00","libfile_1a1ba8d0ffb48191b69a1c52c5d8740e","file_0000000055608207a9ad5bf146d18416","text-source"
"00_CONTROL/PHASE_3_RESEARCH_INFRASTRUCTURE/VALIDATION/PHASE_3_VALIDATION.md","text/markdown","438","2026-10-01T08:56:26.786198+00:00","libfile_9f39631662188191acdb9dc6f2158801","file_00000000b2cc82119da58075f6576c3c","text-source"
"00_CONTROL/PHASE_4_FOUNDATION_KNOWLEDGE/PHASE_4_PROGRESS.md","text/markdown","446","2026-10-04T11:36:40.600523+00:00","libfile_af9f60a44e0c8191ad35e47e57597859","file_00000000e11c81f5838307e8259efc45","text-source"
"00_CONTROL/PHASE_3_RESEARCH_INFRASTRUCTURE/PILOT/PILOT_CLAIM_LEDGER.csv","text/csv","3524","2026-10-01T08:56:49.804181+00:00","libfile_340ec5ead0b48191842b03a83dfd88a8","file_000000003d8c82119579e3438c353943","text-source"
"00_CONTROL/PHASE_3_RESEARCH_INFRASTRUCTURE/PILOT/PILOT_CONTRADICTION_LEDGER.csv","text/csv","812","2026-10-01T08:57:12.318970+00:00","libfile_451eb60d50848191b6875f0e77e4afa7","file_000000009e948206bf35683ed92c70bd","text-source"
"00_CONTROL/PHASE_3_RESEARCH_INFRASTRUCTURE/PILOT/PILOT_EVIDENCE_MAP.csv","text/csv","2118","2026-10-01T08:57:01.714688+00:00","libfile_2c25825c67c48191aeb80833ddbc0727","file_000000004ca482078bcd198ca17d82c8","text-source"
"00_CONTROL/PHASE_3_RESEARCH_INFRASTRUCTURE/PILOT/PILOT_QA.md","text/markdown","1044","2026-10-01T08:57:23.421862+00:00","libfile_97b176dd6894819187d3d216f1340f39","file_00000000d314821184f2ef7cb7cf9c0a","text-source"
"00_CONTROL/PHASE_3_RESEARCH_INFRASTRUCTURE/PILOT/PILOT_RESEARCH_QUESTIONS.yaml","application/x-yaml","1534","2026-10-01T08:56:38.902129+00:00","libfile_3ffb1fcc07ec81918106ee9d852ed895","file_0000000086808211b77889744de9086c","text-source"
"00_CONTROL/README_CONTROL_PLANE.md","text/markdown","1911","2026-10-01T23:49:39.595401+00:00","libfile_6d412ddaff5481918540de58facf7a00","file_000000004e9c81f6a3f4c670fc27a916","text-source"
"00_CONTROL/PHASE_3_RESEARCH_INFRASTRUCTURE/RESEARCH_INFRASTRUCTURE_AUDIT.md","text/markdown","1072","2026-10-01T08:56:06.307610+00:00","libfile_ab3081a3fda08191b4b069bf1358efbb","file_000000008de88208885385b34ec88340","text-source"
"00_CONTROL/PHASE_3_RESEARCH_INFRASTRUCTURE/RESEARCH_INFRASTRUCTURE_CHECKSUMS.sha256","text/plain","1790","2026-10-01T08:56:16.279384+00:00","libfile_cc5212ec402c81919ed6f6e9fdfd6405","file_000000006a2c82119a5e756e14a95c37","text-source"
"00_CONTROL/TEMPLATES/RESEARCH_QA_TEMPLATE.md","text/markdown","2157","2026-10-01T08:55:38.656410+00:00","libfile_ee68722c4bb0819183ef925aa892f419","file_0000000093f48211b45a7a267215c844","text-source"
"00_CONTROL/TEMPLATES/RESEARCH_QUERY_TEMPLATE.yaml","application/x-yaml","836","2026-10-01T08:55:13.839521+00:00","libfile_21eba46f7f7481918528d3d4b97be345","file_000000009660820786737853e74982af","text-source"
"00_CONTROL/SKILL_INSTALLATION.json","application/json","1631","2026-10-04T11:36:40.586506+00:00","libfile_41aab01ad7ac8191abb78b8f68b4cb75","file_000000003fd881f5a3d4650ac0895c06","text-source"
"00_CONTROL/SOURCE_BUNDLE_REUSE_MAP.json","application/json","19188","2026-10-03T10:53:37.431600+00:00","libfile_3fa6801882c081918a9e75225c81a1aa","file_00000000644081f5a323e092d77b32ee","text-source"
"00_CONTROL/TEMPLATES/SOURCE_REGISTRY_TEMPLATE.csv","text/csv","368","2026-10-01T08:54:26.162547+00:00","libfile_0334d73e422081919fe51e53e343d138","file_00000000653882079f120b9d6fda351e","text-source"
"00_CONTROL/WORK_FAILURE_STOCKMAN_RIDER_TRACE.json","application/json","164876","2026-10-02T22:22:28.196944+00:00","libfile_c84745343934819184cd467998478535","file_0000000054cc81f59728b6cd4a15ffa0","text-source"
"00_CONTROL/WORK_HANDOFF.yaml","application/yaml","9743","2026-10-04T11:36:40.529726+00:00","libfile_d31a858d326c8191861a220b84a24400","file_000000007e9481f5bc8c472111ff5324","text-source"
"00_CONTROL/TEMPLATES/WORK_PACKET_TEMPLATE.yaml","application/yaml","802","2026-10-01T23:49:39.733292+00:00","libfile_1032ce1682dc8191878a3f4c8574fe88","file_00000000ba6c81f68980695ba9f979f8","text-source"
"00_CONTROL/WORK_PROVENANCE_STOCKMAN_RIDER_v1.5.7.json","application/json","41424","2026-10-02T22:22:28.124139+00:00","libfile_393ba43bea6c8191931c21aec8b75b8d","file_00000000714c81f5afd239a4193c0cec","text-source"
"00_CONTROL/WORK_REPAIR_LOG.json","application/json","15718","2026-10-03T10:53:37.609226+00:00","libfile_cac1ca07c4448191a283da1f624fc00c","file_00000000e87c81f5b71955cf2b69abd0","text-source"
"00_CONTROL/WORK_REPAIR_LOG.md","text/markdown","15871","2026-10-03T22:23:12.612496+00:00","libfile_2f503b314a1c8191b8a6d913fd68ca28","file_000000000be881f69bee1c68e5f64a9a","text-source"
"00_CONTROL/PHASE_2_DEPENDENCY_SYNAPSE_GRAPH/INTERFACES/WP-P02-028_INTERFACE.md","text/markdown","410","2026-10-01T23:49:20.078745+00:00","libfile_6bddefd60c788191a72c002f01237544","file_000000006d0081f680bead01643c60e0","text-source"
"00_CONTROL/PHASE_2_DEPENDENCY_SYNAPSE_GRAPH/INTERFACES/WP-P02-029_INTERFACE.md","text/markdown","415","2026-10-01T23:49:20.117300+00:00","libfile_aecda23fd6b48191b36fe772c1f6e8b2","file_0000000085c081f6adc470955149339f","text-source"
"00_CONTROL/PHASE_2_DEPENDENCY_SYNAPSE_GRAPH/INTERFACES/WP-P02-030_INTERFACE.md","text/markdown","416","2026-10-01T23:49:20.156991+00:00","libfile_627c6ca283188191bd2b63cb8c34fa4d","file_000000009eac81f6bca00c8abcfd5d86","text-source"
"00_CONTROL/PHASE_2_DEPENDENCY_SYNAPSE_GRAPH/INTERFACES/WP-P02-031_INTERFACE.md","text/markdown","402","2026-10-01T23:49:20.151591+00:00","libfile_e47f75964fac8191ac60d64db3e70155","file_00000000107c81f6ace727e3d920c1e7","text-source"
"00_CONTROL/PHASE_2_DEPENDENCY_SYNAPSE_GRAPH/INTERFACES/WP-P02-032_INTERFACE.md","text/markdown","413","2026-10-01T23:49:20.125375+00:00","libfile_2cfcff914ec8819189d10e61f918b6b1","file_000000008e5081f6917af7dc1ca83c95","text-source"
"00_CONTROL/PHASE_2_DEPENDENCY_SYNAPSE_GRAPH/INTERFACES/WP-P02-033_INTERFACE.md","text/markdown","425","2026-10-01T23:49:20.165812+00:00","libfile_6e1024c9e2608191b96d034835cba246","file_0000000043f481f6a16b8cc749c25ed4","text-source"
"00_CONTROL/PHASE_2_DEPENDENCY_SYNAPSE_GRAPH/INTERFACES/WP-P02-034_INTERFACE.md","text/markdown","405","2026-10-01T23:49:20.107938+00:00","libfile_975944e027dc8191bdabc52bcf03659e","file_00000000b05081f6ac5b70a5ac356d50","text-source"
"00_CONTROL/PHASE_2_DEPENDENCY_SYNAPSE_GRAPH/INTERFACES/WP-P02-035_INTERFACE.md","text/markdown","430","2026-10-01T23:49:20.076174+00:00","libfile_804a4cbd42a8819192d9aedcf20562be","file_000000009a8c81f6bd2413bcafb61976","text-source"
"00_CONTROL/PHASE_2_DEPENDENCY_SYNAPSE_GRAPH/INTERFACES/WP-P02-036_INTERFACE.md","text/markdown","407","2026-10-01T23:49:20.080479+00:00","libfile_87f218444cf08191960018383967fc21","file_00000000048881f6962aef1441bc135e","text-source"
"00_CONTROL/PHASE_2_DEPENDENCY_SYNAPSE_GRAPH/INTERFACES/WP-P02-037_INTERFACE.md","text/markdown","405","2026-10-01T23:49:20.097310+00:00","libfile_432e7c3536d481918c5d3c543abdba62","file_0000000012fc81f6a4a986f7dc5e7c2b","text-source"
"00_CONTROL/PHASE_2_DEPENDENCY_SYNAPSE_GRAPH/INTERFACES/WP-P02-038_INTERFACE.md","text/markdown","426","2026-10-01T23:49:24.074194+00:00","libfile_6d7bec4c29a0819184531ef0d375a573","file_00000000815881f5800214cb3f66d9e7","text-source"
"00_CONTROL/PHASE_2_DEPENDENCY_SYNAPSE_GRAPH/INTERFACES/WP-P02-039_INTERFACE.md","text/markdown","405","2026-10-01T23:49:24.036516+00:00","libfile_a4da52be68108191b8a0fd7c95b961d4","file_00000000f75481f5a41f0af1dc551168","text-source"
"00_CONTROL/PHASE_2_DEPENDENCY_SYNAPSE_GRAPH/INTERFACES/WP-P02-040_INTERFACE.md","text/markdown","419","2026-10-01T23:49:24.077389+00:00","libfile_6a1020a5cbd08191b0846af6c0cddc01","file_00000000306081f5a4380eb1833073d6","text-source"
"00_CONTROL/PHASE_2_DEPENDENCY_SYNAPSE_GRAPH/INTERFACES/WP-P02-041_INTERFACE.md","text/markdown","420","2026-10-01T23:49:24.050465+00:00","libfile_90a3100170848191a2a82d64a6a75301","file_000000002458822fa7630401ba8f7206","text-source"
"00_CONTROL/PHASE_2_DEPENDENCY_SYNAPSE_GRAPH/INTERFACES/WP-P02-042_INTERFACE.md","text/markdown","436","2026-10-01T23:49:24.027680+00:00","libfile_b75d209f2774819182dc15989a7a8ad1","file_00000000b83081f69a9dd68f3855c4e8","text-source"
"00_CONTROL/PHASE_2_DEPENDENCY_SYNAPSE_GRAPH/INTERFACES/WP-P02-043_INTERFACE.md","text/markdown","1229","2026-10-01T23:49:24.042079+00:00","libfile_27da879c2b208191a0b571b2252db120","file_0000000029c481f5abecbd03c07e6040","text-source"
"00_CONTROL/PHASE_2_DEPENDENCY_SYNAPSE_GRAPH/INTERFACES/WP-P02-044_INTERFACE.md","text/markdown","3554","2026-10-01T23:49:24.033419+00:00","libfile_3723b0421974819182c95c6b7fef524b","file_00000000b75881f58b2239bb2cca732a","text-source"
"00_CONTROL/PHASE_2_DEPENDENCY_SYNAPSE_GRAPH/INTERFACES/WP-P02-045_INTERFACE.md","text/markdown","3892","2026-10-01T23:49:24.053373+00:00","libfile_c4f05ad17a1c819194d9637220712adc","file_000000009308822fa6ce53fb51c6f4b0","text-source"
"00_CONTROL/PHASE_2_DEPENDENCY_SYNAPSE_GRAPH/INTERFACES/WP-P02-046_INTERFACE.md","text/markdown","654","2026-10-01T23:49:24.051952+00:00","libfile_f4620bf62eb8819186de812544a4979b","file_0000000018b4822fa3c567cd8840c1ad","text-source"
"00_CONTROL/PHASE_2_DEPENDENCY_SYNAPSE_GRAPH/VALIDATION/WP-P02-057_Prerequisite-DAG_integrity.md","text/markdown","152","2026-10-01T23:49:31.690504+00:00","libfile_59a2b43229b48191bbe51bac7433a568","file_00000000853481f5b7acc8fe678a6f83","text-source"
"00_CONTROL/PHASE_2_DEPENDENCY_SYNAPSE_GRAPH/VALIDATION/WP-P02-058_Causal_direction_integrity.md","text/markdown","217","2026-10-01T23:49:31.692459+00:00","libfile_243b3dcac9ec81918d7923fa45c59b72","file_00000000a5d481f5bf2cac40a45ef81a","text-source"
"00_CONTROL/PHASE_2_DEPENDENCY_SYNAPSE_GRAPH/VALIDATION/WP-P02-059_Temporal_ordering_integrity.md","text/markdown","215","2026-10-01T23:49:31.712422+00:00","libfile_476fbc9afee48191965b7bd2d193ee94","file_00000000cda881f591446e3b930d8415","text-source"
"00_CONTROL/PHASE_2_DEPENDENCY_SYNAPSE_GRAPH/VALIDATION/WP-P02-060_Conflict_arbitration_map.md","text/markdown","212","2026-10-01T23:49:31.710694+00:00","libfile_43a63291ebd0819197e2601931a79133","file_00000000114481f5915d30063f6949a0","text-source"
"00_CONTROL/PHASE_2_DEPENDENCY_SYNAPSE_GRAPH/VALIDATION/WP-P02-061_Inhibitory_control_map.md","text/markdown","210","2026-10-01T23:49:31.739833+00:00","libfile_2c997aeb07608191b625d23f848a49a7","file_00000000aa1881f597ba18bfd466a3de","text-source"
"00_CONTROL/PHASE_2_DEPENDENCY_SYNAPSE_GRAPH/VALIDATION/WP-P02-062_Feedback_loop_map.md","text/markdown","202","2026-10-01T23:49:31.683066+00:00","libfile_bf004826eab48191baf3d956494cb44c","file_0000000061f881f5ba74d8bda0c3516b","text-source"
"00_CONTROL/PHASE_2_DEPENDENCY_SYNAPSE_GRAPH/VALIDATION/WP-P02-063_Verification_edge_map.md","text/markdown","150","2026-10-01T23:49:31.744095+00:00","libfile_bce1804be53081919bfb10ce6f301df2","file_000000002ddc81f5b5abeaec18890922","text-source"
"00_CONTROL/PHASE_2_DEPENDENCY_SYNAPSE_GRAPH/VALIDATION/WP-P02-064_Memory-tool_edge_map.md","text/markdown","223","2026-10-01T23:49:31.678924+00:00","libfile_ebbc7fb6a8808191b4d68901939e67e7","file_00000000ed0881f596f8eb44623ab5dd","text-source"
"00_CONTROL/PHASE_2_DEPENDENCY_SYNAPSE_GRAPH/VALIDATION/WP-P02-065_Cycle_and_prerequisite_analysis.md","text/markdown","102","2026-10-01T23:49:31.703032+00:00","libfile_cc467c1ee97c819191152d920f91dbbe","file_0000000062e081f5a92711bbeb06581e","text-source"
"00_CONTROL/PHASE_2_DEPENDENCY_SYNAPSE_GRAPH/VALIDATION/WP-P02-066_Orphan_and_unreachable-node_analysis.md","text/markdown","110","2026-10-01T23:49:31.734200+00:00","libfile_a78270132f908191b1d720b6628734fc","file_00000000ba6c81f5b9b9cb2e53c8b11a","text-source"
"00_CONTROL/PHASE_2_DEPENDENCY_SYNAPSE_GRAPH/VALIDATION/WP-P02-067_High-centrality_node_analysis.md","text/markdown","135","2026-10-01T23:49:31.684952+00:00","libfile_49cc44b0266c8191ba232039d74bf039","file_00000000221c81f591b8434c1c9c4a01","text-source"
"00_CONTROL/PHASE_2_DEPENDENCY_SYNAPSE_GRAPH/VALIDATION/WP-P02-068_Conflict_and_inhibition_stress_test.md","text/markdown","159","2026-10-01T23:49:31.699538+00:00","libfile_75486d35722c81919eff8d2a21362a51","file_00000000992081f5bac266524a5a8b26","text-source"
"00_CONTROL/PHASE_2_DEPENDENCY_SYNAPSE_GRAPH/VALIDATION/WP-P02-069_Feedback-loop_closure_analysis.md","text/markdown","133","2026-10-01T23:49:35.892564+00:00","libfile_c0dfcd771a288191aaa7b81385704bc7","file_0000000089b881f5bbdd06f5b063656c","text-source"
"00_CONTROL/PHASE_2_DEPENDENCY_SYNAPSE_GRAPH/VALIDATION/WP-P02-070_Graph_schema_normalization.md","text/markdown","132","2026-10-01T23:49:35.547049+00:00","libfile_78b7198a6b1c8191a3dc893b8e520faa","file_00000000eec081f58998e54fa5dfe11f","text-source"
"00_CONTROL/PHASE_2_DEPENDENCY_SYNAPSE_GRAPH/VALIDATION/WP-P02-071_Retrieval_route_simulation.md","text/markdown","84","2026-10-01T23:49:35.549608+00:00","libfile_b55db5dcc3588191b5f9032fef7e9827","file_00000000e23081f5937732f124dd9f5a","text-source"
"00_CONTROL/PHASE_2_DEPENDENCY_SYNAPSE_GRAPH/VALIDATION/WP-P02-072_Graph_baseline_freeze.md","text/markdown","99","2026-10-01T23:49:35.545818+00:00","libfile_a3a84d2cae308191af453d7dbb9d701f","file_00000000e58481f59bde3ba2f1542f17","text-source"
