path,mime_type,size_bytes,modified_at,library_file_id,file_id,mirror_class
"01_RESEARCH/00_RESEARCH_SYSTEM.md","text/markdown","1888","2026-10-01T08:49:36.029528+00:00","libfile_5a1f782d310881919abb3c60ac63ac13","file_000000007de082119f92a28a5de8af5f","text-source"
"01_RESEARCH/01_SOURCE_HIERARCHY.md","text/markdown","6557","2026-10-01T08:49:44.891552+00:00","libfile_e4bf5c079c1c81918adef939996d60b6","file_00000000317882078d0dada3e05a5bee","text-source"
"01_RESEARCH/02_SOURCE_REGISTRY_SCHEMA.yaml","application/x-yaml","889","2026-10-01T08:49:53.724854+00:00","libfile_bccbfbe45b348191a16946d2c2cbe818","file_00000000adfc82089d84e1b70085c696","text-source"
"01_RESEARCH/03_CLAIM_LEDGER_SCHEMA.yaml","application/x-yaml","1016","2026-10-01T08:50:02.575798+00:00","libfile_ef9f93483b4481919c06ddfba09fde2a","file_00000000232c8211b925f738dbf96fa8","text-source"
"01_RESEARCH/04_EVIDENCE_MAP_SCHEMA.yaml","application/x-yaml","697","2026-10-01T08:50:11.305901+00:00","libfile_8dfdea2638688191a893055d22550b50","file_000000004a2c8207a1ba11d960097d96","text-source"
"01_RESEARCH/05_CITATION_AND_PROVENANCE_RULES.md","text/markdown","1879","2026-10-01T08:50:19.666658+00:00","libfile_6122ffef32888191a0c0d32da8748fca","file_00000000b224820788bca137ebfa3a37","text-source"
"01_RESEARCH/06_CONTRADICTION_PROTOCOL.md","text/markdown","1602","2026-10-01T08:50:28.355060+00:00","libfile_42b77e9bfe18819183e628f48c5b4687","file_000000000cf4821196311656e717da52","text-source"
"01_RESEARCH/07_UNCERTAINTY_TAXONOMY.md","text/markdown","1295","2026-10-01T08:50:36.890688+00:00","libfile_4a98b7420f288191b4e98fff383724a7","file_0000000053d48211aabd60ed5042ddf1","text-source"
"01_RESEARCH/08_FRESHNESS_AND_VERSIONING_POLICY.md","text/markdown","1809","2026-10-01T08:50:45.281067+00:00","libfile_26dc18362e28819193414e8aacf2eb72","file_00000000cd6c82079eff6e20089ebfd4","text-source"
"01_RESEARCH/09_RESEARCH_QUERY_TEMPLATE.yaml","application/x-yaml","836","2026-10-01T08:50:53.982844+00:00","libfile_499ae43aac848191b87ec189b1d56122","file_0000000028f48211aeb4052478cdd66c","text-source"
"01_RESEARCH/10_EVIDENCE_EXTRACTION_TEMPLATE.yaml","application/x-yaml","721","2026-10-01T08:51:02.894736+00:00","libfile_29a9bf1dca548191a669be5b31b5ec3c","file_0000000002c88211937296013a9e1986","text-source"
"01_RESEARCH/11_RESEARCH_QA_CHECKLIST.md","text/markdown","2157","2026-10-01T08:51:11.306193+00:00","libfile_d406f4d5bcf481919ab7af8084ab150f","file_00000000da5882079a70953534599a75","text-source"
"01_RESEARCH/MODULES/L24.04/abstraction_fixture.py","text/x-python","7538","2026-10-03T15:08:28.705964+00:00","libfile_8c5c0ff89e9481918eedb191020a0889","file_00000000cb3c81f59b891f09d733edf0","text-source"
"01_RESEARCH/MODULES/L24.04/ABSTRACTION_FIXTURE_INPUTS.json","application/json","2071","2026-10-03T15:08:24.839918+00:00","libfile_c155a7768e0481919fc975c8a3ab7ce4","file_00000000321c81f69576efee11597942","text-source"
"01_RESEARCH/MODULES/L24.04/ABSTRACTION_FIXTURE_RESULTS.json","application/json","5805","2026-10-03T15:08:24.819317+00:00","libfile_f2316790c58c819194e98609cd0d4beb","file_00000000db7c81f6b83a658a1fba40ec","text-source"
"01_RESEARCH/MODULES/L22.02/ADAPTER_ENVIRONMENT.json","application/json","1482","2026-10-03T10:54:00.507211+00:00","libfile_f5298261ffc8819183d744993f6155a1","file_00000000a61081f68231c01ccaf963c0","text-source"
"01_RESEARCH/MODULES/L19.01/alpha_archive.mkv","video/matroska","1325","2026-10-04T11:06:06.980485+00:00","libfile_9165f3309bd08191808af4b3a096e95b","file_000000000fb081f6a5c761cf0ac34f85","binary-or-nontext"
"01_RESEARCH/MODULES/L19.01/ALPHA_SOURCE.rgba","application/octet-stream","16384","2026-10-04T11:06:03.176305+00:00","libfile_1a4c7da96df08191967cb81fb94452ee","file_000000003d9881f7a8f5f79d74112f1f","binary-or-nontext"
"01_RESEARCH/MODULES/L03.04/analytic_checks.py","text/x-python","4127","2026-10-03T04:23:46.065946+00:00","libfile_0b82bb094f388191ad42a9b36d01f7dc","file_0000000038e481f68c6c1c983f7622d3","text-source"
"01_RESEARCH/MODULES/L03.04/analytic_results.json","application/json","1115","2026-10-03T04:23:45.985487+00:00","libfile_65f31c4f426481918a23de943b8861ad","file_000000004bec81f6bd73c9a781ffc329","text-source"
"01_RESEARCH/MODULES/L18.01/AUDIO_FIXTURE_REPORT.json","application/json","5292","2026-10-03T10:53:57.073632+00:00","libfile_7f1fbcf14a4c8191b962a31eb2e85b7f","file_00000000a69c81f5924cc26bea36239e","text-source"
"01_RESEARCH/MODULES/L05.06/AUTHOR_SCHEMA_REPAIR_TRACE.json","application/json","1053","2026-10-03T22:23:19.470974+00:00","libfile_d2a6b222369c8191ae58c5e69c17ac51","file_00000000cf3081f9a449cb99d0396a91","text-source"
"01_RESEARCH/MODULES/L07.01/AUTHOR_SOURCE_REUSE_REVIEW.json","application/json","2494","2026-10-04T11:05:51.700006+00:00","libfile_1dda36d864c081918fe732a46aa292b7","file_00000000ecd0820cbd56a8bab43150b8","text-source"
"01_RESEARCH/MODULES/L05.06/AUTHOR_SOURCE_REUSE_REVIEW.json","application/json","4489","2026-10-03T22:23:19.474522+00:00","libfile_43cdef3111d48191a067d53dc4851595","file_000000009d5c81f9b23f58d98b9efc51","text-source"
"01_RESEARCH/MODULES/L05.02/AUTHOR_SOURCE_REUSE_REVIEW.json","application/json","15720","2026-10-03T10:53:49.659548+00:00","libfile_4fb981022f088191a64ee51fe3f195b7","file_000000006e8481f9872a1d753aa983ab","text-source"
"01_RESEARCH/MODULES/L05.05/AUTHOR_SOURCE_REUSE_REVIEW.json","application/json","6603","2026-10-03T22:23:15.606645+00:00","libfile_6bbe6833d93c8191a1820184c30177c6","file_00000000d92881f5a2e1f055c14caa9c","text-source"
"01_RESEARCH/MODULES/L05.01/AUTHOR_SOURCE_REUSE_REVIEW.json","application/json","13690","2026-10-03T10:53:45.924924+00:00","libfile_7dea7b52611c8191bb0f20d67d0220ce","file_000000009cb081f5b8ad1f4bab364da6","text-source"
"01_RESEARCH/MODULES/L05.03/AUTHOR_SOURCE_REUSE_REVIEW.json","application/json","9155","2026-10-03T10:53:53.674541+00:00","libfile_8a69677ebe6c8191b2526ec8f6d38c75","file_000000008bbc81f58755843d8b52d51f","text-source"
"01_RESEARCH/MODULES/L06.01/AUTHOR_SOURCE_REUSE_REVIEW.json","application/json","3521","2026-10-03T22:23:23.809875+00:00","libfile_8b137d7a7a1c819198a7caa04a6bca50","file_00000000ddf881f5aa038022d09c0109","text-source"
"01_RESEARCH/MODULES/L06.02/AUTHORED_SYNTHESIS.json","application/json","44864","2026-10-04T11:05:40.604252+00:00","libfile_023fb2149c8c8191a4f1ac9479f3f06c","file_000000008bb881f6bf2bf6c4b60a1bd3","text-source"
"01_RESEARCH/MODULES/L24.03/AUTHORED_SYNTHESIS.json","application/json","31663","2026-10-03T10:54:15.902900+00:00","libfile_04c642fe67e08191abb8bc09f5d2adde","file_00000000e298822fa34deefca0342a1f","text-source"
"01_RESEARCH/MODULES/L07.03/AUTHORED_SYNTHESIS.json","application/json","30529","2026-10-04T11:36:43.814701+00:00","libfile_052192d6a9708191960249f24f9c702b","file_00000000d25c81f6a1f97e51a50fed8f","text-source"
"01_RESEARCH/MODULES/L22.03/AUTHORED_SYNTHESIS.json","application/json","40109","2026-10-03T10:54:04.525360+00:00","libfile_06655135a7b08191986c569802c4ea59","file_00000000e6f481f5bff92968f8a0e3cb","text-source"
"01_RESEARCH/MODULES/L02.03/AUTHORED_SYNTHESIS.json","application/json","33645","2026-10-02T06:15:14.473556+00:00","libfile_0a4374e64398819193e89f75ea49c0f9","file_00000000355481f7b52379cfbe0f032c","text-source"
"01_RESEARCH/MODULES/L18.02/AUTHORED_SYNTHESIS.json","application/json","46730","2026-10-04T11:05:59.270611+00:00","libfile_0acdd71ac37881919cbf968044e20cec","file_00000000ac6481f5bd44b576906bea73","text-source"
"01_RESEARCH/MODULES/L02.05/AUTHORED_SYNTHESIS.json","application/json","47150","2026-10-02T09:22:26.231229+00:00","libfile_1549fd9b483c819198e9ca26650e75eb","file_00000000765481f69a3ffe819ef39a7e","text-source"
"01_RESEARCH/MODULES/L05.02/AUTHORED_SYNTHESIS.json","application/json","32566","2026-10-03T10:53:49.757412+00:00","libfile_279e32ca53c08191a58549c1b13956a6","file_00000000faa081f9a23b044c6099d2ed","text-source"
"01_RESEARCH/MODULES/L03.04/AUTHORED_SYNTHESIS.json","application/json","97314","2026-10-03T04:23:46.024657+00:00","libfile_2bd58aa525fc8191828936686dc8fd8b","file_00000000c46081f699e4b95be95d9174","text-source"
"01_RESEARCH/MODULES/L04.02/AUTHORED_SYNTHESIS.json","application/json","68463","2026-10-03T10:53:41.732358+00:00","libfile_31d8cddf04a08191a1cac16d0794e7d0","file_00000000a68881fdac95c8a61a82ee8a","text-source"
"01_RESEARCH/MODULES/L02.02/AUTHORED_SYNTHESIS.json","application/json","21898","2026-10-01T23:49:50.075591+00:00","libfile_35f2d8a4b4248191878c92b98626094d","file_0000000081b881f599622a3ded68b39c","text-source"
"01_RESEARCH/MODULES/L04.05/AUTHORED_SYNTHESIS.json","application/json","36206","2026-10-03T15:08:08.254513+00:00","libfile_37c283ffbf6c8191977b1f0072f572f5","file_00000000433c81f6806b2417f3d8ca7e","text-source"
"01_RESEARCH/MODULES/L25.05/AUTHORED_SYNTHESIS.json","application/json","42645","2026-10-03T22:23:30.973133+00:00","libfile_3faf8c25d5f88191a8d99fe723aa74a4","file_00000000ff8c81f58b7d0a4f7d5bb5c5","text-source"
"01_RESEARCH/MODULES/L07.05/AUTHORED_SYNTHESIS.json","application/json","30420","2026-10-04T11:36:51.221716+00:00","libfile_43f93a6c91888191b8729528011f1a86","file_00000000e2b481f5ae1fe3ed86e631a1","text-source"
"01_RESEARCH/MODULES/L05.06/AUTHORED_SYNTHESIS.json","application/json","45825","2026-10-03T22:23:19.424347+00:00","libfile_4e907069624481919c5970f16262c888","file_0000000026cc81f99eb495d406254c49","text-source"
"01_RESEARCH/MODULES/L22.07/AUTHORED_SYNTHESIS.json","application/json","35566","2026-10-04T11:06:06.947779+00:00","libfile_4f8d47cfebe08191b916ba261e77d423","file_00000000758081f6b2353a793eadd844","text-source"
"01_RESEARCH/MODULES/L09.01/AUTHORED_SYNTHESIS.json","application/json","38340","2026-10-03T10:53:53.636700+00:00","libfile_53a6e49c5f1481919a550a12065d4ab3","file_0000000016e881f59a46f8e1d9600421","text-source"
"01_RESEARCH/MODULES/L19.01/AUTHORED_SYNTHESIS.json","application/json","29483","2026-10-04T11:06:03.186079+00:00","libfile_596b0bdaf1e48191a76c4cd5beece012","file_00000000c55c81f7866b1fddda39b30f","text-source"
"01_RESEARCH/MODULES/L24.05/AUTHORED_SYNTHESIS.json","application/json","42319","2026-10-03T15:08:28.676056+00:00","libfile_5ce1c33ed768819180da00334c8d1e07","file_00000000e14c81f595c3fb0392906e2b","text-source"
"01_RESEARCH/MODULES/L03.02/AUTHORED_SYNTHESIS.json","application/json","67250","2026-10-02T22:13:41.906734+00:00","libfile_5dd5e77dea1881918c967587d7c15f48","file_0000000061cc81f590f715d497383bf6","text-source"
"01_RESEARCH/MODULES/L02.06/AUTHORED_SYNTHESIS.json","application/json","51916","2026-10-02T10:08:43.833045+00:00","libfile_71969cc5c75881918028a7e0e87d5774","file_00000000042081f5bb4db871e1b90583","text-source"
"01_RESEARCH/MODULES/L05.07/AUTHORED_SYNTHESIS.json","application/json","41152","2026-10-03T15:08:16.803632+00:00","libfile_7cc735a8b74881918c10ca6839e15a38","file_00000000cf6881f5b4ae37443c800819","text-source"
"01_RESEARCH/MODULES/L07.04/AUTHORED_SYNTHESIS.json","application/json","30449","2026-10-04T11:36:48.017747+00:00","libfile_7d63e9c330e48191aaf7a41c6176fbd5","file_0000000033ac81f5930fbf2f710ff0f1","text-source"
"01_RESEARCH/MODULES/L06.04/AUTHORED_SYNTHESIS.json","application/json","29853","2026-10-04T11:05:47.806676+00:00","libfile_80ced3ad27588191ab13749e64ab09ca","file_00000000a27881f583460b106c7b50a9","text-source"
"01_RESEARCH/MODULES/L02.04/AUTHORED_SYNTHESIS.json","application/json","43073","2026-10-02T05:22:33.477019+00:00","libfile_81033e0fe1808191addd64cc289be315","file_00000000571881f5b7a434f269f8d67b","text-source"
"01_RESEARCH/MODULES/L04.04/AUTHORED_SYNTHESIS.json","application/json","36133","2026-10-03T15:08:03.460221+00:00","libfile_8588fdc564348191a8eaedfb70c8134c","file_00000000c8e881f597d11df38151ecee","text-source"
"01_RESEARCH/MODULES/L25.03/AUTHORED_SYNTHESIS.json","application/json","41188","2026-10-03T10:54:22.886046+00:00","libfile_87462802ac3c819192158141a2cabac9","file_00000000117c820c9e7c881b377490b2","text-source"
"01_RESEARCH/MODULES/L25.02/AUTHORED_SYNTHESIS.json","application/json","38691","2026-10-03T10:54:19.219822+00:00","libfile_8b7db330a98881918bbfbbf48076bd1a","file_0000000003d0822fafdfdad251aef533","text-source"
"01_RESEARCH/MODULES/L05.04/AUTHORED_SYNTHESIS.json","application/json","39648","2026-10-03T15:08:11.841558+00:00","libfile_988e55dbe864819186d9f300774eaa5a","file_00000000c3b081f58075509c7db7c1bf","text-source"
"01_RESEARCH/MODULES/L06.05/AUTHORED_SYNTHESIS.json","application/json","30269","2026-10-04T11:05:51.435269+00:00","libfile_9dd9af16d3188191a9b6abd253608b2d","file_00000000c4cc81f58ecc0caeec0a9947","text-source"
"01_RESEARCH/MODULES/L06.03/AUTHORED_SYNTHESIS.json","application/json","30315","2026-10-04T11:05:43.958262+00:00","libfile_9e59688e034081918da8f7ed6c3043bb","file_00000000185481f5a2c46f7a4a4e0dcd","text-source"
"01_RESEARCH/MODULES/L05.05/AUTHORED_SYNTHESIS.json","application/json","38827","2026-10-03T22:23:15.583658+00:00","libfile_a6b2b6b7c6808191a734d9fcf560a8f3","file_00000000af6081f5852da9fec6bb8801","text-source"
"01_RESEARCH/MODULES/L24.01/AUTHORED_SYNTHESIS.json","application/json","29886","2026-10-03T10:54:08.143728+00:00","libfile_af1843c873148191b66a35c3cf2a2ff6","file_00000000c8f481f9adc228943966c3b0","text-source"
"01_RESEARCH/MODULES/L05.03/AUTHORED_SYNTHESIS.json","application/json","33331","2026-10-03T10:53:53.633033+00:00","libfile_b27ea9f17a308191a0fff7e2e94af7e2","file_0000000039c881f5b83bee72a1b10b58","text-source"
"01_RESEARCH/MODULES/L25.04/AUTHORED_SYNTHESIS.json","application/json","38980","2026-10-03T22:23:27.117738+00:00","libfile_b60b28111d848191bf6f1463838db539","file_00000000eff081f59b1fcbe9a70588e8","text-source"
"01_RESEARCH/MODULES/L04.01/AUTHORED_SYNTHESIS.json","application/json","82337","2026-10-03T10:53:37.445338+00:00","libfile_bac0533462748191abfe8e30774d87c8","file_00000000ebe881f58f711ba31e2467f3","text-source"
"01_RESEARCH/MODULES/L24.04/AUTHORED_SYNTHESIS.json","application/json","38727","2026-10-03T15:08:24.828718+00:00","libfile_bfc69f0d1acc8191b1b5c0dbb14f5d95","file_00000000322481f6844313412967237a","text-source"
"01_RESEARCH/MODULES/L03.03/AUTHORED_SYNTHESIS.json","application/json","86504","2026-10-03T04:22:00.561681+00:00","libfile_c273489a71348191bc6c4191f845f4a5","file_0000000044f881f5b1348f37b71c9b1b","text-source"
"01_RESEARCH/MODULES/L03.01/AUTHORED_SYNTHESIS.json","application/json","58897","2026-10-02T14:01:16.289987+00:00","libfile_c3c95e049f788191b9cea8b48359c01f","file_00000000566881f9bb900674434377f5","text-source"
"01_RESEARCH/MODULES/L00.10/AUTHORED_SYNTHESIS.json","application/json","31173","2026-10-02T04:01:25.379421+00:00","libfile_c8748d0db19c819196b29258d09c5928","file_000000007c3481f693d2b1e9815a7701","text-source"
"01_RESEARCH/MODULES/L07.01/AUTHORED_SYNTHESIS.json","application/json","49141","2026-10-04T11:05:51.545732+00:00","libfile_d029f22884b881919d0878a7374b1dda","file_00000000f4ac822f97ff03e6c98a279d","text-source"
"01_RESEARCH/MODULES/L24.02/AUTHORED_SYNTHESIS.json","application/json","29133","2026-10-03T10:54:12.189758+00:00","libfile_d1b4b6f0f8b081918ac2e17a31503568","file_00000000dae081f5b5167d391d7d9b0e","text-source"
"01_RESEARCH/MODULES/L03.05/AUTHORED_SYNTHESIS.json","application/json","98413","2026-10-03T09:14:12.707117+00:00","libfile_d29f8dbb45c88191b970c686cecd7674","file_00000000273481f5a9508ac93fddb2f3","text-source"
"01_RESEARCH/MODULES/L06.01/AUTHORED_SYNTHESIS.json","application/json","42321","2026-10-03T22:23:23.795581+00:00","libfile_db99e23e267c81918d32e7aa75646a12","file_000000005a4481f584d8d82bd5bf6c3d","text-source"
"01_RESEARCH/MODULES/L03.06/AUTHORED_SYNTHESIS.json","application/json","90901","2026-10-03T04:29:14.444484+00:00","libfile_dff4f974c97c8191a068977f84a3b55f","file_00000000868481f5b46d8e4527146443","text-source"
"01_RESEARCH/MODULES/L25.01/AUTHORED_SYNTHESIS.json","application/json","37421","2026-10-03T10:54:15.875432+00:00","libfile_e473ea5a32248191abb81e195acf9760","file_000000006c7c822facfce1c87652ab9d","text-source"
"01_RESEARCH/MODULES/L04.03/AUTHORED_SYNTHESIS.json","application/json","40849","2026-10-03T15:07:58.814785+00:00","libfile_e5811e0b176c81918eef9917c5c0db61","file_000000009a4881f5ac038a03c77b4c60","text-source"
"01_RESEARCH/MODULES/L05.01/AUTHORED_SYNTHESIS.json","application/json","31051","2026-10-03T10:53:45.928549+00:00","libfile_e5f9d611e89881918f587baa9163b6a3","file_00000000b5e881f5a33ee9123e34378f","text-source"
"01_RESEARCH/MODULES/L18.01/AUTHORED_SYNTHESIS.json","application/json","40022","2026-10-03T10:53:57.148470+00:00","libfile_e8ce451885948191801f73cbe367e742","file_0000000053d881f5901ec223dd585368","text-source"
"01_RESEARCH/MODULES/L22.02/AUTHORED_SYNTHESIS.json","application/json","38284","2026-10-03T10:54:00.479658+00:00","libfile_ecf0c392c95c8191890c095e2a71780b","file_0000000057e481f6a5a9404a541d86cc","text-source"
"01_RESEARCH/MODULES/L00.09/AUTHORED_SYNTHESIS.json","application/json","31612","2026-10-02T04:01:20.851770+00:00","libfile_f10082a10a788191bdadb7f6cd333ceb","file_0000000078f081f5a8424e61871facba","text-source"
"01_RESEARCH/MODULES/L03.07/AUTHORED_SYNTHESIS.json","application/json","84656","2026-10-03T04:10:25.163369+00:00","libfile_f322aeaa01548191a2ba7c68d2e3afc2","file_000000004b3481f5aaf0cfdd1964807f","text-source"
"01_RESEARCH/MODULES/L07.02/AUTHORED_SYNTHESIS.json","application/json","30478","2026-10-04T11:36:40.420038+00:00","libfile_f5cc73275a6081918b8777a5dffc008b","file_00000000b90081f59ef5892bae21835f","text-source"
"01_RESEARCH/MODULES/L05.06/AUTHORED_SYNTHESIS_before_schema_repair.json","application/json","43229","2026-10-03T22:23:19.502804+00:00","libfile_1bea896e002881918ac4cea317cc2925","file_000000007b9481f98c593b87ff92389e","text-source"
"01_RESEARCH/MODULES/L05.03/AUTHORING_CHECK.json","application/json","938","2026-10-03T10:53:53.678384+00:00","libfile_037a31705cf48191b2c4af5c1bc3438f","file_00000000684081f5829d5b5013be381e","text-source"
"01_RESEARCH/MODULES/L05.01/AUTHORING_CHECK.json","application/json","1292","2026-10-03T10:53:45.914575+00:00","libfile_12d5409081508191b81c38bcaffdf0f8","file_0000000097dc81f5804a4ac08f7e1e51","text-source"
"01_RESEARCH/MODULES/L05.02/AUTHORING_CHECK.json","application/json","1071","2026-10-03T10:53:49.681461+00:00","libfile_230d42dd54cc819188e67f619f88a9e3","file_00000000d62481f9a01dcfe7541a3b5c","text-source"
"01_RESEARCH/MODULES/L18.01/AUTHORING_CHECK.json","application/json","375","2026-10-03T10:53:57.095614+00:00","libfile_50172055aba88191b0bc19a8aff7b3d7","file_00000000585881f59d3f7ae818e68c1e","text-source"
"01_RESEARCH/MODULES/L04.02/AUTHORING_CHECK.json","application/json","1616","2026-10-03T10:53:41.609361+00:00","libfile_c96c50621b208191b5283277f7859bb1","file_00000000c32081f5b58fa58e3a6f6f8a","text-source"
"01_RESEARCH/MODULES/L05.05/BRAND_FIXTURE_INITIAL_FAILURE.json","application/json","17576","2026-10-03T22:23:15.637680+00:00","libfile_2fce3cc6954c8191a38f51cd60b5f435","file_00000000853c81f595a1b798e5c73bba","text-source"
"01_RESEARCH/MODULES/L05.05/BRAND_FIXTURE_RESULTS.json","application/json","17510","2026-10-03T22:23:15.578843+00:00","libfile_e8cddfe16f4c81918a1818a5763c79e0","file_00000000b9cc81f58d1c4564b0b53cc8","text-source"
"01_RESEARCH/MODULES/L05.05/brand_invariant_fixture.py","text/x-python","7016","2026-10-03T22:23:19.459769+00:00","libfile_a5e41e48be7881918128503fbc0c1f2a","file_000000000de481f9bfc617c9318e5506","text-source"
"01_RESEARCH/MODULES/L07.01/build_authored.py","text/x-python","40728","2026-10-04T11:05:55.390951+00:00","libfile_50773671a5fc81919a79cb0448687865","file_000000002af881f58ed1bf30a519a3b7","text-source"
"01_RESEARCH/MODULES/L24.05/build_authored.py","text/x-python","29051","2026-10-03T15:08:32.427804+00:00","libfile_92f9ffc159cc8191b86bdefe47c3957c","file_000000001cbc81f5bef2694c12ace3bb","text-source"
"01_RESEARCH/MODULES/L24.04/build_authored.py","text/x-python","26446","2026-10-03T15:08:28.702436+00:00","libfile_e531400d7f848191a77034efac115f88","file_000000009ba481f5b042c213e9094699","text-source"
"01_RESEARCH/MODULES/L04.03/build_floor.py","text/x-python","25488","2026-10-03T15:08:03.476708+00:00","libfile_01819a4122888191918c44fba1e0021b","file_00000000d13c81f59091235122a1bd72","text-source"
"01_RESEARCH/MODULES/L04.04/build_floor.py","text/x-python","23107","2026-10-03T15:08:08.256555+00:00","libfile_8ab9e6bf033081918b804c91b94558d1","file_00000000636481f68869ab9d72dbf1e1","text-source"
"01_RESEARCH/MODULES/L04.05/build_floor.py","text/x-python","22329","2026-10-03T15:08:11.847325+00:00","libfile_ddeddc4c3e5c819193e437c4b54cc039","file_0000000024a881f5ac467e4220d5f41e","text-source"
"01_RESEARCH/MODULES/L07.01/build_review_artifacts.py","text/x-python","16626","2026-10-04T11:05:55.385208+00:00","libfile_b374cfe6e1c88191bcb2b9d0337319c9","file_000000004e3481f5a9ff9ca15d7f3410","text-source"
"01_RESEARCH/MODULES/L24.02/case_fixture.py","text/x-python","4240","2026-10-03T10:54:12.184324+00:00","libfile_b135b91bf5c08191ac02e1680dd0f922","file_00000000493481f581e2bdab739e67a4","text-source"
"01_RESEARCH/MODULES/L24.02/CASE_FIXTURE_RESULTS.json","application/json","8962","2026-10-03T10:54:12.176719+00:00","libfile_3e46467dd6e88191a356358cd6bb68ce","file_00000000ea2881f5be62005c3130c4ed","text-source"
"01_RESEARCH/MODULES/L24.02/case_records.py","text/x-python","2387","2026-10-03T10:54:12.186110+00:00","libfile_c01eab29a04c81919a3e3aa997ff7762","file_000000005a8081f5b1e32961689e96e4","text-source"
"01_RESEARCH/CLAIM_LEDGER.csv","text/csv","1879197","2026-10-04T11:36:40.512584+00:00","libfile_d09cf9e963bc8191b4e9b0c62aa9a284","file_00000000ec8481f58a29a3b5fac82093","text-source"
"01_RESEARCH/MODULES/L06.03/CLAIMS.csv","text/csv","23276","2026-10-04T11:05:43.939876+00:00","libfile_0272b1ee67608191b83d08d6a26683a6","file_00000000d43881f594fb1d233144dbe4","text-source"
"01_RESEARCH/MODULES/L00.09/CLAIMS.csv","text/csv","23825","2026-10-02T04:01:20.905844+00:00","libfile_0a152723ae948191b3608255e7fc81fe","file_00000000aad881f59a87465fe3e6c82e","text-source"
"01_RESEARCH/MODULES/L01.04/CLAIMS.csv","text/csv","31419","2026-10-01T19:18:20.105657+00:00","libfile_0d3d2b0e1c3c8191970fffacb43ea8b2","file_00000000de848207abbff60360e15588","text-source"
"01_RESEARCH/MODULES/L04.03/CLAIMS.csv","text/csv","29152","2026-10-03T15:07:58.812896+00:00","libfile_13244580c1dc81919074473c1012943b","file_00000000188481f5aaa1692e95faa580","text-source"
"01_RESEARCH/MODULES/L02.03/CLAIMS.csv","text/csv","27345","2026-10-02T06:15:14.406800+00:00","libfile_14be44a7d47c8191a7e73b76a824ae1b","file_000000001b8c81f79f55419e155c996a","text-source"
"01_RESEARCH/MODULES/L24.04/CLAIMS.csv","text/csv","31099","2026-10-03T15:08:24.847642+00:00","libfile_182ae1d5417081918025adcf4a2e4e4c","file_00000000838481f6ae9ea9ae0a868e1f","text-source"
"01_RESEARCH/MODULES/L03.06/CLAIMS.csv","text/csv","46922","2026-10-03T04:29:14.458009+00:00","libfile_1b0a463079008191af6355fdaef124b6","file_00000000aeec81f5ab3863eae8a7c1f2","text-source"
"01_RESEARCH/MODULES/L02.06/CLAIMS.csv","text/csv","33262","2026-10-02T10:08:50.074040+00:00","libfile_1d5356458d7081919db98cc053290efb","file_00000000c57081f982bb40f1949b7df0","text-source"
"01_RESEARCH/MODULES/L01.03/CLAIMS.csv","text/csv","29383","2026-10-02T06:15:14.373567+00:00","libfile_2c002f0138d08191b8f02b6354507dc2","file_000000004c7081f7a5ac443a573bc729","text-source"
"01_RESEARCH/MODULES/L25.02/CLAIMS.csv","text/csv","27627","2026-10-03T10:54:19.234567+00:00","libfile_2f5dd3c8f6288191923363f6c2c722fe","file_000000005e4c822fae7dffdb358747a1","text-source"
"01_RESEARCH/MODULES/L02.04/CLAIMS.csv","text/csv","28320","2026-10-02T05:22:33.505446+00:00","libfile_3062c58cbd18819187a6ddd60d671820","file_00000000bdc481f5a80d10cf9d0cccae","text-source"
"01_RESEARCH/MODULES/L07.05/CLAIMS.csv","text/csv","24650","2026-10-04T11:36:51.246536+00:00","libfile_34106841c640819199b7de29645a41a3","file_00000000327481f5a568512433e9d55d","text-source"
"01_RESEARCH/MODULES/L03.03/CLAIMS.csv","text/csv","39178","2026-10-03T04:22:00.523955+00:00","libfile_34745f338568819185b2d30cd745e16d","file_000000002dbc81f59d6dba16c169e767","text-source"
"01_RESEARCH/MODULES/L05.05/CLAIMS.csv","text/csv","27664","2026-10-03T22:23:15.581854+00:00","libfile_394cb152f9f48191939b4568f0bae29d","file_00000000e40081f5a0dd169576a7be04","text-source"
"01_RESEARCH/MODULES/L22.02/CLAIMS.csv","text/csv","29305","2026-10-03T10:54:00.513762+00:00","libfile_3e8f753c5b948191ad4764d2bfccdedc","file_0000000009e081f685003211d815e120","text-source"
"01_RESEARCH/MODULES/L00.07/CLAIMS.csv","text/csv","21259","2026-10-02T06:15:14.232518+00:00","libfile_4708e4b8697c8191bd62ec4bebba27f5","file_000000006e9881f78187d77cf1c9124e","text-source"
"01_RESEARCH/MODULES/L05.04/CLAIMS.csv","text/csv","29235","2026-10-03T15:08:11.904426+00:00","libfile_4ef1971ebe9c819197f3ea2bff9d6009","file_00000000521081f5bd35008fd640a69e","text-source"
"01_RESEARCH/MODULES/L01.02/CLAIMS.csv","text/csv","19888","2026-10-01T17:17:30.501616+00:00","libfile_5230e1e85ddc819189152e4abd57bc02","file_0000000077548207a4be0c0c5afc0190","text-source"
"01_RESEARCH/MODULES/L05.02/CLAIMS.csv","text/csv","26321","2026-10-03T10:53:49.724151+00:00","libfile_53f8e0e384948191a2e943e6f7de8973","file_00000000c6f081f9a3f464b8d96ab2b1","text-source"
"01_RESEARCH/MODULES/L06.02/CLAIMS.csv","text/csv","30323","2026-10-04T11:05:40.609149+00:00","libfile_55720b8fd5b48191a2920bd1715bf3f8","file_00000000dac081f6a0cea72a1cfe0487","text-source"
"01_RESEARCH/MODULES/L09.01/CLAIMS.csv","text/csv","30142","2026-10-03T10:53:53.648954+00:00","libfile_57966293f1f48191ae48b441b6c3caa9","file_000000001f4c81f58e9847123403778e","text-source"
"01_RESEARCH/MODULES/L00.06/CLAIMS.csv","text/csv","21164","2026-10-02T06:15:08.112361+00:00","libfile_595557ccf70c8191a044897c1545e57e","file_0000000046ac81f5a84515ecdaa9cad3","text-source"
"01_RESEARCH/MODULES/L18.01/CLAIMS.csv","text/csv","25127","2026-10-03T10:53:57.124007+00:00","libfile_604b72fbc720819196e5d8e5cb976865","file_00000000056c81f5a644eab504f53f23","text-source"
"01_RESEARCH/MODULES/L07.02/CLAIMS.csv","text/csv","24721","2026-10-04T11:36:40.499787+00:00","libfile_60b985d8a4c48191a0c72f9f9a83b41d","file_00000000009081f5abb6c8adb49ec154","text-source"
"01_RESEARCH/MODULES/L00.05/CLAIMS.csv","text/csv","22843","2026-10-02T22:22:28.362188+00:00","libfile_672b9ac275b48191b9b1047f57320dc0","file_00000000e65481f5b2fce26d9f629b9f","text-source"
"01_RESEARCH/MODULES/L03.02/CLAIMS.csv","text/csv","30954","2026-10-02T22:13:41.909802+00:00","libfile_77f85bec3cc481918d5e64af8df25488","file_00000000cf4c81f5a110580cb7a4d79e","text-source"
"01_RESEARCH/MODULES/L19.01/CLAIMS.csv","text/csv","26890","2026-10-04T11:06:03.161845+00:00","libfile_79d3cb216d4c8191a3cba8b6614b9080","file_00000000800481f786acb25b0e12c9ae","text-source"
"01_RESEARCH/MODULES/L07.01/CLAIMS.csv","text/csv","28969","2026-10-04T11:05:51.454534+00:00","libfile_7ae0df555b748191a5198cf1809c5345","file_00000000ce0481f5b2f3d6ace8bd74bc","text-source"
"01_RESEARCH/MODULES/L18.02/CLAIMS.csv","text/csv","29775","2026-10-04T11:05:59.279339+00:00","libfile_7e5c667f2e2c81918378ddc150569ecf","file_00000000b19481f596d07e42a6f1a8aa","text-source"
"01_RESEARCH/MODULES/L06.04/CLAIMS.csv","text/csv","23389","2026-10-04T11:05:47.788703+00:00","libfile_83a67e9c12388191ade779502afcca72","file_00000000cc2881f59d8180ec788c63a7","text-source"
"01_RESEARCH/MODULES/L05.01/CLAIMS.csv","text/csv","25312","2026-10-03T10:53:45.932309+00:00","libfile_8421ed7ba0d88191b5c14f48f50bcf40","file_00000000d1c081f5afdc07ca3b9c13bf","text-source"
"01_RESEARCH/MODULES/L07.03/CLAIMS.csv","text/csv","24342","2026-10-04T11:36:43.804065+00:00","libfile_8637d296545c8191b27927da51efb6ae","file_00000000365481f9abf4055618f56821","text-source"
"01_RESEARCH/MODULES/L03.07/CLAIMS.csv","text/csv","45608","2026-10-03T04:10:25.157327+00:00","libfile_8692f144a9248191b868e3386f313b08","file_000000009a1c81f58da32fabbec6f819","text-source"
"01_RESEARCH/MODULES/L00.10/CLAIMS.csv","text/csv","24658","2026-10-02T04:01:25.392723+00:00","libfile_88bc1982574881919aa92a3abc877549","file_0000000023e481f6b95219ac0a68418d","text-source"
"01_RESEARCH/MODULES/L05.03/CLAIMS.csv","text/csv","26651","2026-10-03T10:53:53.642079+00:00","libfile_894542da8c208191b6362b06dad7fff6","file_000000005e5c81f5b5374158d5bb3367","text-source"
"01_RESEARCH/MODULES/L24.02/CLAIMS.csv","text/csv","25652","2026-10-03T10:54:12.170226+00:00","libfile_91a06dab7c208191ba6f02ac65144761","file_0000000072a881f597d30969e0317b18","text-source"
"01_RESEARCH/MODULES/L03.04/CLAIMS.csv","text/csv","44772","2026-10-03T04:23:45.988434+00:00","libfile_98d196d7b79481918dd9273a55ab0114","file_00000000d33c81f6ba1c4ad086f34b54","text-source"
"01_RESEARCH/MODULES/L04.02/CLAIMS.csv","text/csv","30724","2026-10-03T10:53:41.724819+00:00","libfile_9ab2e54ea19c8191b3be4c4ffebcddd2","file_0000000035c081f9b317662bff141d29","text-source"
"01_RESEARCH/MODULES/L24.01/CLAIMS.csv","text/csv","25975","2026-10-03T10:54:08.140721+00:00","libfile_9ba603edd4d08191b74dbfbb98bb77b6","file_00000000416881f98d18a14c1e2878a9","text-source"
"01_RESEARCH/MODULES/L00.04/CLAIMS.csv","text/csv","20833","2026-10-02T06:15:07.876204+00:00","libfile_a222ddd053488191aab35be24c120104","file_00000000d39c81f58fcc3d763720b363","text-source"
"01_RESEARCH/MODULES/L07.04/CLAIMS.csv","text/csv","24413","2026-10-04T11:36:48.021694+00:00","libfile_a6e5384e47c88191b78421a3107d58aa","file_00000000df8881f58090fd3c2c16ca4e","text-source"
"01_RESEARCH/MODULES/L02.05/CLAIMS.csv","text/csv","32856","2026-10-02T09:22:30.829482+00:00","libfile_a9fbe30ad9a88191bb083fdf4838c599","file_00000000489081f69aa755547f080b1a","text-source"
"01_RESEARCH/MODULES/L00.02/CLAIMS.csv","text/csv","17214","2026-10-01T23:49:39.683946+00:00","libfile_a9fe3db685648191854fea6e62bdd0fb","file_000000007edc81f6ae3fdb8fd232e53c","text-source"
"01_RESEARCH/MODULES/L00.03/CLAIMS.csv","text/csv","15977","2026-10-01T10:32:32.473435+00:00","libfile_aa6c5d8a19608191a8d0161de66a319d","file_0000000082b882079c6fb8a0fb1e30d7","text-source"
"01_RESEARCH/MODULES/L25.04/CLAIMS.csv","text/csv","26037","2026-10-03T22:23:27.096680+00:00","libfile_b2908d1605f88191b72c82db5a219ed5","file_0000000009a481f5ac96e38bc4ac38a5","text-source"
"01_RESEARCH/MODULES/L01.05/CLAIMS.csv","text/csv","30385","2026-10-01T21:41:40.290337+00:00","libfile_b6c167aa61408191952f0b2e1e317e87","file_000000007dd881faa827c2a05990f988","text-source"
"01_RESEARCH/MODULES/L04.04/CLAIMS.csv","text/csv","26647","2026-10-03T15:08:03.474892+00:00","libfile_b98363a4d10c81919054f5647c7e990d","file_00000000753081f5a38af156d1c7071c","text-source"
"01_RESEARCH/MODULES/L02.01/CLAIMS.csv","text/csv","40625","2026-10-02T06:15:14.250903+00:00","libfile_bbd72df8773c8191aa8dedd47b60ff67","file_00000000deb8822faf6e97c66e3e59b6","text-source"
"01_RESEARCH/MODULES/L01.01/CLAIMS.csv","text/csv","23208","2026-10-02T06:15:14.476330+00:00","libfile_bf6c4aa5e0c0819199a86664e6ecacae","file_00000000445081f78506617e00aa30a3","text-source"
"01_RESEARCH/MODULES/L03.05/CLAIMS.csv","text/csv","46083","2026-10-03T09:14:12.700069+00:00","libfile_bf92239735ec81918b6f98720612e121","file_000000006be481f5a43292093d23e198","text-source"
"01_RESEARCH/MODULES/L06.05/CLAIMS.csv","text/csv","23404","2026-10-04T11:05:51.661668+00:00","libfile_c0f37b1974bc8191b9f135dcdd728009","file_00000000a87481f681ec0ba0ae48b8b6","text-source"
"01_RESEARCH/MODULES/L04.05/CLAIMS.csv","text/csv","26724","2026-10-03T15:08:08.263176+00:00","libfile_c401a10f15b88191a64460a8168fe32e","file_00000000b4cc81f6bf03accb69380955","text-source"
"01_RESEARCH/MODULES/L00.08/CLAIMS.csv","text/csv","23128","2026-10-02T06:15:14.538457+00:00","libfile_c5c173a4847c8191984e2d2082067860","file_00000000be3c81f7803a5174206cf288","text-source"
"01_RESEARCH/MODULES/L25.05/CLAIMS.csv","text/csv","29291","2026-10-03T22:23:30.958571+00:00","libfile_c9b313f500c081918cca4512e381f869","file_00000000ee3481f595b26f4ee668b7b0","text-source"
"01_RESEARCH/MODULES/L24.05/CLAIMS.csv","text/csv","35641","2026-10-03T15:08:28.354127+00:00","libfile_ca444c346e788191a564c9f8077241ec","file_0000000081b081f6b1363a1d69b60bda","text-source"
"01_RESEARCH/MODULES/L06.01/CLAIMS.csv","text/csv","29553","2026-10-03T22:23:23.771754+00:00","libfile_cfba4b62e348819192910ea2d66547e0","file_00000000d64081f5ab958315a327c3fc","text-source"
"01_RESEARCH/MODULES/L00.01/CLAIMS.csv","text/csv","15717","2026-10-01T09:23:20.688057+00:00","libfile_d082d0a3038881918668e6c8fbf81027","file_00000000b0788211840420f86964b4ea","text-source"
"01_RESEARCH/MODULES/L22.03/CLAIMS.csv","text/csv","29812","2026-10-03T10:54:04.508977+00:00","libfile_d5c22ca04e6c8191bb937e8cc96f96d4","file_0000000001a481f5a241e63dac2fbf5b","text-source"
"01_RESEARCH/MODULES/L25.03/CLAIMS.csv","text/csv","29517","2026-10-03T10:54:22.848285+00:00","libfile_d8a195be9e7881918254dd14be852f0f","file_000000008f1481f7be4d0e1db2872fcf","text-source"
"01_RESEARCH/MODULES/L25.01/CLAIMS.csv","text/csv","27503","2026-10-03T10:54:15.946008+00:00","libfile_dc856d3564f48191acd5b463eb11f8e7","file_00000000c404822fb0ffb02e34a7c5c7","text-source"
"01_RESEARCH/MODULES/L24.03/CLAIMS.csv","text/csv","27941","2026-10-03T10:54:15.793369+00:00","libfile_ded634802ab48191bbf8cad3fc623b2e","file_000000003e6881f79bd915520800dd4e","text-source"
"01_RESEARCH/MODULES/L04.01/CLAIMS.csv","text/csv","38007","2026-10-03T10:53:37.426247+00:00","libfile_e542648488a88191ab438cc223f8befb","file_00000000c05081f59a55e9bb400d74bf","text-source"
"01_RESEARCH/MODULES/L05.07/CLAIMS.csv","text/csv","28834","2026-10-03T15:08:16.829397+00:00","libfile_f8bb85428e788191bd3a0c15685cfda2","file_00000000738881f5a37fffb485802822","text-source"
"01_RESEARCH/MODULES/L22.07/CLAIMS.csv","text/csv","27398","2026-10-04T11:06:07.093602+00:00","libfile_fbd91efe6abc8191a830759594afb7f9","file_00000000a14481f6a6a8b84a0deb5b90","text-source"
"01_RESEARCH/MODULES/L03.01/CLAIMS.csv","text/csv","35655","2026-10-02T14:01:16.269626+00:00","libfile_fc3f537761b88191be07e8e8c96bdadd","file_000000007dc0822faab557b206baa3e0","text-source"
"01_RESEARCH/MODULES/L02.02/CLAIMS.csv","text/csv","21625","2026-10-01T23:49:50.077050+00:00","libfile_fc97bd6e0e8481919ea9bfe4f23f46f8","file_00000000366881f58f419b063db4ef10","text-source"
"01_RESEARCH/MODULES/L05.06/CLAIMS.csv","text/csv","30321","2026-10-03T22:23:19.431742+00:00","libfile_ff85935ec1148191aec015f8e335e2bf","file_00000000c36881f999ea12511535347c","text-source"
"01_RESEARCH/MODULES/L03.06/COMFORT_PLAN_CONTRACT.md","text/markdown","4069","2026-10-03T04:29:14.427413+00:00","libfile_09bf3f97948881918e65d7f19ad1ef37","file_000000003be081f5a35d55d20ed174c0","text-source"
"01_RESEARCH/MODULES/L03.06/comfort_plan_demo_report.json","application/json","2215","2026-10-03T04:29:14.450859+00:00","libfile_eb5393b1679481918620d702f4767bea","file_0000000004bc81f5804a19ffc8d2dd4a","text-source"
"01_RESEARCH/MODULES/L03.06/comfort_plan_inspector.py","text/x-python","9909","2026-10-03T04:29:14.477355+00:00","libfile_9a888593e3bc8191b070da7a470c9525","file_00000000623481f5a875917685f0921a","text-source"
"01_RESEARCH/MODULES/L03.06/comfort_plan_regression.json","application/json","2399","2026-10-03T04:29:14.447139+00:00","libfile_af98c7f30d708191a67974082f0829fd","file_0000000040f481f5b8516000518b69bc","text-source"
"01_RESEARCH/MODULES/L06.01/complete_reference_draft.py","text/x-python","47516","2026-10-03T22:23:27.099507+00:00","libfile_0820057ff9f08191b1408bfc64a8899f","file_00000000861881f58fce7957d0a1dbb9","text-source"
"01_RESEARCH/CONTRADICTION_LEDGER.csv","text/csv","589076","2026-10-04T11:36:40.567329+00:00","libfile_f6f2c861a004819185f6001d421289b9","file_00000000cd5c81f5806b5205e000e67d","text-source"
"01_RESEARCH/MODULES/L24.01/CONTRADICTION_REVIEW.csv","text/csv","8582","2026-10-03T10:54:08.135834+00:00","libfile_0416be51cc2481918f1685f37482553e","file_00000000b52c81f9b319e8630964d600","text-source"
"01_RESEARCH/MODULES/L03.04/CONTRADICTION_REVIEW.csv","text/csv","16121","2026-10-03T04:23:45.996529+00:00","libfile_0b77d94315808191ba459aa194dc14d1","file_0000000005ec81f6af36de747d2d324c","text-source"
"01_RESEARCH/MODULES/L03.02/CONTRADICTION_REVIEW.csv","text/csv","10860","2026-10-02T22:13:41.912692+00:00","libfile_1031a14417848191af2e688820579bbb","file_00000000138481f5afeeff74542e9876","text-source"
"01_RESEARCH/MODULES/L05.01/CONTRADICTION_REVIEW.csv","text/csv","7423","2026-10-03T10:53:45.911271+00:00","libfile_1096a4e1d7b08191bfc613ca0823b602","file_000000004cbc81f5a51f3e16aec112b9","text-source"
"01_RESEARCH/MODULES/L05.03/CONTRADICTION_REVIEW.csv","text/csv","8216","2026-10-03T10:53:53.680112+00:00","libfile_12de4ab208788191984a39aa1f0bbf7d","file_00000000dac081f58a4bae0329facb6f","text-source"
"01_RESEARCH/MODULES/L06.05/CONTRADICTION_REVIEW.csv","text/csv","7214","2026-10-04T11:05:51.503103+00:00","libfile_1be3d1ee93ec8191a58bba5fbb56dcea","file_000000003ea481f5bb7a778b85283c4d","text-source"
"01_RESEARCH/MODULES/L06.01/CONTRADICTION_REVIEW.csv","text/csv","8644","2026-10-03T22:23:23.790239+00:00","libfile_21cd6f06e7508191b0e6f1b364737d26","file_0000000081f881f585243d7d62f4b924","text-source"
"01_RESEARCH/MODULES/L05.06/CONTRADICTION_REVIEW.csv","text/csv","9355","2026-10-03T22:23:19.472828+00:00","libfile_2dbedb8ca4f08191aee53bad51d58bab","file_00000000795081f9b42fb5d8afeb854a","text-source"
"01_RESEARCH/MODULES/L00.09/CONTRADICTION_REVIEW.csv","text/csv","8880","2026-10-02T04:01:20.879440+00:00","libfile_300fca6dce508191bce3fcf1d2d4ef04","file_00000000707481f598e541917f6f1865","text-source"
"01_RESEARCH/MODULES/L05.04/CONTRADICTION_REVIEW.csv","text/csv","9388","2026-10-03T15:08:11.879272+00:00","libfile_32832c5f6bd08191895e71aea81410d2","file_00000000654481f5b0f7e0717e4fae9d","text-source"
"01_RESEARCH/MODULES/L24.05/CONTRADICTION_REVIEW.csv","text/csv","11265","2026-10-03T15:08:28.372207+00:00","libfile_350ebc1fdf208191bac36e2c82c32ad2","file_00000000cb3481f6ac5d8f1ad56bb088","text-source"
"01_RESEARCH/MODULES/L24.02/CONTRADICTION_REVIEW.csv","text/csv","8753","2026-10-03T10:54:12.166570+00:00","libfile_37cfc49f5cdc8191a4ee43d8309c7b0a","file_000000003cfc81f5b1c6d59c18ef04af","text-source"
"01_RESEARCH/MODULES/L03.01/CONTRADICTION_REVIEW.csv","text/csv","12655","2026-10-02T14:01:16.262757+00:00","libfile_37df5e0053ec8191820dd56e3afaf8bd","file_0000000012c881f595aba93643ca9e5a","text-source"
"01_RESEARCH/MODULES/L25.04/CONTRADICTION_REVIEW.csv","text/csv","11086","2026-10-03T22:23:27.085803+00:00","libfile_37ff479fb9648191bba813c7c573a685","file_000000002cb081f5b5781a5d8b8d7921","text-source"
"01_RESEARCH/MODULES/L00.07/CONTRADICTION_REVIEW.csv","text/csv","5961","2026-10-01T14:28:21.198331+00:00","libfile_3aeb10dbb5208191887a1bd37a964fe4","file_0000000033ac8211b9047fd6dcc5fab0","text-source"
"01_RESEARCH/MODULES/L04.02/CONTRADICTION_REVIEW.csv","text/csv","11517","2026-10-03T10:53:41.692179+00:00","libfile_4115943d0a5081918b1272487a1a029d","file_000000002c0c81fdab83b8a13269becc","text-source"
"01_RESEARCH/MODULES/L18.01/CONTRADICTION_REVIEW.csv","text/csv","9073","2026-10-03T10:53:57.080202+00:00","libfile_4176f6e250848191a48a80a01ab5bcff","file_0000000064e881f5a02b27cf3184ce73","text-source"
"01_RESEARCH/MODULES/L03.07/CONTRADICTION_REVIEW.csv","text/csv","13872","2026-10-03T04:10:25.158859+00:00","libfile_4260078b612c8191a1f840133e40edd7","file_000000008e1881f5b5e6e4ca2d15cabe","text-source"
"01_RESEARCH/MODULES/L00.02/CONTRADICTION_REVIEW.csv","text/csv","3823","2026-10-01T09:45:34.100502+00:00","libfile_552499d246c88191b353254e20dc16ea","file_00000000fd208207b27098aed7373c79","text-source"
"01_RESEARCH/MODULES/L03.06/CONTRADICTION_REVIEW.csv","text/csv","16946","2026-10-03T04:29:14.438448+00:00","libfile_567f0324002c8191b535ecfb7c0813a5","file_00000000ea6881f5a08a06bdd5cc098b","text-source"
"01_RESEARCH/MODULES/L07.03/CONTRADICTION_REVIEW.csv","text/csv","7143","2026-10-04T11:36:43.898726+00:00","libfile_5e104a3c416081919e35dd7df7f684ff","file_00000000c13881f59ebb0356d5b2ac65","text-source"
"01_RESEARCH/MODULES/L00.06/CONTRADICTION_REVIEW.csv","text/csv","5199","2026-10-01T23:49:39.474588+00:00","libfile_65353516e1688191ba4873166032353c","file_00000000396081f6a879e93c2521eb41","text-source"
"01_RESEARCH/MODULES/L00.10/CONTRADICTION_REVIEW.csv","text/csv","9016","2026-10-02T04:01:25.398442+00:00","libfile_66b106d318ec8191b39d21cb8a25df12","file_00000000d08c81f6bfc558b32aff9262","text-source"
"01_RESEARCH/MODULES/L05.07/CONTRADICTION_REVIEW.csv","text/csv","8997","2026-10-03T15:08:20.545982+00:00","libfile_6a2f689a5484819192168d45dadec7cf","file_00000000fa8881f5b1d18dad8c160878","text-source"
"01_RESEARCH/MODULES/L05.02/CONTRADICTION_REVIEW.csv","text/csv","8283","2026-10-03T10:53:49.693811+00:00","libfile_6d2afebbfb1881919233d08debebf1aa","file_0000000068e881f984cd4641bda53e7b","text-source"
"01_RESEARCH/MODULES/L25.02/CONTRADICTION_REVIEW.csv","text/csv","11222","2026-10-03T10:54:19.256532+00:00","libfile_72e0909f73808191955de0e0c73207dc","file_000000006ad081f699166331fd17735e","text-source"
"01_RESEARCH/MODULES/L02.01/CONTRADICTION_REVIEW.csv","text/csv","6018","2026-10-01T22:19:02.928082+00:00","libfile_78ce667a5884819184afbc0d6f2bf47f","file_00000000961081faa7ca500a2cc2fe35","text-source"
"01_RESEARCH/MODULES/L01.03/CONTRADICTION_REVIEW.csv","text/csv","4913","2026-10-01T17:36:59.153078+00:00","libfile_790a5363c1d081918af40c75b89082c9","file_00000000e0d08207b99c3164fce7a261","text-source"
"01_RESEARCH/MODULES/L18.02/CONTRADICTION_REVIEW.csv","text/csv","10621","2026-10-04T11:05:59.290374+00:00","libfile_791d0573ccfc8191bf8df6b0d94eb10a","file_000000003fcc81f58780098c4f9812a6","text-source"
"01_RESEARCH/MODULES/L22.02/CONTRADICTION_REVIEW.csv","text/csv","11133","2026-10-03T10:54:04.497808+00:00","libfile_7c68e45e35b8819198843e55e6cf8802","file_0000000011d081f5975e804ad80080ef","text-source"
"01_RESEARCH/MODULES/L07.04/CONTRADICTION_REVIEW.csv","text/csv","7202","2026-10-04T11:36:47.984650+00:00","libfile_8bd42ce58aac8191a255d532dc48a0b8","file_0000000020a081f582fa39aaf741bd47","text-source"
"01_RESEARCH/MODULES/L02.04/CONTRADICTION_REVIEW.csv","text/csv","10384","2026-10-02T05:22:33.465749+00:00","libfile_8bd6370f72ec81918ca7165b2344b592","file_000000002d3481f58c1dfc688eaa1785","text-source"
"01_RESEARCH/MODULES/L01.02/CONTRADICTION_REVIEW.csv","text/csv","4692","2026-10-01T17:17:59.266146+00:00","libfile_9187f152dfa881919f90b86fdd5e0b5f","file_00000000a3c88207acdd439c93a1b084","text-source"
"01_RESEARCH/MODULES/L07.05/CONTRADICTION_REVIEW.csv","text/csv","7190","2026-10-04T11:36:51.218927+00:00","libfile_9326547e67748191ba0b20e1c3545c07","file_00000000164c81f5b4f6a27cc6e29129","text-source"
"01_RESEARCH/MODULES/L04.05/CONTRADICTION_REVIEW.csv","text/csv","8632","2026-10-03T15:08:08.317443+00:00","libfile_936057ce5b988191b8c74cc3b41d2ccd","file_00000000c2e081f6821b393fd306dc3d","text-source"
"01_RESEARCH/MODULES/L06.04/CONTRADICTION_REVIEW.csv","text/csv","7132","2026-10-04T11:05:47.801878+00:00","libfile_9626ef5f456c819197244d4cadfd17fa","file_00000000a16481f599f6608ab84d59ba","text-source"
"01_RESEARCH/MODULES/L00.04/CONTRADICTION_REVIEW.csv","text/csv","4918","2026-10-01T10:57:33.777479+00:00","libfile_9654854a1d50819187f3e26563d70e6c","file_00000000bb1c8211baa0855bff82111c","text-source"
"01_RESEARCH/MODULES/L01.04/CONTRADICTION_REVIEW.csv","text/csv","6770","2026-10-01T19:18:37.808438+00:00","libfile_9a875bb1517c8191b5fb4596c688592e","file_00000000db6c82078d99d65ffa030b62","text-source"
"01_RESEARCH/MODULES/L05.05/CONTRADICTION_REVIEW.csv","text/csv","9010","2026-10-03T22:23:15.576828+00:00","libfile_9f573f6b541c81919a008149307f3dc9","file_00000000625081f597b946e8cda4708c","text-source"
"01_RESEARCH/MODULES/L01.05/CONTRADICTION_REVIEW.csv","text/csv","7969","2026-10-01T21:41:56.733518+00:00","libfile_a4b6032ee6a88191b1f82c08c4c3c134","file_000000005a7881fa8ef845dd1af8d324","text-source"
"01_RESEARCH/MODULES/L01.01/CONTRADICTION_REVIEW.csv","text/csv","5646","2026-10-01T16:49:23.032853+00:00","libfile_aaf9a3946da88191ac94a8f6be5ce364","file_0000000040cc82079a5148b6f3128dc1","text-source"
"01_RESEARCH/MODULES/L00.08/CONTRADICTION_REVIEW.csv","text/csv","5844","2026-10-01T14:56:11.840843+00:00","libfile_b32739d7776481919025e242c53be611","file_00000000863882119b1d1d087ccde42e","text-source"
"01_RESEARCH/MODULES/L03.03/CONTRADICTION_REVIEW.csv","text/csv","16208","2026-10-03T04:22:00.541278+00:00","libfile_b48e7ceec5a881919193081689e894e3","file_0000000093c881f5a963a45d5be9bf41","text-source"
"01_RESEARCH/MODULES/L19.01/CONTRADICTION_REVIEW.csv","text/csv","7494","2026-10-04T11:06:03.218862+00:00","libfile_b52eeab53bb08191850a9ad9cdc5ac34","file_0000000023f0820cb0ac64a9c58cfded","text-source"
"01_RESEARCH/MODULES/L24.04/CONTRADICTION_REVIEW.csv","text/csv","10133","2026-10-03T15:08:24.836117+00:00","libfile_bdc36d35226881918c2d5ce6bbb223fc","file_00000000f6e081f6a454c8f8cd897e75","text-source"
"01_RESEARCH/MODULES/L03.05/CONTRADICTION_REVIEW.csv","text/csv","15242","2026-10-03T09:14:12.766381+00:00","libfile_c27a95f167d881918d104e7f88293072","file_000000009b9881f58ddcead99cad065f","text-source"
"01_RESEARCH/MODULES/L02.02/CONTRADICTION_REVIEW.csv","text/csv","9279","2026-10-01T23:49:50.110599+00:00","libfile_c33914ac3ea4819189f31001146da39b","file_000000009ac481f5bd604bbac552c809","text-source"
"01_RESEARCH/MODULES/L00.03/CONTRADICTION_REVIEW.csv","text/csv","4832","2026-10-01T10:32:53.757704+00:00","libfile_c46ea12b7ec08191b29199972e54d120","file_000000008c148207aa4d04350e080d35","text-source"
"01_RESEARCH/MODULES/L02.03/CONTRADICTION_REVIEW.csv","text/csv","8830","2026-10-02T04:01:25.395970+00:00","libfile_d57619a448288191a89130e4ab7f138d","file_000000003c4081f689418d47bb380137","text-source"
"01_RESEARCH/MODULES/L22.07/CONTRADICTION_REVIEW.csv","text/csv","7770","2026-10-04T11:06:06.975101+00:00","libfile_d6e63aeb98648191a603f32ba9eebf55","file_00000000e72481f6bb5f2bdbe94feabb","text-source"
"01_RESEARCH/MODULES/L25.05/CONTRADICTION_REVIEW.csv","text/csv","11780","2026-10-03T22:23:30.945141+00:00","libfile_d7a5b2ffa2cc819186439a3abc7d8a13","file_00000000c47081f5ab1db0d1f523c034","text-source"
"01_RESEARCH/MODULES/L07.02/CONTRADICTION_REVIEW.csv","text/csv","7269","2026-10-04T11:36:40.436698+00:00","libfile_da450e1b562c8191a74b52bcac31e282","file_00000000025081f5bf386a374f4bae8c","text-source"
"01_RESEARCH/MODULES/L25.03/CONTRADICTION_REVIEW.csv","text/csv","12563","2026-10-03T10:54:22.800032+00:00","libfile_dac46634adf4819194ef54b2e9a72200","file_000000006dc081f58d8fc3629bd024c6","text-source"
"01_RESEARCH/MODULES/L06.03/CONTRADICTION_REVIEW.csv","text/csv","7247","2026-10-04T11:05:43.956841+00:00","libfile_df27800ccd84819185b56b83cddd794f","file_00000000bc8c81f59167e8f25120fd76","text-source"
"01_RESEARCH/MODULES/L02.05/CONTRADICTION_REVIEW.csv","text/csv","9784","2026-10-02T09:22:30.811729+00:00","libfile_e09943d7d14481919ad604d191590b3c","file_00000000ccb081f6aed1ceb731724197","text-source"
"01_RESEARCH/MODULES/L09.01/CONTRADICTION_REVIEW.csv","text/csv","9865","2026-10-03T10:53:53.656826+00:00","libfile_e6b073a9d77c81919ae3b94dfd4c0156","file_00000000b1f081f5819821e745ff0d37","text-source"
"01_RESEARCH/MODULES/L00.05/CONTRADICTION_REVIEW.csv","text/csv","5432","2026-10-01T11:36:11.359532+00:00","libfile_e7720bc4d79c8191804253401ad9888d","file_00000000bc188207ac35c0040a00e663","text-source"
"01_RESEARCH/MODULES/L04.04/CONTRADICTION_REVIEW.csv","text/csv","8346","2026-10-03T15:08:03.419154+00:00","libfile_e8b75a69ee908191a94be1873b43d186","file_00000000c91081f59becb2a2822c97aa","text-source"
"01_RESEARCH/MODULES/L22.03/CONTRADICTION_REVIEW.csv","text/csv","11613","2026-10-03T10:54:04.494841+00:00","libfile_ee10f2c3b16481919295fc943f9bf832","file_00000000442c81f588dcb20a1ef3a977","text-source"
"01_RESEARCH/MODULES/L00.01/CONTRADICTION_REVIEW.csv","text/csv","2905","2026-10-01T09:23:41.699664+00:00","libfile_efc07f5fc6708191a726e2cd8c733a4e","file_00000000fd9c82079dbd7f0e7633dc4a","text-source"
"01_RESEARCH/MODULES/L04.03/CONTRADICTION_REVIEW.csv","text/csv","8586","2026-10-03T15:07:58.822931+00:00","libfile_efec2454cfe08191b7e1f3c4d34efc3a","file_00000000635081f5b09c15c3b1f4d41a","text-source"
"01_RESEARCH/MODULES/L02.06/CONTRADICTION_REVIEW.csv","text/csv","10912","2026-10-02T10:08:50.024998+00:00","libfile_f1fa8203b4e081919d5a6e9983ff7428","file_000000001b1c81f599f4bc8a0e35ed08","text-source"
"01_RESEARCH/MODULES/L04.01/CONTRADICTION_REVIEW.csv","text/csv","12741","2026-10-03T10:53:37.464116+00:00","libfile_f67d83c547708191a9c74b65cc8b62b9","file_00000000e7f881f5842f8df6748431e7","text-source"
"01_RESEARCH/MODULES/L25.01/CONTRADICTION_REVIEW.csv","text/csv","10132","2026-10-03T10:54:15.872820+00:00","libfile_f79dcfde8b2881918649e8cd3969748a","file_000000000ce881f581d166efd7058e17","text-source"
"01_RESEARCH/MODULES/L07.01/CONTRADICTION_REVIEW.csv","text/csv","9763","2026-10-04T11:05:51.501143+00:00","libfile_f82e2b54318c8191ba298d4766aeada6","file_00000000e8ec81f5b7437d6b54483b6e","text-source"
"01_RESEARCH/MODULES/L06.02/CONTRADICTION_REVIEW.csv","text/csv","8848","2026-10-04T11:05:40.618592+00:00","libfile_f9d682560e6881918f622239ced213e4","file_000000005e5481f69f361b846bb21fbe","text-source"
"01_RESEARCH/MODULES/L24.03/CONTRADICTION_REVIEW.csv","text/csv","9431","2026-10-03T10:54:15.877972+00:00","libfile_fc2dfe0f8e4081919889cb0e5deb37e6","file_00000000923481f5ac1e7d5e1ae968ee","text-source"
"01_RESEARCH/MODULES/L05.07/css_fonts_4.html","text/html","1388137","2026-10-03T15:08:20.543688+00:00","libfile_303790d2a7248191b8f205926458cdc1","file_00000000e98481f5881214e73a975514","text-source"
"01_RESEARCH/MODULES/L05.07/css_fonts_4.txt","text/plain","342950","2026-10-03T15:08:20.442965+00:00","libfile_0108f61517cc81919e27e3c6c6113738","file_00000000e07481f5b58867d4a7cc125d","text-source"
"01_RESEARCH/MODULES/L05.07/css_text_3.html","text/html","540326","2026-10-03T15:08:20.416852+00:00","libfile_90bee44465188191b2a6df4a26eabd69","file_00000000d26081f59835f22c5afee28b","text-source"
"01_RESEARCH/MODULES/L05.07/css_text_3.txt","text/plain","144057","2026-10-03T15:08:24.827073+00:00","libfile_f4ca253fe4388191807d48a6360ed417","file_00000000b8c881f69e263b14bbf65c3a","text-source"
"01_RESEARCH/MODULES/L04.04/data_contract_fixture.py","text/x-python","3435","2026-10-03T15:08:08.270134+00:00","libfile_878f8c0244f08191a5015fedf4ead0e1","file_00000000548c81f68ad0b46a5775510b","text-source"
"01_RESEARCH/MODULES/L04.04/DATA_FIXTURE_RESULTS.json","application/json","3357","2026-10-03T15:08:03.415437+00:00","libfile_069ce783e824819198a4c1a455a995b0","file_000000005d5081f5a877de4c2a65f16b","text-source"
"01_RESEARCH/MODULES/L03.06/fixtures/declared_demo.json","application/json","1036","2026-10-03T04:29:14.453429+00:00","libfile_8387e6fe30d08191849e5d2b9c9c8ecd","file_00000000a48881f58ab3ee03e32b3130","text-source"
"01_RESEARCH/MODULES/L03.06/DECLARED_DEMO.json","application/json","1036","2026-10-03T04:29:14.437006+00:00","libfile_8fd2855ec24081918fed2b456a99058f","file_00000000eb8481f5a216f01d052d2299","text-source"
"01_RESEARCH/MODULES/L19.01/DECLARED_PLAN.json","application/json","1627","2026-10-04T11:06:03.019795+00:00","libfile_fe962950481c81919d64260881521c98","file_0000000019f881f5af6a2a650e6cc3a9","text-source"
"01_RESEARCH/MODULES/L03.07/DECLARED_TIMING_FIXTURE.py","text/x-python","4471","2026-10-03T04:10:25.160255+00:00","libfile_2fb155ef11708191817c229664035769","file_000000000b0081f5acd0b8f655b6c83f","text-source"
"01_RESEARCH/MODULES/L09.01/decoded_track.json","application/json","2397","2026-10-03T10:53:57.126954+00:00","libfile_213d5eb3796881919b4eaad05e8f9e53","file_00000000723081f588a998f5c016c106","text-source"
"01_RESEARCH/MODULES/L04.01/DEEPENING_BACKLOG.json","application/json","2833","2026-10-03T10:53:37.488581+00:00","libfile_087bcd0f87b481918af3f8e9a6bf7e63","file_000000008a7481f5bb0ea163ee398be4","text-source"
"01_RESEARCH/MODULES/L24.03/DEEPENING_BACKLOG.json","application/json","709","2026-10-03T10:54:15.867816+00:00","libfile_14e99f3739788191905a9212a38c0de4","file_00000000956881f5aaaa6cfcbac6a3aa","text-source"
"01_RESEARCH/MODULES/L06.02/DEEPENING_BACKLOG.json","application/json","4120","2026-10-04T11:05:40.635001+00:00","libfile_19a982b9ade88191ae528218c1fcb270","file_00000000a27c81f6a30e24b4850b14a0","text-source"
"01_RESEARCH/MODULES/L18.02/DEEPENING_BACKLOG.json","application/json","4243","2026-10-04T11:05:59.318048+00:00","libfile_1a000e5d9ab08191aa40def96b59afa4","file_00000000e1f881f58e97bc63f4f8ef7a","text-source"
"01_RESEARCH/MODULES/L24.05/DEEPENING_BACKLOG.json","application/json","2199","2026-10-03T15:08:28.738953+00:00","libfile_1a9df1f26e548191af3fbe2f20715f81","file_000000009d0081fd8763c3e36eefed77","text-source"
"01_RESEARCH/MODULES/L06.05/DEEPENING_BACKLOG.json","application/json","2069","2026-10-04T11:05:51.658968+00:00","libfile_201c3dc1939c81918abc98fba7879c02","file_00000000aed481f9bcc0d2486d8d2485","text-source"
"01_RESEARCH/MODULES/L07.01/DEEPENING_BACKLOG.json","application/json","3737","2026-10-04T11:05:51.747475+00:00","libfile_230e0009fdf48191b926438c178f1378","file_00000000785481f6acc57dc12fa8b5a5","text-source"
"01_RESEARCH/MODULES/L05.06/DEEPENING_BACKLOG.json","application/json","3326","2026-10-03T22:23:19.465435+00:00","libfile_2a0ad262123481919ad576e8e7cdc43c","file_00000000582081f9b5ea64830a08ed8c","text-source"
"01_RESEARCH/MODULES/L05.05/DEEPENING_BACKLOG.json","application/json","1702","2026-10-03T22:23:15.632588+00:00","libfile_388743ac16908191b8af315cbf11ebdd","file_0000000024d481f5a411fa6d12758618","text-source"
"01_RESEARCH/MODULES/L04.05/DEEPENING_BACKLOG.json","application/json","1061","2026-10-03T15:08:08.215884+00:00","libfile_3e19e1469f288191b0e021c801d860c9","file_00000000253481f6af0f53de11a42733","text-source"
"01_RESEARCH/MODULES/L07.03/DEEPENING_BACKLOG.json","application/json","2216","2026-10-04T11:36:43.904361+00:00","libfile_416dc326461c81919d3e06a4c97925b0","file_00000000567881f5ac4d31b564b9bcc5","text-source"
"01_RESEARCH/MODULES/L05.03/DEEPENING_BACKLOG.json","application/json","1076","2026-10-03T10:53:53.650802+00:00","libfile_4f310a0fe6d48191a365fa499e0a829e","file_0000000047e881f5b6bba7154ffa9869","text-source"
"01_RESEARCH/MODULES/L06.04/DEEPENING_BACKLOG.json","application/json","2069","2026-10-04T11:05:48.218482+00:00","libfile_523d160b68b48191a23a3f71ed8db24a","file_00000000952c81f591d823e7a864b68b","text-source"
"01_RESEARCH/MODULES/L24.01/DEEPENING_BACKLOG.json","application/json","728","2026-10-03T10:54:08.138968+00:00","libfile_6544d03fe2ec8191b395974ef034c44a","file_00000000ea5881f9bd8163565214f8ac","text-source"
"01_RESEARCH/MODULES/L22.03/DEEPENING_BACKLOG.json","application/json","510","2026-10-03T10:54:04.496365+00:00","libfile_6e9a0eba75ac8191a76e1de24f0b7850","file_00000000ca0881f5a595ebcd18a9d668","text-source"
"01_RESEARCH/MODULES/L04.03/DEEPENING_BACKLOG.json","application/json","1040","2026-10-03T15:07:58.817919+00:00","libfile_733d59db6c4481919cf305ba3f605115","file_00000000e6dc81f5b431088cb90862f7","text-source"
"01_RESEARCH/MODULES/L05.01/DEEPENING_BACKLOG.json","application/json","736","2026-10-03T10:53:45.921645+00:00","libfile_742ae1e580348191bbccfe2b075b45a6","file_00000000dd5481f58022b54404f91b5a","text-source"
"01_RESEARCH/MODULES/L07.04/DEEPENING_BACKLOG.json","application/json","2216","2026-10-04T11:36:47.995018+00:00","libfile_7a5892683530819185951947fe294562","file_00000000b68081f5a626108b8e80309f","text-source"
"01_RESEARCH/MODULES/L25.05/DEEPENING_BACKLOG.json","application/json","969","2026-10-03T22:23:30.952133+00:00","libfile_81f4ce56721081919256903ba9344d4a","file_0000000092d481f5872187015145dde6","text-source"
"01_RESEARCH/MODULES/L24.02/DEEPENING_BACKLOG.json","application/json","699","2026-10-03T10:54:12.188056+00:00","libfile_868ac71497a481919d78da2713a25cac","file_00000000da8481f5ace4c6e997908f20","text-source"
"01_RESEARCH/MODULES/L04.04/DEEPENING_BACKLOG.json","application/json","1113","2026-10-03T15:08:03.472567+00:00","libfile_89910b2756948191bbf40144e199c39f","file_000000004e7881f593016d9a9765bebb","text-source"
"01_RESEARCH/MODULES/L05.04/DEEPENING_BACKLOG.json","application/json","2557","2026-10-03T15:08:11.869801+00:00","libfile_8afda38c61648191ac67474b93a039c5","file_00000000760481f5a77952b84f266e87","text-source"
"01_RESEARCH/MODULES/L24.04/DEEPENING_BACKLOG.json","application/json","2834","2026-10-03T15:08:24.879526+00:00","libfile_8b609fa3cc108191b428da7190b092f5","file_00000000868481f6852944cfeb13b569","text-source"
"01_RESEARCH/MODULES/L05.07/DEEPENING_BACKLOG.json","application/json","2541","2026-10-03T15:08:20.484605+00:00","libfile_907f90bf98c08191a6e023449c7e767a","file_00000000935481f58f38fe37907c3fcf","text-source"
"01_RESEARCH/MODULES/L22.07/DEEPENING_BACKLOG.json","application/json","2623","2026-10-04T11:06:06.998594+00:00","libfile_939e7fe48c288191b86a52ac38dfba8c","file_00000000a65881f6a5441f612fa0fee1","text-source"
"01_RESEARCH/MODULES/L18.01/DEEPENING_BACKLOG.json","application/json","1226","2026-10-03T10:53:57.098145+00:00","libfile_a5f3a90346d88191bf5b84f4444bc215","file_00000000424081f5aeaaab82cae1fd63","text-source"
"01_RESEARCH/MODULES/L25.03/DEEPENING_BACKLOG.json","application/json","696","2026-10-03T10:54:22.878040+00:00","libfile_ac32e970d1148191a59c4e69f59c987b","file_00000000d69881f6adf757e19b331f99","text-source"
"01_RESEARCH/MODULES/L07.02/DEEPENING_BACKLOG.json","application/json","2216","2026-10-04T11:36:40.425853+00:00","libfile_b40c8386275c819192a55d4037ccd6a5","file_00000000d10881f5ae9532b67ad3424e","text-source"
"01_RESEARCH/MODULES/L07.05/DEEPENING_BACKLOG.json","application/json","2216","2026-10-04T11:36:51.220331+00:00","libfile_b7d33feae67881918d76b81064ce1e9f","file_00000000c6d481f58617da3d095796e4","text-source"
"01_RESEARCH/MODULES/L06.01/DEEPENING_BACKLOG.json","application/json","4067","2026-10-03T22:23:23.780651+00:00","libfile_c49647a77ac881918c88df7ef7f67b9c","file_00000000040481f5879b351268ff0410","text-source"
"01_RESEARCH/MODULES/L22.02/DEEPENING_BACKLOG.json","application/json","494","2026-10-03T10:54:04.476413+00:00","libfile_c898a0e6c8a48191a683778fe523bd66","file_00000000436481f5abe06c634feb777f","text-source"
"01_RESEARCH/MODULES/L25.04/DEEPENING_BACKLOG.json","application/json","969","2026-10-03T22:23:27.070123+00:00","libfile_ca52fa4cdac081918f195010bd41d053","file_000000006e0481f5abd28275b6c3846a","text-source"
"01_RESEARCH/MODULES/L04.02/DEEPENING_BACKLOG.json","application/json","2108","2026-10-03T10:53:41.664001+00:00","libfile_cdef29278498819193a77f872c293b55","file_0000000035e481f6be1b3bfd1e96b6d7","text-source"
"01_RESEARCH/MODULES/L06.03/DEEPENING_BACKLOG.json","application/json","2069","2026-10-04T11:05:43.928460+00:00","libfile_d15bf42804ec8191b16665647f3fcc34","file_000000001efc81f5a8a9578d0ea1fa51","text-source"
"01_RESEARCH/MODULES/L05.02/DEEPENING_BACKLOG.json","application/json","758","2026-10-03T10:53:49.700658+00:00","libfile_d6190286e6908191ad4cc7096ef61df3","file_00000000d66481f9b6344f716f9594fc","text-source"
"01_RESEARCH/MODULES/L25.02/DEEPENING_BACKLOG.json","application/json","662","2026-10-03T10:54:19.215696+00:00","libfile_dc62a4dfd9a8819189138cc05df2c832","file_000000003090822f8c508f1c4f68704e","text-source"
"01_RESEARCH/MODULES/L19.01/DEEPENING_BACKLOG.json","application/json","2640","2026-10-04T11:06:03.055348+00:00","libfile_e15e06d3c8488191bd8773f35ce638bc","file_00000000755081f592c7390c43001c72","text-source"
"01_RESEARCH/MODULES/L25.01/DEEPENING_BACKLOG.json","application/json","648","2026-10-03T10:54:15.841499+00:00","libfile_ea5dc8653b608191b5b8934ee060d920","file_00000000836481f5b1064fb93190fd02","text-source"
"01_RESEARCH/MODULES/L19.01/delivery_fixture.py","text/x-python","4707","2026-10-04T11:06:06.952348+00:00","libfile_e48cc0f5ee648191bbe3b603d2af07ad","file_00000000f90481f6b3511f16701dbcb1","text-source"
"01_RESEARCH/MODULES/L19.01/DELIVERY_FIXTURE_RESULTS.json","application/json","3129","2026-10-04T11:06:03.214592+00:00","libfile_3e8b7016d9e88191bd405cc2630f08b0","file_00000000c30881f6b7098863c41f7b3e","text-source"
"01_RESEARCH/MODULES/L19.01/DELIVERY_TIMELINE.json","application/json","519","2026-10-04T11:06:03.284501+00:00","libfile_5451678fffec8191825d53c874cf3ea6","file_000000008d4c81f5bc8b4b5b435f26f5","text-source"
"01_RESEARCH/MODULES/L05.05/DEPENDENCY_GUARD.json","application/json","662","2026-10-03T22:23:15.585476+00:00","libfile_0bc3f362fa4c8191811f9451cc89fae9","file_00000000408c81f5a651ec3ee2856450","text-source"
"01_RESEARCH/MODULES/L05.07/DEPENDENCY_GUARD.json","application/json","323","2026-10-03T15:08:20.430806+00:00","libfile_1b8bbd8f375c81919a2e9269cb0e9f99","file_000000005fa481f5bb9e5d4791cd1b89","text-source"
"01_RESEARCH/MODULES/L05.06/DEPENDENCY_GUARD.json","application/json","8511","2026-10-03T22:23:19.429818+00:00","libfile_51e28c2606648191b2bbb7fe00b5c974","file_00000000873c81f9abc482af9a40a58d","text-source"
"01_RESEARCH/MODULES/L06.02/DEPENDENCY_GUARD.json","application/json","7625","2026-10-04T11:05:40.623913+00:00","libfile_80361378ac24819189e60f12155c04d3","file_00000000bd6881f681dd1b3da3b6a9de","text-source"
"01_RESEARCH/MODULES/L05.04/DEPENDENCY_GUARD.json","application/json","2061","2026-10-03T15:08:11.893206+00:00","libfile_a95193f07b6c81919a9b5b163f96a5a7","file_000000008df481f59312ed4b58f585b9","text-source"
"01_RESEARCH/MODULES/L07.01/DEPENDENCY_GUARD.json","application/json","8091","2026-10-04T11:05:51.690267+00:00","libfile_e7ddd76421b881919bcf70deebdece88","file_000000007bec820c9dcb1733befae9db","text-source"
"01_RESEARCH/MODULES/L06.01/DEPENDENCY_GUARD.json","application/json","6449","2026-10-03T22:23:23.803303+00:00","libfile_faa2b19be4b881918b5faf38e7162556","file_00000000fa2481f5aab8a576df186d8b","text-source"
"01_RESEARCH/MODULES/L06.01/detectors.html","text/html","63857","2026-10-03T22:23:27.067803+00:00","libfile_da2a6e99c7148191b2d1b45208b39fd2","file_000000001ec081f5aa558bbefd0d93c2","text-source"
"01_RESEARCH/MODULES/L06.01/detectors.txt","text/plain","17377","2026-10-03T22:23:27.101310+00:00","libfile_fec5b21ce2d081919cc64fb21b63358a","file_000000006e5881f5bf9f3cca2f06ca62","text-source"
"01_RESEARCH/MODULES/L06.02/DIRECTION_FIXTURE_RESULTS.json","application/json","10497","2026-10-04T11:05:43.936418+00:00","libfile_4f8ecff395d4819198663cd0d0232541","file_00000000392881f5b294d5ba9cf54956","text-source"
"01_RESEARCH/MODULES/L06.02/direction_record_fixture.py","text/x-python","12406","2026-10-04T11:05:43.934918+00:00","libfile_1591289fe68c819196afd0961d3b2424","file_00000000035881f582573844789d9ef7","text-source"
"01_RESEARCH/MODULES/L05.05/DRAFT_ARTIFACT_MANIFEST.json","application/json","1976","2026-10-03T22:23:15.605127+00:00","libfile_05e3246f8d2c8191a212116d6be4c034","file_00000000fe4881f58074f09e4198427c","text-source"
"01_RESEARCH/MODULES/L05.07/DRAFT_ARTIFACT_MANIFEST.json","application/json","2692","2026-10-03T15:08:20.474843+00:00","libfile_1e26c5677a348191aa9b1083675d0c9b","file_00000000fd8481f5a2a79e331eaebe1b","text-source"
"01_RESEARCH/MODULES/L05.06/DRAFT_ARTIFACT_MANIFEST.json","application/json","2109","2026-10-03T22:23:19.469310+00:00","libfile_40f736793e748191b86f20316b116643","file_00000000f5f481f981f81c270aff9a4e","text-source"
"01_RESEARCH/MODULES/L05.04/DRAFT_ARTIFACT_MANIFEST.json","application/json","2072","2026-10-03T15:08:16.775632+00:00","libfile_665f7eb6e90c8191a3e4780efca5360c","file_000000001cc881f58935efc62c88354f","text-source"
"01_RESEARCH/MODULES/L06.01/DRAFT_ARTIFACT_MANIFEST.json","application/json","3539","2026-10-03T22:23:23.811269+00:00","libfile_bf3994c799708191a00957cc0acce06c","file_000000007f1081f587243f11abf82b1c","text-source"
"01_RESEARCH/MODULES/L22.07/EVALUATION_FIXTURE_RESULTS.json","application/json","21532","2026-10-04T11:06:07.075973+00:00","libfile_77a49e8af9c881919851aad9e0f97a61","file_00000000825881f69b83a9779fea2d0a","text-source"
"01_RESEARCH/MODULES/L22.07/evaluation_numeric_fixture.py","text/x-python","12804","2026-10-04T11:06:10.722371+00:00","libfile_117a28f8b3808191a1f293764f20e85d","file_000000007b2c81f58ee1e89882c37440","text-source"
"01_RESEARCH/MODULES/L22.07/EVALUATION_SOURCE_BODIES.zip","application/zip","4437467","2026-10-04T11:06:07.002248+00:00","libfile_37325f940b948191a5842f73f62c1768","file_00000000933c81f6b9554763a4e11e68","binary-or-nontext"
"01_RESEARCH/MODULES/L05.04/EVIDENCE_MAP.csv","text/csv","27699","2026-10-03T15:08:16.806786+00:00","libfile_01b85af8d0f48191b058d61327397864","file_00000000ad6c81f5988ab25bd1d33ca3","text-source"
"01_RESEARCH/MODULES/L03.02/EVIDENCE_MAP.csv","text/csv","17440","2026-10-02T22:13:41.985171+00:00","libfile_020a4c6f81e481918efccadd09c0238a","file_00000000972081f5b9e81fa044742e1f","text-source"
"01_RESEARCH/MODULES/L07.02/EVIDENCE_MAP.csv","text/csv","16309","2026-10-04T11:36:40.405331+00:00","libfile_09e9a2215c808191b7a4691c146cf4d8","file_000000001a0481f5a6ce18a4dace2c82","text-source"
"01_RESEARCH/MODULES/L01.04/EVIDENCE_MAP.csv","text/csv","42904","2026-10-01T19:19:27.550005+00:00","libfile_0db29cdb8f1c8191a670219e571588cd","file_0000000002c08207924de44b4487611b","text-source"
"01_RESEARCH/MODULES/L05.06/EVIDENCE_MAP.csv","text/csv","15206","2026-10-03T22:23:19.426409+00:00","libfile_0e6ec61138948191aa47a3d298e3dec1","file_00000000db6081f9957fcdccbd0cfafb","text-source"
"01_RESEARCH/EVIDENCE_MAP.csv","text/csv","1344771","2026-10-04T11:36:40.598246+00:00","libfile_11b7dce7a9d08191913b33e038874498","file_000000003cb481f5ac69c2c46301180f","text-source"
"01_RESEARCH/MODULES/L02.04/EVIDENCE_MAP.csv","text/csv","21392","2026-10-02T05:22:33.478428+00:00","libfile_15677aad059481918f643e49812eb11d","file_0000000022a881f5aa3d9c4fa7f3e1b2","text-source"
"01_RESEARCH/MODULES/L00.07/EVIDENCE_MAP.csv","text/csv","17762","2026-10-01T14:28:10.446149+00:00","libfile_1e1d7d015cfc819194a523a54fa3bae2","file_00000000cce08209b97e3dc119f7cbef","text-source"
"01_RESEARCH/MODULES/L18.02/EVIDENCE_MAP.csv","text/csv","17185","2026-10-04T11:05:59.276116+00:00","libfile_2b3a55b6051481918285ae564fdeee8f","file_000000004cc881f59a32efc1d3bfd076","text-source"
"01_RESEARCH/MODULES/L25.04/EVIDENCE_MAP.csv","text/csv","13505","2026-10-03T22:23:27.087537+00:00","libfile_2c63f3a8f2988191b1ebaee1f5ea08f9","file_0000000016e081f5815705b0d8558a1f","text-source"
"01_RESEARCH/MODULES/L03.07/EVIDENCE_MAP.csv","text/csv","20071","2026-10-03T04:10:25.150310+00:00","libfile_2c87c125da6881918e2a659642396f53","file_000000007cb881f592a12b55525ee290","text-source"
"01_RESEARCH/MODULES/L04.03/EVIDENCE_MAP.csv","text/csv","15317","2026-10-03T15:07:58.827043+00:00","libfile_2f1c6f1e4dc0819195d325e2be7f82f2","file_00000000130c81f5801c68d02a344960","text-source"
"01_RESEARCH/MODULES/L07.05/EVIDENCE_MAP.csv","text/csv","16347","2026-10-04T11:36:51.245207+00:00","libfile_311fb1682c848191913593254b933aaf","file_000000001e0c81f58923679d5a023dfb","text-source"
"01_RESEARCH/MODULES/L03.06/EVIDENCE_MAP.csv","text/csv","32503","2026-10-03T04:29:14.561534+00:00","libfile_31a729c76bcc8191bdbcfba5927d7847","file_0000000030a481f58d81a085c0be1332","text-source"
"01_RESEARCH/MODULES/L02.01/EVIDENCE_MAP.csv","text/csv","53622","2026-10-02T06:15:14.549671+00:00","libfile_32dbc5f06a388191ac3355c328641b3d","file_0000000046bc82308077d531bdbea976","text-source"
"01_RESEARCH/MODULES/L02.02/EVIDENCE_MAP.csv","text/csv","17520","2026-10-01T23:49:50.073675+00:00","libfile_340c820ab07c8191a693d3dd0a80cdae","file_00000000306881f58670f3dda9570af3","text-source"
"01_RESEARCH/MODULES/L06.04/EVIDENCE_MAP.csv","text/csv","15932","2026-10-04T11:05:47.824546+00:00","libfile_367a6679f19c819196a3ffda7a51682a","file_00000000008c81f58bc90df2cbbe1fac","text-source"
"01_RESEARCH/MODULES/L05.05/EVIDENCE_MAP.csv","text/csv","27846","2026-10-03T22:23:15.590361+00:00","libfile_36f38f50b93481919693dfb7222d511c","file_0000000018d081f59ea096c3f0e1d1e5","text-source"
"01_RESEARCH/MODULES/L00.08/EVIDENCE_MAP.csv","text/csv","29812","2026-10-01T14:55:59.663007+00:00","libfile_3ba9c29ddb208191b53add3414afc569","file_0000000021f88207bc9e7b297927f84a","text-source"
"01_RESEARCH/MODULES/L00.06/EVIDENCE_MAP.csv","text/csv","21569","2026-10-02T06:15:07.886386+00:00","libfile_3cc287a7eaa88191a8866e227143ec4a","file_000000006b7481f5b43d3259190d1f3b","text-source"
"01_RESEARCH/MODULES/L00.03/EVIDENCE_MAP.csv","text/csv","15359","2026-10-01T10:32:43.416976+00:00","libfile_432d57d630d4819182d9a1457c34178f","file_00000000f8448211b79a857334bdb42f","text-source"
"01_RESEARCH/MODULES/L02.05/EVIDENCE_MAP.csv","text/csv","19522","2026-10-02T09:22:30.702512+00:00","libfile_47bccf044f088191a9ba4ca9758c5415","file_00000000b58081f6a1692cd305c328a8","text-source"
"01_RESEARCH/MODULES/L00.05/EVIDENCE_MAP.csv","text/csv","36966","2026-10-02T22:22:28.229080+00:00","libfile_4a9dcb0e20e88191a86eb60b1c3d2870","file_00000000e4fc81f5a473e140ef481a49","text-source"
"01_RESEARCH/MODULES/L24.05/EVIDENCE_MAP.csv","text/csv","20921","2026-10-03T15:08:28.349160+00:00","libfile_50a6d414ec1c8191a6b56987dc68ec21","file_000000001940820cb6eba956c7844422","text-source"
"01_RESEARCH/MODULES/L06.05/EVIDENCE_MAP.csv","text/csv","15932","2026-10-04T11:05:51.666418+00:00","libfile_57527128ca58819199193b95690d6250","file_00000000168881f6a0d7d3aea6465542","text-source"
"01_RESEARCH/MODULES/L24.04/EVIDENCE_MAP.csv","text/csv","18456","2026-10-03T15:08:24.832536+00:00","libfile_5a58399ecba4819199307e0fcb1acf64","file_00000000024c81f6ae3c277259536d0a","text-source"
"01_RESEARCH/MODULES/L01.03/EVIDENCE_MAP.csv","text/csv","34593","2026-10-01T17:36:38.479910+00:00","libfile_5cf59608072081919b54e4da017242c3","file_000000000cb082079c593e87d6d35a92","text-source"
"01_RESEARCH/MODULES/L25.05/EVIDENCE_MAP.csv","text/csv","15125","2026-10-03T22:23:31.003941+00:00","libfile_6297efd6713c8191b4277dacc8d790c0","file_00000000ddf481f58fbf76390baace5a","text-source"
"01_RESEARCH/MODULES/L06.03/EVIDENCE_MAP.csv","text/csv","15932","2026-10-04T11:05:43.972059+00:00","libfile_6398a603603c81919dc839302db764cd","file_00000000953c81f59324083aaafee894","text-source"
"01_RESEARCH/MODULES/L18.01/EVIDENCE_MAP.csv","text/csv","14005","2026-10-03T10:54:00.501750+00:00","libfile_6894b357afc08191b341d38a069540ec","file_0000000054e881f68404cec2469c03e7","text-source"
"01_RESEARCH/MODULES/L05.03/EVIDENCE_MAP.csv","text/csv","23101","2026-10-03T10:53:53.643973+00:00","libfile_6a2f1081d75c8191b3e8f2628f41031a","file_00000000334481f5930b4075c122f499","text-source"
"01_RESEARCH/MODULES/L25.02/EVIDENCE_MAP.csv","text/csv","13650","2026-10-03T10:54:19.237523+00:00","libfile_6f11d30547988191adff52afe986b1f7","file_000000002934822f86fe7dec7cf00f73","text-source"
"01_RESEARCH/MODULES/L02.06/EVIDENCE_MAP.csv","text/csv","18372","2026-10-02T10:08:50.080502+00:00","libfile_702a4c6281408191b05aca0a4b246929","file_00000000af2881f59df80c3e7ce6e612","text-source"
"01_RESEARCH/MODULES/L00.01/EVIDENCE_MAP.csv","text/csv","9869","2026-10-01T09:23:31.371136+00:00","libfile_70ee71cb9c908191abc0c366470b50db","file_000000009df48207b2925625783299d5","text-source"
"01_RESEARCH/MODULES/L25.01/EVIDENCE_MAP.csv","text/csv","14931","2026-10-03T10:54:15.870325+00:00","libfile_72500e84d3e08191a0d270887a2fd858","file_00000000b828820c95ffce67a7b0aaa2","text-source"
"01_RESEARCH/MODULES/L09.01/EVIDENCE_MAP.csv","text/csv","17972","2026-10-03T10:53:57.100652+00:00","libfile_72ba4578b48881918013edba31b64461","file_00000000a86c81f58ca164ef4b78164a","text-source"
"01_RESEARCH/MODULES/L00.02/EVIDENCE_MAP.csv","text/csv","13814","2026-10-01T09:45:23.466796+00:00","libfile_768c76efd5e48191a803b406bb7e7eae","file_00000000bc34820799830f0df9bc110c","text-source"
"01_RESEARCH/MODULES/L03.03/EVIDENCE_MAP.csv","text/csv","20881","2026-10-03T04:22:00.522372+00:00","libfile_76ec8394ba9c81919b8020b2583ae0e3","file_00000000493081f5b047f85a64f53cd8","text-source"
"01_RESEARCH/MODULES/L03.01/EVIDENCE_MAP.csv","text/csv","18915","2026-10-02T14:01:16.275861+00:00","libfile_80bd797b91e081918f1630dd55f9455f","file_00000000490081f882bf54ce6f600654","text-source"
"01_RESEARCH/MODULES/L22.07/EVIDENCE_MAP.csv","text/csv","16408","2026-10-04T11:06:06.950885+00:00","libfile_81c1ed45f8748191942d14d57a2bbe2a","file_0000000091b081f6bf1cba5a62ffae89","text-source"
"01_RESEARCH/MODULES/L00.10/EVIDENCE_MAP.csv","text/csv","22263","2026-10-02T04:01:25.378036+00:00","libfile_84bec70a8b10819194414fe920c689f7","file_000000000bb081f6a87511fec8a27c44","text-source"
"01_RESEARCH/MODULES/L07.01/EVIDENCE_MAP.csv","text/csv","16585","2026-10-04T11:05:55.393414+00:00","libfile_84cb0fffaf288191bb5dabc162da19d2","file_00000000cf6c81f58da92171a5387286","text-source"
"01_RESEARCH/MODULES/L05.02/EVIDENCE_MAP.csv","text/csv","19539","2026-10-03T10:53:49.669178+00:00","libfile_9ab2765575b481919fb5ba0807dd0c31","file_0000000069d481f9b759c285cb8e1b74","text-source"
"01_RESEARCH/MODULES/L01.02/EVIDENCE_MAP.csv","text/csv","21726","2026-10-01T17:17:42.577163+00:00","libfile_9bca48d322d88191ae9f7d5e9ef62f11","file_00000000c5c482118f2518659e5a78c5","text-source"
"01_RESEARCH/MODULES/L04.02/EVIDENCE_MAP.csv","text/csv","15937","2026-10-03T10:53:41.659966+00:00","libfile_9ccda902b0188191a77e23006bc48844","file_000000006c1c81f59bfd2cded2b1acc1","text-source"
"01_RESEARCH/MODULES/L04.04/EVIDENCE_MAP.csv","text/csv","16826","2026-10-03T15:08:03.470034+00:00","libfile_a08a038475d88191b567c13f1e27f7c9","file_000000009d5481f5b6541d3b2d1f582f","text-source"
"01_RESEARCH/MODULES/L00.04/EVIDENCE_MAP.csv","text/csv","26042","2026-10-02T06:15:07.836145+00:00","libfile_a3bf051230488191af9c440b262f86f6","file_0000000007d481f58a961909c0110dae","text-source"
"01_RESEARCH/MODULES/L03.04/EVIDENCE_MAP.csv","text/csv","26294","2026-10-03T04:23:46.030542+00:00","libfile_a5ac016070b08191914a9ffa4b2c05ff","file_00000000f88481f687c8cf22339a7ed1","text-source"
"01_RESEARCH/MODULES/L04.05/EVIDENCE_MAP.csv","text/csv","14747","2026-10-03T15:08:08.213044+00:00","libfile_ad6801067ec481918a69ae3a64742c10","file_0000000067c481f692dd7d8b1280d048","text-source"
"01_RESEARCH/MODULES/L05.01/EVIDENCE_MAP.csv","text/csv","14374","2026-10-03T10:53:46.175561+00:00","libfile_b0db6a9144bc819191ce86ff461671cc","file_00000000b71481f5b5778711420d50f8","text-source"
"01_RESEARCH/MODULES/L07.04/EVIDENCE_MAP.csv","text/csv","16348","2026-10-04T11:36:47.989928+00:00","libfile_b96fda727c848191b4e782e5b22c6a9b","file_00000000625081f5bb79ed21cc3574a5","text-source"
"01_RESEARCH/MODULES/L24.03/EVIDENCE_MAP.csv","text/csv","18256","2026-10-03T10:54:15.829235+00:00","libfile_b9a21025512c819191431ed8c7a7376a","file_00000000d2cc81f5a7d027f44318e55e","text-source"
"01_RESEARCH/MODULES/L04.01/EVIDENCE_MAP.csv","text/csv","20948","2026-10-03T10:53:37.460775+00:00","libfile_bccdc839ba348191808fd64a653e9f64","file_00000000892081f58fad3c74a781020e","text-source"
"01_RESEARCH/MODULES/L24.02/EVIDENCE_MAP.csv","text/csv","17376","2026-10-03T10:54:12.210937+00:00","libfile_c0151fbaee708191867ba5bc633ccee4","file_00000000b6c081f59057ca44cdf662ab","text-source"
"01_RESEARCH/MODULES/L00.09/EVIDENCE_MAP.csv","text/csv","15122","2026-10-02T04:01:20.913614+00:00","libfile_c50ea93bce8881919bed2847cd5bb94c","file_00000000f36081f5b92f9a2f38eb4093","text-source"
"01_RESEARCH/MODULES/L01.05/EVIDENCE_MAP.csv","text/csv","43335","2026-10-01T21:41:47.864769+00:00","libfile_c5a84a9760ec8191b904689dfa367235","file_000000005c3881fa89e95aad03d0da8a","text-source"
"01_RESEARCH/MODULES/L19.01/EVIDENCE_MAP.csv","text/csv","16513","2026-10-04T11:06:03.243428+00:00","libfile_c8d692f8f5a4819199f7190fef32b247","file_00000000277881fda6aa312e98a8e6e4","text-source"
"01_RESEARCH/MODULES/L24.01/EVIDENCE_MAP.csv","text/csv","16636","2026-10-03T10:54:08.155452+00:00","libfile_cb7252463c2c8191839330b88c1e85c5","file_00000000dcf081f9a4b1e83775a4e6d7","text-source"
"01_RESEARCH/MODULES/L03.05/EVIDENCE_MAP.csv","text/csv","18030","2026-10-03T09:14:12.742151+00:00","libfile_dc021eaac7ac8191921b03a822828eff","file_00000000027c81f59619be5feacc03f6","text-source"
"01_RESEARCH/MODULES/L06.02/EVIDENCE_MAP.csv","text/csv","14478","2026-10-04T11:05:43.961122+00:00","libfile_dc7e4b8e60d8819184114313c00aaae9","file_00000000aa2081f5aab7952229a2bf1f","text-source"
"01_RESEARCH/MODULES/L22.03/EVIDENCE_MAP.csv","text/csv","16534","2026-10-03T10:54:04.501718+00:00","libfile_dea1179448288191ab26084a84cae603","file_00000000587081f5ba51ca99cfb9c754","text-source"
"01_RESEARCH/MODULES/L05.07/EVIDENCE_MAP.csv","text/csv","29624","2026-10-03T15:08:20.439612+00:00","libfile_df39e5bac6ec8191a775f8faea769db1","file_00000000e60c81f5a88a3105f40f7a8e","text-source"
"01_RESEARCH/MODULES/L01.01/EVIDENCE_MAP.csv","text/csv","26808","2026-10-01T16:49:13.383986+00:00","libfile_e40b7bfdd34c8191a02f1563240c59e8","file_0000000069488211bcf9b37a03046886","text-source"
"01_RESEARCH/MODULES/L02.03/EVIDENCE_MAP.csv","text/csv","15127","2026-10-02T04:01:25.391054+00:00","libfile_e753007df3388191b519fe3d3efee857","file_00000000d22481f68ec0ab711ac3e145","text-source"
"01_RESEARCH/MODULES/L06.01/EVIDENCE_MAP.csv","text/csv","15107","2026-10-03T22:23:23.768417+00:00","libfile_e8e29668adac8191a12455e65490a29e","file_00000000eef081f58e1e27dd70dd0355","text-source"
"01_RESEARCH/MODULES/L07.03/EVIDENCE_MAP.csv","text/csv","16343","2026-10-04T11:36:43.990448+00:00","libfile_f9d9f2f3a32c8191aaf233cc40d0a5b1","file_00000000a5a081f5bdd752eaabaa8552","text-source"
"01_RESEARCH/MODULES/L22.02/EVIDENCE_MAP.csv","text/csv","15552","2026-10-03T10:54:04.523269+00:00","libfile_fa722d848dc48191ba5292685e4c6770","file_000000000d6c81f59b004247b7e3cf63","text-source"
"01_RESEARCH/MODULES/L25.03/EVIDENCE_MAP.csv","text/csv","18509","2026-10-03T10:54:22.788228+00:00","libfile_fa9ff1f3f9bc8191bc90e572d60b739a","file_00000000cf1c81f584874758d3fca9f6","text-source"
"01_RESEARCH/MODULES/L06.01/ffmpeg_filters.html","text/html","1726260","2026-10-03T22:23:27.102605+00:00","libfile_4f1881c34cc08191afd38b9ed23f4b6b","file_00000000785c81f5b703b94c95998633","text-source"
"01_RESEARCH/MODULES/L06.01/ffmpeg_filters.txt","text/plain","876844","2026-10-03T22:23:27.072758+00:00","libfile_ae05867b8a808191b95043279e1df36e","file_0000000004e081f5a33439cf4417df54","text-source"
"01_RESEARCH/MODULES/L18.01/FFMPEG_HELP_acrossfade.txt","text/plain","7475","2026-10-03T10:54:00.545730+00:00","libfile_3edb75adbc988191bf0f9dc1fd5a5bcc","file_00000000bf8c81f68a0a868050a3161d","text-source"
"01_RESEARCH/MODULES/L18.01/FFMPEG_HELP_afade.txt","text/plain","4893","2026-10-03T10:54:00.515662+00:00","libfile_b31e27713b2c8191851c8722eade3225","file_00000000593081f68c7b6c406de928d5","text-source"
"01_RESEARCH/MODULES/L18.01/FFMPEG_HELP_amix.txt","text/plain","891","2026-10-03T10:54:00.542835+00:00","libfile_7b6f607b589481918465cf0f90d96b0f","file_00000000bb0c81f6a5ae3679c9d328c1","text-source"
"01_RESEARCH/MODULES/L18.01/FFMPEG_HELP_atrim.txt","text/plain","1416","2026-10-03T10:54:00.539252+00:00","libfile_706c0d13690c8191894327f7bcd1eee0","file_00000000c30c81f6a5af34c83c75687c","text-source"
"01_RESEARCH/MODULES/L18.01/FFMPEG_HELP_silencedetect.txt","text/plain","712","2026-10-03T10:54:00.540887+00:00","libfile_0d800320ab2c81918406e6bca00db1d1","file_00000000c50881f68598aaf854297b83","text-source"
"01_RESEARCH/MODULES/L18.01/FFMPEG_HELP_volume.txt","text/plain","1507","2026-10-03T10:54:00.496897+00:00","libfile_9c38a09bfb288191b9002a516f3d8206","file_00000000fcd481f6abdcd145689a0e0e","text-source"
"01_RESEARCH/MODULES/L06.01/ffprobe.html","text/html","62129","2026-10-03T22:23:27.089901+00:00","libfile_af2241a3e14481919f74e93a9d3d1a28","file_000000005fec81f588d407cec6aeef04","text-source"
"01_RESEARCH/MODULES/L06.01/ffprobe.txt","text/plain","33344","2026-10-03T22:23:27.066524+00:00","libfile_5de06f7361788191a6c0301bea687ef7","file_00000000929c81f5ba5966b036fbaa54","text-source"
"01_RESEARCH/MODULES/L06.01/FIXTURE_IDENTITY.json","application/json","699","2026-10-03T22:23:23.812597+00:00","libfile_252ffa6edbdc81918c0f033ea00c374c","file_00000000cb5881f5b1364d557b588b8a","text-source"
"01_RESEARCH/MODULES/L06.02/FIXTURE_IDENTITY.json","application/json","639","2026-10-04T11:05:43.921305+00:00","libfile_667996f8054c8191b7b54808a9bd2be7","file_00000000361c81f5891783d77c83df53","text-source"
"01_RESEARCH/MODULES/L05.05/FIXTURE_IDENTITY.json","application/json","723","2026-10-03T22:23:15.608409+00:00","libfile_8a98548b96bc8191b42eb9f8cc28f5fd","file_00000000d88081f5a9d6e10b8830a210","text-source"
"01_RESEARCH/MODULES/L05.06/FIXTURE_IDENTITY.json","application/json","600","2026-10-03T22:23:19.434021+00:00","libfile_9734626d3dd48191be9a4754876c1699","file_00000000da2c81f9b8eb32f056fd313f","text-source"
"01_RESEARCH/MODULES/L18.02/FIXTURE_IDENTITY.json","application/json","453","2026-10-04T11:05:59.314747+00:00","libfile_a24aaf071a6881919207d625c84e8c96","file_00000000f18881f58dde7f86e09a6cc3","text-source"
"01_RESEARCH/MODULES/L07.01/FIXTURE_IDENTITY.json","application/json","1407","2026-10-04T11:05:55.413672+00:00","libfile_f38b7104f1648191835f2fc7835ca5b5","file_0000000057a081f5b835aa5ff4de7aba","text-source"
"01_RESEARCH/MODULES/L05.01/fixture_results.json","application/json","2287","2026-10-03T10:53:49.698077+00:00","libfile_38bf45456ad48191a7cd539c88405fd5","file_00000000273881f9a3b1669a15586da5","text-source"
"01_RESEARCH/MODULES/L25.02/FIXTURE_RESULTS.json","application/json","2130","2026-10-03T10:54:19.274132+00:00","libfile_4703e81f1e788191b489ac47e4559b92","file_000000003c9c820ca118c01e765b2d20","text-source"
"01_RESEARCH/MODULES/L04.01/fixture_results.json","application/json","14080","2026-10-03T10:53:41.599828+00:00","libfile_72afff1bfcc881919e66d3c58515f744","file_000000002f6081f5bd0d8ee7b973e308","text-source"
"01_RESEARCH/MODULES/L25.03/FIXTURE_RESULTS.json","application/json","2841","2026-10-03T10:54:22.883064+00:00","libfile_d66b0a6cbb78819198d89c836b4f358d","file_00000000aa4c820ca2420bac66969ba5","text-source"
"01_RESEARCH/MODULES/L25.01/FIXTURE_RESULTS.json","application/json","2292","2026-10-03T10:54:19.209793+00:00","libfile_e3b41c9a87a881919218f358360a9df1","file_00000000cdd4822fb61d15d7366d5d44","text-source"
"01_RESEARCH/MODULES/L05.05/FLOOR_REVIEW.json","application/json","19946","2026-10-03T22:23:15.634366+00:00","libfile_084945d40efc81919edb6b964d7c0b9a","file_000000007f3881f596f8bf350435998b","text-source"
"01_RESEARCH/MODULES/L24.04/FLOOR_REVIEW.json","application/json","17799","2026-10-03T15:08:24.815992+00:00","libfile_1825459564888191bf1340e2a84dae0e","file_0000000004d881f684dc9a45518ddcba","text-source"
"01_RESEARCH/MODULES/L05.04/FLOOR_REVIEW.json","application/json","14666","2026-10-03T15:08:16.785290+00:00","libfile_1e898874be2881919b4762e8edd5ec74","file_00000000da3081f5b894147c9cd625d5","text-source"
"01_RESEARCH/MODULES/L04.01/FLOOR_REVIEW.json","application/json","26846","2026-10-03T10:53:41.675131+00:00","libfile_2c5290d7ac188191bb0c5227e810013c","file_000000007dcc81f797a1057d4f1ea760","text-source"
"01_RESEARCH/MODULES/L04.05/FLOOR_REVIEW.json","application/json","869","2026-10-03T15:08:08.308288+00:00","libfile_30635f6953d08191866f7b343138b135","file_000000007a4081f69c7c17699d3f0041","text-source"
"01_RESEARCH/MODULES/L25.01/FLOOR_REVIEW.json","application/json","730","2026-10-03T10:54:19.200741+00:00","libfile_34125e82b108819193a590f738adf475","file_0000000064a8822fb4b8f0dcf13b375a","text-source"
"01_RESEARCH/MODULES/L22.03/FLOOR_REVIEW.json","application/json","12004","2026-10-03T10:54:08.176529+00:00","libfile_360a809d6f248191a36536b853a1d35a","file_00000000f7e481f9b36d06996ef7f631","text-source"
"01_RESEARCH/MODULES/L05.07/FLOOR_REVIEW.json","application/json","17379","2026-10-03T15:08:20.424453+00:00","libfile_3db4f51d01a0819188d130445264e6a6","file_00000000c3ec81f5b5599923e55df76e","text-source"
"01_RESEARCH/MODULES/L06.05/FLOOR_REVIEW.json","application/json","676","2026-10-04T11:05:51.626831+00:00","libfile_4a8c05b4e6788191b80a2aa7a7680100","file_00000000b040820ca231a71ec63de72a","text-source"
"01_RESEARCH/MODULES/L22.07/FLOOR_REVIEW.json","application/json","699","2026-10-04T11:06:06.968500+00:00","libfile_4de95cd8c0848191af1f4f6a52cc5266","file_00000000a05481f6823c7f3cc1c11f1f","text-source"
"01_RESEARCH/MODULES/L07.02/FLOOR_REVIEW.json","application/json","825","2026-10-04T11:36:43.861384+00:00","libfile_540b55582e988191bb8e1f9d4ce3d5c8","file_00000000632081f59001da629a6c3f7d","text-source"
"01_RESEARCH/MODULES/L24.05/FLOOR_REVIEW.json","application/json","17787","2026-10-03T15:08:28.730581+00:00","libfile_5a978692d8388191b13c027768968392","file_0000000076f881f59d46af66c2395c7a","text-source"
"01_RESEARCH/MODULES/L05.01/FLOOR_REVIEW.json","application/json","17073","2026-10-03T10:53:45.919027+00:00","libfile_5c4a7a3e12d481919553adc4cd7bd3bf","file_00000000507081f5b57f776affd5c675","text-source"
"01_RESEARCH/MODULES/L05.02/FLOOR_REVIEW.json","application/json","20551","2026-10-03T10:53:49.664974+00:00","libfile_74f10f2c05448191827172dee2ae0260","file_00000000742481f9b614b978e3e414cc","text-source"
"01_RESEARCH/MODULES/L25.05/FLOOR_REVIEW.json","application/json","5392","2026-10-03T22:23:31.035828+00:00","libfile_755ec484f1188191b3db6251a5d4f376","file_00000000804481f5b8e2473f54c2dcf8","text-source"
"01_RESEARCH/MODULES/L06.03/FLOOR_REVIEW.json","application/json","676","2026-10-04T11:05:43.942475+00:00","libfile_7d4304ee75e08191b5951e9c6b08e0f7","file_0000000087d881f58d557c4b0e6a24af","text-source"
"01_RESEARCH/MODULES/L05.06/FLOOR_REVIEW.json","application/json","1524","2026-10-03T22:23:19.463674+00:00","libfile_7e4ae5f71a14819185337a67a6a61481","file_0000000041dc81f9951ef0c4ba31de5f","text-source"
"01_RESEARCH/MODULES/L25.04/FLOOR_REVIEW.json","application/json","5890","2026-10-03T22:23:27.142489+00:00","libfile_812d82a3533c8191ae4f711873129fd5","file_00000000fa6881f5be2b5261e8e503af","text-source"
"01_RESEARCH/MODULES/L18.02/FLOOR_REVIEW.json","application/json","8588","2026-10-04T11:05:59.277868+00:00","libfile_8e61c88499588191923e8b07f0c83354","file_000000001abc81f5886eb53ae154033e","text-source"
"01_RESEARCH/MODULES/L06.01/FLOOR_REVIEW.json","application/json","22067","2026-10-03T22:23:23.793848+00:00","libfile_90c23c055d0c8191832ce9fd86df0b98","file_00000000ed0481f58a9820cb4704ff1e","text-source"
"01_RESEARCH/MODULES/L04.03/FLOOR_REVIEW.json","application/json","887","2026-10-03T15:07:58.845968+00:00","libfile_9898c47438448191ab0f953573f591ae","file_00000000251481f5b9ff8027465080c1","text-source"
"01_RESEARCH/MODULES/L07.04/FLOOR_REVIEW.json","application/json","825","2026-10-04T11:36:48.012966+00:00","libfile_a30f270b0b448191b9590bed295e4421","file_0000000031f481f5bf7cffaf4db32755","text-source"
"01_RESEARCH/MODULES/L09.01/FLOOR_REVIEW.json","application/json","10564","2026-10-03T10:53:57.122646+00:00","libfile_a7d6802083548191999d0a0a9aa8755a","file_000000009f5081f5b2179d96ba0e21cd","text-source"
"01_RESEARCH/MODULES/L25.03/FLOOR_REVIEW.json","application/json","840","2026-10-03T10:54:22.778217+00:00","libfile_ab87f5d2c06c8191a4fd925bdfe8af32","file_00000000416c81f5b739279839c16e7b","text-source"
"01_RESEARCH/MODULES/L04.02/FLOOR_REVIEW.json","application/json","23536","2026-10-03T10:53:41.648392+00:00","libfile_ab8cc1907eb0819191a33a3b5d66a87a","file_0000000026e081f7a97eb052c84e8ccf","text-source"
"01_RESEARCH/MODULES/L24.02/FLOOR_REVIEW.json","application/json","757","2026-10-03T10:54:12.172341+00:00","libfile_ba37c093a5bc81918c454b1f4e1cfc97","file_00000000497c81f59f0f9aabf6815405","text-source"
"01_RESEARCH/MODULES/L19.01/FLOOR_REVIEW.json","application/json","699","2026-10-04T11:06:03.234887+00:00","libfile_bad22af9372081919fc20405ec610446","file_0000000009a481f68b9e803502702138","text-source"
"01_RESEARCH/MODULES/L24.03/FLOOR_REVIEW.json","application/json","757","2026-10-03T10:54:15.905397+00:00","libfile_bae8cc4590fc819188b4f0058accef0d","file_00000000f1b081f5b3941e4eeb9a03c7","text-source"
"01_RESEARCH/MODULES/L05.03/FLOOR_REVIEW.json","application/json","17687","2026-10-03T10:53:53.634936+00:00","libfile_be1eda0fc694819185c043b6891d0251","file_000000003a3881f599032f1ff47dc84a","text-source"
"01_RESEARCH/MODULES/L06.02/FLOOR_REVIEW.json","application/json","727","2026-10-04T11:05:44.162021+00:00","libfile_bf00d897e2908191a06d574b8c6e7420","file_00000000c0a481f59e5c75cc249bd867","text-source"
"01_RESEARCH/MODULES/L07.03/FLOOR_REVIEW.json","application/json","825","2026-10-04T11:36:43.907590+00:00","libfile_c0887b6d930881918fbe3d2220cf0171","file_00000000f40081f5b34d170c460d949a","text-source"
"01_RESEARCH/MODULES/L22.02/FLOOR_REVIEW.json","application/json","11872","2026-10-03T10:54:04.490620+00:00","libfile_d272aa9ad03c8191921bb0b3469a4134","file_000000001d5081f5af1a5d5c016c94a4","text-source"
"01_RESEARCH/MODULES/L25.02/FLOOR_REVIEW.json","application/json","805","2026-10-03T10:54:19.212977+00:00","libfile_d6fcf0c693d08191b627c9c9a687cbc4","file_00000000398c822f9acbe6422d40c61e","text-source"
"01_RESEARCH/MODULES/L18.01/FLOOR_REVIEW.json","application/json","1486","2026-10-03T10:54:00.485175+00:00","libfile_d90b643efce48191bcdcf27085960c7e","file_0000000024b881f6af3e2e862b751863","text-source"
"01_RESEARCH/MODULES/L06.04/FLOOR_REVIEW.json","application/json","676","2026-10-04T11:05:47.825891+00:00","libfile_e43cc3f70a2c81919bb2bad4db7144bd","file_000000000e8881f5b99d9f7ca307e567","text-source"
"01_RESEARCH/MODULES/L07.01/FLOOR_REVIEW.json","application/json","7721","2026-10-04T11:05:55.383024+00:00","libfile_e8398758eab88191b01d863f25c571e1","file_000000007f6881f5a0c562226c891f0d","text-source"
"01_RESEARCH/MODULES/L04.04/FLOOR_REVIEW.json","application/json","880","2026-10-03T15:08:03.485977+00:00","libfile_ee8aa052acc881918f0307d8c49e8ad0","file_00000000edf481f5b8d673d93fda3ceb","text-source"
"01_RESEARCH/MODULES/L24.01/FLOOR_REVIEW.json","application/json","757","2026-10-03T10:54:08.142177+00:00","libfile_f083a92843e8819182e25ffe054bdd25","file_00000000a4c481f9bf793fbf350e8301","text-source"
"01_RESEARCH/MODULES/L07.05/FLOOR_REVIEW.json","application/json","825","2026-10-04T11:36:51.217529+00:00","libfile_f9feb86a79908191ad55ac04018bfaa0","file_000000002a8c81f58cdf79641e629207","text-source"
"01_RESEARCH/MODULES/L05.07/fonttools_name.html","text/html","46573","2026-10-03T15:08:24.830427+00:00","libfile_4049c3b754808191ab77a9837064c4db","file_000000003c5881f6abb6ea2551d999bf","text-source"
"01_RESEARCH/MODULES/L05.07/fonttools_name.txt","text/plain","9945","2026-10-03T15:08:24.837938+00:00","libfile_cbd9b568198c8191bcb256407eccbe9c","file_00000000800081f68da388ad651c8168","text-source"
"01_RESEARCH/MODULES/L05.07/fonttools_ttfont.html","text/html","201500","2026-10-03T15:08:24.817631+00:00","libfile_191c2c3db8808191a587d2e4f25bf6a1","file_00000000f9d481f6ac22099649f7b659","text-source"
"01_RESEARCH/MODULES/L05.07/fonttools_ttfont.txt","text/plain","24830","2026-10-03T15:08:24.823352+00:00","libfile_688aab1432c48191b2b8c2ca553ab656","file_000000000fc481f69235251e04133842","text-source"
"01_RESEARCH/MODULES/L05.01/geometry_fixture.py","text/x-python","2665","2026-10-03T10:53:49.690722+00:00","libfile_3cd2953bc3e88191a7fedc480ed3637f","file_00000000fe0081f985845cf3bd3bb809","text-source"
"01_RESEARCH/MODULES/L07.01/glTF_2_0.html","text/html","1548832","2026-10-04T11:05:55.387497+00:00","libfile_89ea2edfe6408191afa8bb1a289a4d71","file_00000000f22881f5bd799029f9d3a08b","text-source"
"01_RESEARCH/MODULES/L07.01/glTF_2_0.txt","text/plain","277311","2026-10-04T11:05:55.426154+00:00","libfile_9d6edaa3abc081918caae96f3fbf89aa","file_000000000ee081f58f8dd70448575bff","text-source"
"01_RESEARCH/MODULES/L24.05/HANDOFF.json","application/json","968","2026-10-03T15:08:28.743986+00:00","libfile_50681d78082c8191a96a1b38a8182727","file_000000001d3481fd87a1cac35872b7ae","text-source"
"01_RESEARCH/MODULES/L24.04/HANDOFF.json","application/json","917","2026-10-03T15:08:24.851052+00:00","libfile_aacf4b6b07e88191811db8835b26b97d","file_0000000084c081f69e64b5038f6b2503","text-source"
"01_RESEARCH/MODULES/L25.05/HANDOFF.md","text/markdown","890","2026-10-03T22:23:34.771981+00:00","libfile_2469ef125db08191a6f022b5d061c7f2","file_000000002a3881f5a62c9361a20b69d7","text-source"
"01_RESEARCH/MODULES/L04.05/HANDOFF.md","text/markdown","680","2026-10-03T15:08:08.209521+00:00","libfile_322d5a31a1388191813ae954a681f54c","file_000000002aa881f689e724e1590bc58d","text-source"
"01_RESEARCH/MODULES/L04.04/HANDOFF.md","text/markdown","533","2026-10-03T15:08:03.487726+00:00","libfile_3570ff56308c8191b9d40de6bac96bfc","file_00000000d7f881f5826ded4dc9b72614","text-source"
"01_RESEARCH/MODULES/L04.03/HANDOFF.md","text/markdown","892","2026-10-03T15:07:58.809547+00:00","libfile_7a3fa4b4d4048191a82e846bdcd3bf37","file_00000000ed6081f5ab7b74899a824bb5","text-source"
"01_RESEARCH/MODULES/L04.02/HANDOFF.md","text/markdown","3797","2026-10-03T10:53:41.727567+00:00","libfile_7b3f14583fc88191a6a93e8bddabe5bd","file_00000000b17081fd91c5dead17768f15","text-source"
"01_RESEARCH/MODULES/L25.04/HANDOFF.md","text/markdown","890","2026-10-03T22:23:31.032550+00:00","libfile_b0ef5ee50c688191b5c030f74ee66a0e","file_0000000036d881f5b21c60833d2c4049","text-source"
"01_RESEARCH/MODULES/L18.01/HANDOFF.md","text/markdown","900","2026-10-03T10:54:00.477804+00:00","libfile_cda2c741ff208191bac5f2e1da3adaa5","file_00000000b43081f68e00831a36faa412","text-source"
"01_RESEARCH/MODULES/L25.05/identity_fixture.py","text/x-python","1279","2026-10-03T22:23:34.858114+00:00","libfile_51142faab26c8191bd6aef24b6b18c16","file_00000000626481f5b8798258372cc116","text-source"
"01_RESEARCH/MODULES/L25.05/IDENTITY_FIXTURE_RESULTS.json","application/json","1044","2026-10-03T22:23:34.785967+00:00","libfile_63b45d9f01a4819186541fc840640387","file_00000000199081f58987a2b8f6fd660e","text-source"
"01_RESEARCH/MODULES/L18.02/INDEPENDENT_MUSIC_REVIEW_PROOF.zip","application/zip","32568","2026-10-04T11:05:59.312670+00:00","libfile_d1e04f54b5f48191849b2e453353619e","file_00000000f69081f595f79eb414ab0407","binary-or-nontext"
"01_RESEARCH/MODULES/L05.04/INDEPENDENT_REVIEW_RUNTIME43.json","application/json","14666","2026-10-03T15:08:16.781001+00:00","libfile_69bfce4b83308191a8d581dcd439cbdc","file_00000000257081f5a27b1f18b4231294","text-source"
"01_RESEARCH/MODULES/L05.07/INDEPENDENT_REVIEW_RUNTIME43.json","application/json","17379","2026-10-03T15:08:20.488424+00:00","libfile_bda340a45650819198bec1197e7caaae","file_00000000c2d481f5b15c88a73dcba005","text-source"
"01_RESEARCH/MODULES/L07.01/INDEPENDENT_SCENE_REVIEW_PROOF.zip","application/zip","13701","2026-10-04T11:05:55.396211+00:00","libfile_c9d20ae224ec8191ade603ce9f67c0a5","file_00000000d7a881f5b31219eb49189790","binary-or-nontext"
"01_RESEARCH/MODULES/L03.03/INDEPENDENT_SCIENTIFIC_REVIEW.json","application/json","52183","2026-10-03T04:22:00.544866+00:00","libfile_89cb661665bc81919b4a0933f123b7d6","file_00000000d0a481f5b52667cc65f3ae28","text-source"
"01_RESEARCH/MODULES/L03.04/INDEPENDENT_SCIENTIFIC_REVIEW.json","application/json","31196","2026-10-03T04:23:46.005618+00:00","libfile_97069ea7fb5481918667fda6abb1f1c1","file_00000000f6b081f69ebe200f73b1ff35","text-source"
"01_RESEARCH/MODULES/L03.05/INDEPENDENT_SCIENTIFIC_REVIEW.json","application/json","33758","2026-10-03T09:14:12.701992+00:00","libfile_b194bf593c7c8191b0ea2a33561c7ff5","file_00000000dbe881f586906095d8c9e57b","text-source"
"01_RESEARCH/MODULES/L03.06/INDEPENDENT_SCIENTIFIC_REVIEW.json","application/json","27166","2026-10-03T04:29:14.459550+00:00","libfile_c992de950af08191b4bdc3756dfdc4bc","file_00000000f20481f58f34ddda65de2028","text-source"
"01_RESEARCH/MODULES/L25.04/INDEPENDENT_SOURCE_PROPERTY_REVIEW.json","application/json","5890","2026-10-03T22:23:30.970750+00:00","libfile_0922c351bc4c81918bd1f1ec5c123660","file_000000007cd881f5b05a3a59f73f892c","text-source"
"01_RESEARCH/MODULES/L25.05/INDEPENDENT_SOURCE_PROPERTY_REVIEW.json","application/json","5392","2026-10-03T22:23:34.757589+00:00","libfile_4219e7e8736081918906785ad9151028","file_00000000639881f5be93b7066322ea8c","text-source"
"01_RESEARCH/MODULES/L25.03/information_preservation_fixture.py","text/x-python","5094","2026-10-03T10:54:22.918807+00:00","libfile_d915e259f6e48191b91aceb2e74b3555","file_00000000c05c823094c74e749efba477","text-source"
"01_RESEARCH/MODULES/L04.02/INPUT_SNAPSHOTS.json","application/json","4787","2026-10-03T10:53:41.585206+00:00","libfile_7e4b01d06c648191b173a76fe0bd02f0","file_00000000b1d481f58d12ca55e817e140","text-source"
"01_RESEARCH/MODULES/L04.04/INTAKE_SNAPSHOT.json","application/json","1111","2026-10-03T15:08:08.250203+00:00","libfile_19dd83d6a0dc8191a3534e4878162db2","file_00000000849881f69b428894b4832dbb","text-source"
"01_RESEARCH/MODULES/L04.03/INTAKE_SNAPSHOT.json","application/json","9009","2026-10-03T15:07:58.805852+00:00","libfile_90f0cfdb68408191a16ac411c674b743","file_00000000008881f5940f79bca688a7d7","text-source"
"01_RESEARCH/MODULES/L04.05/INTAKE_SNAPSHOT.json","application/json","1133","2026-10-03T15:08:11.835824+00:00","libfile_c72a70987f688191aa12029961a9e772","file_0000000011e081f5bb84a5f05e337ffc","text-source"
"01_RESEARCH/MODULES/L00.01/L00.01_CONTRADICTION_REVIEW.md","text/markdown","2227","2026-10-01T09:24:03.044268+00:00","libfile_353e76bdeb208191afbcb168819487f8","file_000000002be082119bc4f9dfb139da68","text-source"
"01_RESEARCH/MODULES/L00.01/L00.01_EVIDENCE_NOTES.md","text/markdown","2917","2026-10-01T09:23:52.428493+00:00","libfile_102601d5dc648191be911e771e89db46","file_0000000061508207a408d83f5f90cce2","text-source"
"01_RESEARCH/MODULES/L00.01/L00.01_SCOPE_AND_QUESTIONS.yaml","application/x-yaml","4677","2026-10-01T09:22:59.072130+00:00","libfile_74a189705f908191a0381638d6fbe866","file_00000000bdb08211be0062bc8cc83ca4","text-source"
"01_RESEARCH/MODULES/L00.02/L00.02_CONTRADICTION_REVIEW.md","text/markdown","1504","2026-10-01T09:45:55.565030+00:00","libfile_f20eef1a3ebc81918c87d36ea9ec02dd","file_0000000054d48211856ae9a272f48427","text-source"
"01_RESEARCH/MODULES/L00.02/L00.02_EVIDENCE_NOTES.md","text/markdown","2921","2026-10-01T09:45:44.819077+00:00","libfile_d69b55b2cf58819194382104c992f77f","file_00000000ecdc821183e6d48a49af8cda","text-source"
"01_RESEARCH/MODULES/L00.02/L00.02_SCOPE_AND_QUESTIONS.yaml","application/x-yaml","5039","2026-10-01T09:44:50.550283+00:00","libfile_7a4a33eff8ec819186a045a2ce3b51d4","file_000000004920820790bf00870fa5d3d3","text-source"
"01_RESEARCH/MODULES/L00.03/L00.03_CONTRADICTION_REVIEW.md","text/markdown","2014","2026-10-01T10:33:15.005813+00:00","libfile_30b3e1114598819188f3ae24d9c8e2d8","file_000000005344820783d589155b6577ee","text-source"
"01_RESEARCH/MODULES/L00.03/L00.03_EVIDENCE_NOTES.md","text/markdown","2604","2026-10-01T10:33:04.605118+00:00","libfile_ba91825991688191a649c4bbc37390be","file_0000000094308211a93e44858191f8ba","text-source"
"01_RESEARCH/MODULES/L00.03/L00.03_SCOPE_AND_QUESTIONS.yaml","application/x-yaml","5353","2026-10-01T10:32:10.480967+00:00","libfile_57fb7b62458481918251f350c2286a24","file_000000005b7882078223bc7d5b310279","text-source"
"01_RESEARCH/MODULES/L00.04/L00.04_CONTRADICTION_REVIEW.md","text/markdown","1205","2026-10-01T10:57:55.438830+00:00","libfile_e0c901336ffc8191813b73ebdb10ed86","file_0000000005a8820788a2c755278fbbb7","text-source"
"01_RESEARCH/MODULES/L00.04/L00.04_EVIDENCE_NOTES.md","text/markdown","1676","2026-10-01T10:57:44.775647+00:00","libfile_ff009024e28c8191b17217d12681f2ae","file_000000002c4082079825440c6075f712","text-source"
"01_RESEARCH/MODULES/L00.04/L00.04_SCOPE_AND_QUESTIONS.yaml","application/yaml","6068","2026-10-01T23:49:40.947457+00:00","libfile_f01bbd49df888191a6587625213d6435","file_00000000bc3481f68d8c85c267066878","text-source"
"01_RESEARCH/MODULES/L00.05/L00.05_CONTRADICTION_REVIEW.md","text/markdown","1381","2026-10-01T23:49:39.532104+00:00","libfile_bff69c6403bc81918d41b894f7060eb4","file_00000000fa4081f6b955a565a30c3256","text-source"
"01_RESEARCH/MODULES/L00.05/L00.05_EVIDENCE_NOTES.md","text/markdown","2301","2026-10-02T22:22:28.308535+00:00","libfile_5bf727746d188191ac4a4a3c2bec832b","file_000000009e8c81f58805dfcbf093aec1","text-source"
"01_RESEARCH/MODULES/L00.05/L00.05_SCOPE_AND_QUESTIONS.yaml","application/yaml","5499","2026-10-01T23:49:39.558246+00:00","libfile_965e81d520dc8191b89d268240aaead8","file_000000000f5081f6ada58aac40255ffa","text-source"
"01_RESEARCH/MODULES/L00.05/L00.05_STOCKMAN_RIDER_ACCESS_REVIEW.md","text/markdown","975","2026-10-02T22:22:28.140933+00:00","libfile_e3e9e04ab4148191b63a4ea5106f460b","file_00000000c05c81f5937b35424752cc3d","text-source"
"01_RESEARCH/MODULES/L00.06/L00.06_CONTRADICTION_REVIEW.md","text/markdown","772","2026-10-01T23:49:39.483475+00:00","libfile_a5323d75a32c8191a4dc33b8681cb5f9","file_00000000ef3881f689360cb79fd85475","text-source"
"01_RESEARCH/MODULES/L00.06/L00.06_EVIDENCE_NOTES.md","text/markdown","1537","2026-10-01T23:49:50.078786+00:00","libfile_a18ed2c277a08191823f079a1c45cab7","file_0000000088a481f5a73e539e1664114e","text-source"
"01_RESEARCH/MODULES/L00.06/L00.06_SCOPE_AND_QUESTIONS.yaml","application/yaml","1750","2026-10-01T23:49:50.060545+00:00","libfile_3c46d3cb36fc819199ddccb27141a4b1","file_00000000000081f5a7d4523a60803d50","text-source"
"01_RESEARCH/MODULES/L00.07/L00.07_CONTRADICTION_REVIEW.md","text/markdown","1103","2026-10-01T14:28:39.674472+00:00","libfile_7a8fde85e2e48191ad7b6bbcd080af92","file_000000004ebc820790afe2da5be131e7","text-source"
"01_RESEARCH/MODULES/L00.07/L00.07_EVIDENCE_NOTES.md","text/markdown","1562","2026-10-01T14:28:30.473505+00:00","libfile_c9fba3317b708191b47b60b8c1353efe","file_000000003c5082119c02c3bccf9e7d44","text-source"
"01_RESEARCH/MODULES/L00.07/L00.07_SCOPE_AND_QUESTIONS.yaml","application/x-yaml","2007","2026-10-01T14:27:42.083450+00:00","libfile_9c26effa94cc8191aa3b737bd217360f","file_000000009a1882068d46fcb4a4ec62ce","text-source"
"01_RESEARCH/MODULES/L00.08/L00.08_CONTRADICTION_REVIEW.md","text/markdown","4427","2026-10-01T14:56:40.793541+00:00","libfile_13af4e4b83a4819196c6dc820d408eb9","file_0000000021908207bf30b5d88f9b0566","text-source"
"01_RESEARCH/MODULES/L00.08/L00.08_EVIDENCE_NOTES.md","text/markdown","5091","2026-10-01T14:56:28.601755+00:00","libfile_c6ac3a7011b88191bfc89724ad52c75a","file_000000003eec820796c050e76c464f11","text-source"
"01_RESEARCH/MODULES/L00.08/L00.08_SCOPE_AND_QUESTIONS.yaml","application/yaml","3160","2026-10-01T23:49:50.152878+00:00","libfile_268d5c52cff481918f00e18ffcb244fa","file_00000000333081f5ad258cd7a942f722","text-source"
"01_RESEARCH/MODULES/L00.09/L00.09_CONTRADICTION_REVIEW.md","text/markdown","411","2026-10-02T04:01:20.848852+00:00","libfile_bec0220562048191aab325f46c661321","file_00000000edec81f58b7ed3f353b99f31","text-source"
"01_RESEARCH/MODULES/L00.09/L00.09_EVIDENCE_NOTES.md","text/markdown","411","2026-10-02T04:01:20.902672+00:00","libfile_9d53e9b678248191890ffb6b988b97ef","file_00000000a9c481f5bc727f73a8ca3673","text-source"
"01_RESEARCH/MODULES/L00.09/L00.09_SCOPE_AND_QUESTIONS.yaml","application/yaml","2176","2026-10-02T04:01:25.401082+00:00","libfile_e06e3c77c9988191ab6f5c02327c6233","file_0000000097e481f69d5120a21328a81a","text-source"
"01_RESEARCH/MODULES/L00.10/L00.10_CONTRADICTION_REVIEW.md","text/markdown","388","2026-10-02T04:01:25.361404+00:00","libfile_a52f739885148191b981c252ce673593","file_00000000e43081f69e42720e66b68d19","text-source"
"01_RESEARCH/MODULES/L00.10/L00.10_EVIDENCE_NOTES.md","text/markdown","418","2026-10-02T04:01:25.368578+00:00","libfile_f8add749e8948191b8a0309b0501bc72","file_00000000cde881f689279400b13d28a3","text-source"
"01_RESEARCH/MODULES/L00.10/L00.10_SCOPE_AND_QUESTIONS.yaml","application/yaml","2319","2026-10-02T04:01:25.376520+00:00","libfile_0761d08c9640819188ed019f3137fdc6","file_00000000e12081f69206fcdb69b4c70a","text-source"
"01_RESEARCH/MODULES/L01.01/L01.01_CONTRADICTION_REVIEW.md","text/markdown","789","2026-10-01T16:49:41.678771+00:00","libfile_33afae361bc48191bd11c994d75c90fd","file_00000000b7748211b14b039e809a013a","text-source"
"01_RESEARCH/MODULES/L01.01/L01.01_EVIDENCE_NOTES.md","text/markdown","1461","2026-10-01T16:49:31.627148+00:00","libfile_7cb6c0e9d4048191b162a1b8cfb1521a","file_0000000002948207a2b65bfa5d99fdc8","text-source"
"01_RESEARCH/MODULES/L01.01/L01.01_SCOPE_AND_QUESTIONS.yaml","application/x-yaml","3385","2026-10-01T16:48:45.893842+00:00","libfile_cc9ed1a60c54819197467eb86e90d9a8","file_000000008ca882119928758e33519962","text-source"
"01_RESEARCH/MODULES/L01.02/L01.02_CONTRADICTION_REVIEW.md","text/markdown","1216","2026-10-01T17:18:21.152940+00:00","libfile_3cb1fbb6b25c8191a9c0519db354c60a","file_0000000000748209840ae801cbdb5fd5","text-source"
"01_RESEARCH/MODULES/L01.02/L01.02_EVIDENCE_NOTES.md","text/markdown","1808","2026-10-01T17:18:10.196116+00:00","libfile_3a9bc3ef15308191b6748873871ee6bb","file_000000003b188207972001e6a6649d77","text-source"
"01_RESEARCH/MODULES/L01.02/L01.02_SCOPE_AND_QUESTIONS.yaml","application/x-yaml","2186","2026-10-01T17:17:03.645258+00:00","libfile_08fc8a893c088191ae4d9b46e604cb51","file_000000009cf0820785e6dbdb5e66cc91","text-source"
"01_RESEARCH/MODULES/L01.03/L01.03_CONTRADICTION_REVIEW.md","text/markdown","1412","2026-10-01T17:37:20.837653+00:00","libfile_530f736b996c8191a088eb757b9d0ce9","file_000000000d0882119de20d1c80e83dae","text-source"
"01_RESEARCH/MODULES/L01.03/L01.03_EVIDENCE_NOTES.md","text/markdown","1586","2026-10-01T17:37:09.846874+00:00","libfile_0dc5248e4d60819188c3386b1f94ed9f","file_0000000012688207a64cc8b321695417","text-source"
"01_RESEARCH/MODULES/L01.03/L01.03_SCOPE_AND_QUESTIONS.yaml","application/x-yaml","2638","2026-10-01T17:36:04.822330+00:00","libfile_0f9e66b809448191813a2e157ad85dc2","file_00000000f64882079c3786bcd2687ef0","text-source"
"01_RESEARCH/MODULES/L01.04/L01.04_CONTRADICTION_REVIEW.md","text/markdown","665","2026-10-01T19:18:50.040128+00:00","libfile_695027d8d9cc8191a35ca0263eeb0110","file_00000000bfc88207bf992047e4fb164f","text-source"
"01_RESEARCH/MODULES/L01.04/L01.04_EVIDENCE_NOTES.md","text/markdown","787","2026-10-01T19:19:10.227081+00:00","libfile_4fda1dddc35c81919026f14e5c20b05d","file_000000007c388207aceb563703a533a4","text-source"
"01_RESEARCH/MODULES/L01.04/L01.04_SCOPE_AND_QUESTIONS.yaml","text/plain","3449","2026-10-01T19:28:36.127713+00:00","libfile_7d66b1802ae881919b0e890168f34482","file_000000009cf88207a9f1f8aa3db6ba7a","text-source"
"01_RESEARCH/MODULES/L01.05/L01.05_CONTRADICTION_REVIEW.md","text/markdown","4000","2026-10-01T21:42:11.871209+00:00","libfile_8d89f4ea8f0c8191a830170fc9f3967c","file_00000000ec2081fa8aaded0f9f737168","text-source"
"01_RESEARCH/MODULES/L01.05/L01.05_EVIDENCE_NOTES.md","text/markdown","1731","2026-10-01T21:42:04.361884+00:00","libfile_6b8e414f101c81919a8199897cb8a7a8","file_00000000804881fa873c2e086e063b24","text-source"
"01_RESEARCH/MODULES/L01.05/L01.05_SCOPE_AND_QUESTIONS.yaml","application/x-yaml","2972","2026-10-01T21:41:24.863949+00:00","libfile_8b7048322fa081918e560ee699981d37","file_000000007a4881faa5bb787f9e3335f4","text-source"
"01_RESEARCH/MODULES/L02.01/L02.01_CONTRADICTION_REVIEW.md","text/markdown","2655","2026-10-01T22:19:17.620001+00:00","libfile_a2b390dfd93481919ae5aea215b0fd6e","file_00000000991481fa9d7a2e00d4f99865","text-source"
"01_RESEARCH/MODULES/L02.01/L02.01_EVIDENCE_NOTES.md","text/markdown","1065","2026-10-02T06:15:14.259023+00:00","libfile_b867b1b150bc8191a373ce7897a476d0","file_000000000f9481f59bd060ecc06d0089","text-source"
"01_RESEARCH/MODULES/L02.01/L02.01_SCOPE_AND_QUESTIONS.yaml","application/x-yaml","3050","2026-10-01T22:15:58.642024+00:00","libfile_cb38e076d02881919e822a763cc8e08f","file_00000000ad2481fa9f6544e002464059","text-source"
"01_RESEARCH/MODULES/L02.01/L02.01_SOURCE_FIT_REVIEW.md","text/markdown","4691","2026-10-02T06:15:14.061657+00:00","libfile_53866946a1fc8191b6e4f7515baa8281","file_0000000027d481f5af3161f76f265601","text-source"
"01_RESEARCH/MODULES/L02.02/L02.02_CONTRADICTION_REVIEW.md","text/markdown","326","2026-10-01T23:49:50.071673+00:00","libfile_a8dc2cd52fb48191bd11a9cc43f4528c","file_0000000071b881f5a3a029fae07063f2","text-source"
"01_RESEARCH/MODULES/L02.02/L02.02_EVIDENCE_NOTES.md","text/markdown","451","2026-10-01T23:49:50.045910+00:00","libfile_58ef6179ea988191b3f3d89768d56af4","file_000000002c4881f5a71d91e477721b79","text-source"
"01_RESEARCH/MODULES/L02.02/L02.02_SCOPE_AND_QUESTIONS.yaml","application/yaml","2310","2026-10-01T23:49:50.094735+00:00","libfile_99d9bc2607e08191b84b7db687d706c3","file_0000000004b881f5ae911bedfd22cf5e","text-source"
"01_RESEARCH/MODULES/L02.03/L02.03_CONTRADICTION_REVIEW.md","text/markdown","522","2026-10-02T04:01:25.404742+00:00","libfile_85a8a6260f808191a62ddb860cac7486","file_00000000510081f68762ca81be8f9638","text-source"
"01_RESEARCH/MODULES/L02.03/L02.03_EVIDENCE_NOTES.md","text/markdown","541","2026-10-02T04:01:25.372447+00:00","libfile_85f0e01641408191bd4bd2f4cefa93da","file_00000000bef481f6a654c9e8913dd627","text-source"
"01_RESEARCH/MODULES/L02.03/L02.03_SCOPE_AND_QUESTIONS.yaml","application/yaml","1919","2026-10-02T04:01:25.362834+00:00","libfile_ee6e9d1a80cc8191857dea4f8fb6bacc","file_00000000430481f6af645532109d8f45","text-source"
"01_RESEARCH/MODULES/L02.04/L02.04_CONTRADICTION_REVIEW.md","text/markdown","624","2026-10-02T05:22:33.499058+00:00","libfile_797926e5344c819186cbadcea21e7696","file_000000008b1c81f5adc58249dbc30109","text-source"
"01_RESEARCH/MODULES/L02.04/L02.04_EVIDENCE_NOTES.md","text/markdown","570","2026-10-02T05:22:33.473274+00:00","libfile_a6bb426350248191a01e6240b990a007","file_00000000409481f583ade556028f6736","text-source"
"01_RESEARCH/MODULES/L02.04/L02.04_SCOPE_AND_QUESTIONS.yaml","application/yaml","2225","2026-10-02T05:22:33.544338+00:00","libfile_f1cd69a69d388191a7093fe91bcce935","file_0000000098b481f586adc522abd9ee0a","text-source"
"01_RESEARCH/MODULES/L02.05/L02.05_CONTRADICTION_REVIEW.md","text/markdown","963","2026-10-02T09:22:30.802609+00:00","libfile_f5cd7d9657dc8191b1e7671b6f5dc3a8","file_000000009c7c81f6b212bc70839a4263","text-source"
"01_RESEARCH/MODULES/L02.05/L02.05_EVIDENCE_NOTES.md","text/markdown","1326","2026-10-02T09:22:30.805110+00:00","libfile_749b959c9c608191981d456808aa62ad","file_00000000713881f69f7b42ffedfebc9a","text-source"
"01_RESEARCH/MODULES/L02.05/L02.05_SCOPE_AND_QUESTIONS.yaml","application/yaml","2612","2026-10-02T09:22:30.751848+00:00","libfile_110530a0b1008191b944b3a96d8b86ce","file_00000000823881f68e636e8370d72917","text-source"
"01_RESEARCH/MODULES/L02.06/L02.06_CONTRADICTION_REVIEW.md","text/markdown","867","2026-10-02T10:08:50.089041+00:00","libfile_199ede6b5a8c8191bfb490a1933e141f","file_0000000070f081f582cbc4a695026d97","text-source"
"01_RESEARCH/MODULES/L02.06/L02.06_EVIDENCE_NOTES.md","text/markdown","1221","2026-10-02T10:08:50.093265+00:00","libfile_0ce9d21644a88191ae53917e1eaa26b6","file_00000000de0c81f58e62f1b9241c8338","text-source"
"01_RESEARCH/MODULES/L02.06/L02.06_SCOPE_AND_QUESTIONS.yaml","application/yaml","2561","2026-10-02T10:08:50.079267+00:00","libfile_a1651dcaa5dc8191aec6571914c9af44","file_00000000262481f5817d2246e99adc49","text-source"
"01_RESEARCH/MODULES/L03.01/L03.01_CONTRADICTION_REVIEW.md","text/markdown","1208","2026-10-02T14:01:16.311050+00:00","libfile_26b4a0cf434881919a18b846e3ea52aa","file_00000000487481f5bbc8e297624617cb","text-source"
"01_RESEARCH/MODULES/L03.01/L03.01_EVIDENCE_NOTES.md","text/markdown","1040","2026-10-02T14:01:16.267753+00:00","libfile_76ba1dfaed388191857430c0ef4ad1c1","file_000000005a2881f5b07f9d7e0ef298e8","text-source"
"01_RESEARCH/MODULES/L03.01/L03.01_PRIMARY_ACCESS_REVIEW.md","text/markdown","3691","2026-10-02T14:01:16.313129+00:00","libfile_45c6a7865d8c8191baa12be8b7c57c75","file_0000000033a881f59955be0787cea455","text-source"
"01_RESEARCH/MODULES/L03.01/L03.01_SCOPE_AND_QUESTIONS.yaml","application/yaml","2689","2026-10-02T14:01:16.327727+00:00","libfile_51064485f5608191abc8e13af566ecb0","file_00000000e1ac81f5a383dfdcabaef284","text-source"
"01_RESEARCH/MODULES/L03.02/L03.02_CONTRADICTION_REVIEW.md","text/markdown","473","2026-10-02T22:13:41.929341+00:00","libfile_70059c5c667c81918d985f40f06b75f7","file_00000000659881f587a30b6d4af7dccc","text-source"
"01_RESEARCH/MODULES/L03.02/L03.02_EVIDENCE_NOTES.md","text/markdown","479","2026-10-02T22:13:42.114769+00:00","libfile_521603ba00188191b7aad80042058288","file_00000000f70881f5893c67ba6f9a8469","text-source"
"01_RESEARCH/MODULES/L03.02/L03.02_PRIMARY_ACCESS_REVIEW.md","text/markdown","5808","2026-10-02T22:13:41.938484+00:00","libfile_fefb7f5e1a608191ad934d4126d96848","file_00000000b35481f5b4632d9b8a6d2957","text-source"
"01_RESEARCH/MODULES/L03.02/L03.02_SCOPE_AND_QUESTIONS.yaml","application/yaml","2675","2026-10-02T22:13:41.932575+00:00","libfile_d90cb74b5a248191b1d4caf645e60111","file_00000000a59c81f58f0ac41c10c3808c","text-source"
"01_RESEARCH/MODULES/L03.03/L03.03_CONTRADICTION_REVIEW.md","text/markdown","1518","2026-10-03T04:22:00.532404+00:00","libfile_d5a922898f148191b4527c85f217b65b","file_00000000a9fc81f5b9c47c25ce1705b5","text-source"
"01_RESEARCH/MODULES/L03.03/L03.03_EVIDENCE_NOTES.md","text/markdown","1127","2026-10-03T04:22:00.554481+00:00","libfile_6a8d810796448191a6297b7c2a464beb","file_00000000ae0c81f597a5c1c856e483e2","text-source"
"01_RESEARCH/MODULES/L03.03/L03.03_PRIMARY_ACCESS_REVIEW.md","text/markdown","12759","2026-10-03T04:22:00.552829+00:00","libfile_5c6fe6f6e34081919ef63388e6651783","file_000000000cbc81f5bc2bcef30d56c166","text-source"
"01_RESEARCH/MODULES/L03.03/L03.03_SCOPE_AND_QUESTIONS.yaml","application/yaml","3444","2026-10-03T04:22:01.212053+00:00","libfile_81d3dfc9d6cc81919a765943fab9a696","file_00000000c5a481f59e87c4fc3f143583","text-source"
"01_RESEARCH/MODULES/L03.04/L03.04_CONTRADICTION_REVIEW.md","text/markdown","2298","2026-10-03T04:23:46.008373+00:00","libfile_eba19504307c8191b6b1f3c484f6b23a","file_00000000597c81f6887c84fa2cc6ba1e","text-source"
"01_RESEARCH/MODULES/L03.04/L03.04_EVIDENCE_NOTES.md","text/markdown","1285","2026-10-03T04:23:46.004052+00:00","libfile_a40cf80481ac8191be38d4083e41612d","file_00000000d4f481f6a61478a0f9fab074","text-source"
"01_RESEARCH/MODULES/L03.04/L03.04_PRIMARY_ACCESS_REVIEW.md","text/markdown","22158","2026-10-03T04:23:46.062795+00:00","libfile_195a26c44ea88191a85e5b860f613c18","file_00000000fbf881f6aa7de7db0e273d19","text-source"
"01_RESEARCH/MODULES/L03.04/L03.04_SCOPE_AND_QUESTIONS.yaml","application/yaml","3061","2026-10-03T04:23:46.059306+00:00","libfile_3978d412c76c8191b4d5e66c721bb29d","file_00000000422c81f6b516b24f10a263ac","text-source"
"01_RESEARCH/MODULES/L03.05/L03.05_CONTRADICTION_REVIEW.md","text/markdown","1695","2026-10-03T09:14:12.724364+00:00","libfile_e7cc405504d48191bfa4f53094fc4f3d","file_0000000070f481f5baf99aba7c1a2d40","text-source"
"01_RESEARCH/MODULES/L03.05/L03.05_EVIDENCE_NOTES.md","text/markdown","1196","2026-10-03T09:14:12.705178+00:00","libfile_812b85d3bef08191a825d80a46e60207","file_000000000a2081f59adf63c99cad10d2","text-source"
"01_RESEARCH/MODULES/L03.05/L03.05_PRIMARY_ACCESS_REVIEW.md","text/markdown","33115","2026-10-03T09:14:12.806299+00:00","libfile_441302dc75b0819198f4b3fc0c3f272d","file_00000000184081f59f437d35cdc8bd4a","text-source"
"01_RESEARCH/MODULES/L03.05/L03.05_SCOPE_AND_QUESTIONS.yaml","application/yaml","3332","2026-10-03T09:14:12.738516+00:00","libfile_b18cc2e08a0c8191ba8d72c2203c560a","file_000000004f9881f5a12148d0a57e5480","text-source"
"01_RESEARCH/MODULES/L03.06/L03.06_CONTRADICTION_REVIEW.md","text/markdown","1341","2026-10-03T04:29:14.448665+00:00","libfile_7d639fcaf34c81919f7e4a37605f86e0","file_000000007d5481f58f91bf54e6182fb2","text-source"
"01_RESEARCH/MODULES/L03.06/L03.06_EVIDENCE_NOTES.md","text/markdown","1297","2026-10-03T04:29:14.475901+00:00","libfile_07ad45809fc88191a85eda990dea3bb0","file_00000000bd7881f5920444d54a226b15","text-source"
"01_RESEARCH/MODULES/L03.06/L03.06_PRIMARY_ACCESS_REVIEW.md","text/markdown","15774","2026-10-03T04:29:14.442897+00:00","libfile_a5188f27be8c819196d6532189216790","file_00000000186481f59eb7bacb98e2f3d7","text-source"
"01_RESEARCH/MODULES/L03.06/L03.06_SCOPE_AND_QUESTIONS.yaml","application/yaml","3407","2026-10-03T04:29:14.480343+00:00","libfile_f163c156fe4c819184d76cf6cab7e21c","file_00000000dc4081f581eb09472f9481bb","text-source"
"01_RESEARCH/MODULES/L03.07/L03.07_CONTRADICTION_REVIEW.md","text/markdown","1419","2026-10-03T04:10:25.144436+00:00","libfile_452d903d4bb08191bb49e29b21b9a05b","file_000000000a8881f5a0706c5ac40ec621","text-source"
"01_RESEARCH/MODULES/L03.07/L03.07_EVIDENCE_NOTES.md","text/markdown","1093","2026-10-03T04:10:25.161869+00:00","libfile_768c764f7b1081918079a9da9f33d1d8","file_0000000053c081f5be04bacc2610f627","text-source"
"01_RESEARCH/MODULES/L03.07/L03.07_PRIMARY_ACCESS_REVIEW.md","text/markdown","13884","2026-10-03T04:10:25.145909+00:00","libfile_070713026f988191898b6260d41051fa","file_00000000225881f59f43f162af46dc78","text-source"
"01_RESEARCH/MODULES/L03.07/L03.07_SCOPE_AND_QUESTIONS.yaml","application/yaml","3622","2026-10-03T04:10:25.138701+00:00","libfile_e6b3ba5e407081919095c385582e362c","file_00000000199081f5922682bf1d531d47","text-source"
"01_RESEARCH/MODULES/L04.01/L04.01_CONTRADICTION_REVIEW.md","text/markdown","1047","2026-10-03T10:53:41.604312+00:00","libfile_5c0b5eea9a3481918cdce001a3a4ea46","file_00000000f6fc81f5b18055640f97683f","text-source"
"01_RESEARCH/MODULES/L04.01/L04.01_EVIDENCE_NOTES.md","text/markdown","1258","2026-10-03T10:53:41.632121+00:00","libfile_32ca575c0b14819184b151c8e360513d","file_000000002fec81f5a238fbdccdf68c55","text-source"
"01_RESEARCH/MODULES/L04.01/L04.01_PRIMARY_ACCESS_REVIEW.md","text/markdown","12886","2026-10-03T10:53:41.644295+00:00","libfile_b1c90b43f7048191a64b5a79622c2c13","file_00000000692081f59c9faa20b100c802","text-source"
"01_RESEARCH/MODULES/L04.01/L04.01_SCOPE_AND_QUESTIONS.yaml","application/yaml","2882","2026-10-03T10:53:41.678555+00:00","libfile_9bd667f3dc188191a02262cf664fdaa4","file_00000000a3b081f6beac6eee1e2c1d61","text-source"
"01_RESEARCH/MODULES/L04.02/L04.02_CONTRADICTION_REVIEW.md","text/markdown","780","2026-10-03T10:53:41.735394+00:00","libfile_b52ab140685481918c3cea170b6e098c","file_000000003ea081fd9a901a3af0a5a703","text-source"
"01_RESEARCH/MODULES/L04.02/L04.02_EVIDENCE_NOTES.md","text/markdown","952","2026-10-03T10:53:45.916869+00:00","libfile_a46bd227a1148191ba9acfc5a30e07bd","file_00000000a61481f5ae03a891e95b1467","text-source"
"01_RESEARCH/MODULES/L04.02/L04.02_PRIMARY_ACCESS_REVIEW.md","text/markdown","6859","2026-10-03T10:53:45.929702+00:00","libfile_e0a4ad818e5c8191bea7ffa8d8462eda","file_00000000dcc481f5a0584c73ff00d69d","text-source"
"01_RESEARCH/MODULES/L04.02/L04.02_SCOPE_AND_QUESTIONS.yaml","application/yaml","2489","2026-10-03T10:53:45.941384+00:00","libfile_79f8da3335e48191b9b14e5602d2d7db","file_00000000ff4481f5b5842e54b486665a","text-source"
"01_RESEARCH/MODULES/L04.03/L04.03_CONTRADICTION_REVIEW.md","text/markdown","545","2026-10-03T15:07:58.819823+00:00","libfile_e37aa38a7b4881918f2378c1ff5635d7","file_0000000090cc81f59604dd4ce56fc3f4","text-source"
"01_RESEARCH/MODULES/L04.03/L04.03_EVIDENCE_NOTES.md","text/markdown","362","2026-10-03T15:07:58.886405+00:00","libfile_f010ccfc44a8819193d9866cd81d836b","file_00000000cefc81f5802f199808285ae2","text-source"
"01_RESEARCH/MODULES/L04.03/L04.03_PRIMARY_ACCESS_REVIEW.md","text/markdown","1291","2026-10-03T15:08:03.463014+00:00","libfile_ef13dc2360588191ad3853c44799c4c3","file_00000000ba5081f5b12cb0241ec80c55","text-source"
"01_RESEARCH/MODULES/L04.03/L04.03_SCOPE_AND_QUESTIONS.yaml","application/yaml","1848","2026-10-03T15:08:03.468769+00:00","libfile_fbc7ae00a8e48191a403cf52e43394dd","file_000000008cf881f5adec57f8d20a50a6","text-source"
"01_RESEARCH/MODULES/L04.04/L04.04_CONTRADICTION_REVIEW.md","text/markdown","494","2026-10-03T15:08:08.219159+00:00","libfile_0e280f61084c8191861648e605e74457","file_00000000ba8c81f6b47136b3777434db","text-source"
"01_RESEARCH/MODULES/L04.04/L04.04_EVIDENCE_NOTES.md","text/markdown","257","2026-10-03T15:08:08.258711+00:00","libfile_01bc6f405894819189554764e34e9207","file_00000000af9481f6b5b70c3d1dadb59a","text-source"
"01_RESEARCH/MODULES/L04.04/L04.04_PRIMARY_ACCESS_REVIEW.md","text/markdown","1076","2026-10-03T15:08:08.261094+00:00","libfile_7c5337e18d4481918f31d0105d43beab","file_0000000068a881f6831eb65731ee056e","text-source"
"01_RESEARCH/MODULES/L04.04/L04.04_SCOPE_AND_QUESTIONS.yaml","application/yaml","1838","2026-10-03T15:08:08.211428+00:00","libfile_b01ff48149bc81919b0be311ef832f35","file_00000000682481f6a70623da86b6c848","text-source"
"01_RESEARCH/MODULES/L04.05/L04.05_CONTRADICTION_REVIEW.md","text/markdown","442","2026-10-03T15:08:11.839671+00:00","libfile_42ab1bb024d88191ba673c86c407f451","file_00000000862481f59ac9e9c7faa1a60a","text-source"
"01_RESEARCH/MODULES/L04.05/L04.05_EVIDENCE_NOTES.md","text/markdown","372","2026-10-03T15:08:11.874936+00:00","libfile_97131724a8a081918465048e29214ca1","file_00000000a42c81f59f26aa1e8391fc27","text-source"
"01_RESEARCH/MODULES/L04.05/L04.05_PRIMARY_ACCESS_REVIEW.md","text/markdown","1103","2026-10-03T15:08:11.850930+00:00","libfile_3b5f7d0551708191b51e50091436a79b","file_000000005a0881f5b4d592a244da8467","text-source"
"01_RESEARCH/MODULES/L04.05/L04.05_SCOPE_AND_QUESTIONS.yaml","application/yaml","1827","2026-10-03T15:08:11.843413+00:00","libfile_7c6d808f1ae08191b0ce63ab2d3bc6f3","file_000000005b4481f5ad2ae3d9e3f8c435","text-source"
"01_RESEARCH/MODULES/L05.01/L05.01_CONTRADICTION_REVIEW.md","text/markdown","210","2026-10-03T10:53:45.923806+00:00","libfile_dffbc057ca508191a8f8d937b5ddba69","file_00000000a1a881f5aa47c885f09fe393","text-source"
"01_RESEARCH/MODULES/L05.01/L05.01_EVIDENCE_NOTES.md","text/markdown","260","2026-10-03T10:53:45.930780+00:00","libfile_3f7298902b688191a775157136331198","file_00000000585081f59edcbe6e3694aa0e","text-source"
"01_RESEARCH/MODULES/L05.01/L05.01_PRIMARY_ACCESS_REVIEW.md","text/markdown","7324","2026-10-03T10:53:45.917957+00:00","libfile_d64be95b1ba481918b8f564dd66197fc","file_00000000e8c481f582f895b125801437","text-source"
"01_RESEARCH/MODULES/L05.01/L05.01_SCOPE_AND_QUESTIONS.yaml","application/yaml","1994","2026-10-03T10:53:45.922740+00:00","libfile_bc27d335b7908191b54efd2bfb10ec43","file_00000000ee3881f5a7633c5db49a375e","text-source"
"01_RESEARCH/MODULES/L05.02/L05.02_CONTRADICTION_REVIEW.md","text/markdown","210","2026-10-03T10:53:49.754114+00:00","libfile_c35c1986304081919043bab1d9d20c4d","file_00000000c17881f9907385e5451ed990","text-source"
"01_RESEARCH/MODULES/L05.02/L05.02_EVIDENCE_NOTES.md","text/markdown","260","2026-10-03T10:53:49.721400+00:00","libfile_d2fb656a5e2c8191a995ef2c89683f69","file_00000000d6e481f997689ae7c2848ad1","text-source"
"01_RESEARCH/MODULES/L05.02/L05.02_PRIMARY_ACCESS_REVIEW.md","text/markdown","9906","2026-10-03T10:53:49.666409+00:00","libfile_f9d1cb1404408191805488d5605991a7","file_00000000048c81f9aa345e0dbdcb918e","text-source"
"01_RESEARCH/MODULES/L05.02/L05.02_SCOPE_AND_QUESTIONS.yaml","application/yaml","1949","2026-10-03T10:53:50.206286+00:00","libfile_c45a294b04f08191a8a37b131848036a","file_000000002f2481f997918eba5f0f2362","text-source"
"01_RESEARCH/MODULES/L05.03/L05.03_CONTRADICTION_REVIEW.md","text/markdown","210","2026-10-03T10:53:53.638582+00:00","libfile_86a9fcafae548191a5cded3aade7ee25","file_000000000c3c81f5a35a5eff94f2f4af","text-source"
"01_RESEARCH/MODULES/L05.03/L05.03_EVIDENCE_NOTES.md","text/markdown","260","2026-10-03T10:53:53.658675+00:00","libfile_d40ccf7b3494819194b9a9897e580ef7","file_00000000c67481f587ab00a2c0e27c9f","text-source"
"01_RESEARCH/MODULES/L05.03/L05.03_PRIMARY_ACCESS_REVIEW.md","text/markdown","8869","2026-10-03T10:53:53.676422+00:00","libfile_76f7006af7a88191afbc9119b5457c67","file_00000000134081f58f0a8c004df0ac60","text-source"
"01_RESEARCH/MODULES/L05.03/L05.03_SCOPE_AND_QUESTIONS.yaml","application/yaml","1992","2026-10-03T10:53:53.640296+00:00","libfile_c513a72f1f788191977043ceb648aec3","file_000000003fe481f5b2bdf35ed8ef5c7c","text-source"
"01_RESEARCH/MODULES/L05.04/L05.04_CONTRADICTION_REVIEW.md","text/markdown","243","2026-10-03T15:08:16.779243+00:00","libfile_045bf25131648191a32b8ed7d4033424","file_0000000098d081f58935a1b5e9badbbf","text-source"
"01_RESEARCH/MODULES/L05.04/L05.04_EVIDENCE_NOTES.md","text/markdown","370","2026-10-03T15:08:16.788297+00:00","libfile_e5cb2efd6ec881919ed0b2eb0b49d518","file_000000005f2081f5b83eb977c8aa3790","text-source"
"01_RESEARCH/MODULES/L05.04/L05.04_PRIMARY_ACCESS_REVIEW.md","text/markdown","3932","2026-10-03T15:08:16.783704+00:00","libfile_8689c6de98d48191a9a1a08bb3080f07","file_00000000c4f081f5835b925ba3be3049","text-source"
"01_RESEARCH/MODULES/L05.04/L05.04_SCOPE_AND_QUESTIONS.yaml","application/yaml","2097","2026-10-03T15:08:16.832554+00:00","libfile_a80727457440819189f46429a0063917","file_0000000076f481f59949b7c8155f3da7","text-source"
"01_RESEARCH/MODULES/L05.05/L05.05_CONTRADICTION_REVIEW.md","text/markdown","267","2026-10-03T22:23:15.610207+00:00","libfile_98a40988157c8191ac661030e1527e0a","file_00000000536c81f580dadc8053035962","text-source"
"01_RESEARCH/MODULES/L05.05/L05.05_EVIDENCE_NOTES.md","text/markdown","267","2026-10-03T22:23:15.587286+00:00","libfile_c69bc22bcb148191b81e4f97a1fc3d58","file_00000000dcd881f598688c917f371f95","text-source"
"01_RESEARCH/MODULES/L05.05/L05.05_PRIMARY_ACCESS_REVIEW.md","text/markdown","2132","2026-10-03T22:23:15.592080+00:00","libfile_df5d48de86fc819188992b89484ecdcb","file_00000000d6b881f58b13a9967c5a2800","text-source"
"01_RESEARCH/MODULES/L05.05/L05.05_SCOPE_AND_QUESTIONS.yaml","application/yaml","1946","2026-10-03T22:23:15.601822+00:00","libfile_a71a12c7a3a0819189397387639d3072","file_000000009fb481f5bfdcdc512beab21c","text-source"
"01_RESEARCH/MODULES/L05.06/L05.06_CONTRADICTION_REVIEW.md","text/markdown","463","2026-10-03T22:23:19.442148+00:00","libfile_5cc2164a676881918fd8c77f7c2643e4","file_00000000706c81f9970b1d034d706abd","text-source"
"01_RESEARCH/MODULES/L05.06/L05.06_EVIDENCE_NOTES.md","text/markdown","360","2026-10-03T22:23:19.467652+00:00","libfile_e048faf8ef008191b0c2da56cab0a772","file_00000000066881f9b19b1dd21097e6c1","text-source"
"01_RESEARCH/MODULES/L05.06/L05.06_PRIMARY_ACCESS_REVIEW.md","text/markdown","1929","2026-10-03T22:23:19.440100+00:00","libfile_d9f5902c957481918ceb141858ba13e6","file_00000000010481f9b5f80052548bbcb5","text-source"
"01_RESEARCH/MODULES/L05.06/L05.06_SCOPE_AND_QUESTIONS.yaml","application/yaml","2395","2026-10-03T22:23:19.444102+00:00","libfile_b149dfb05f908191bb062cd8ab0001d6","file_00000000ef9c81f990717fbb5206ae1a","text-source"
"01_RESEARCH/MODULES/L05.07/L05.07_CONTRADICTION_REVIEW.md","text/markdown","243","2026-10-03T15:08:20.437404+00:00","libfile_f1beeb631e448191908611b63e7246ff","file_000000008b4881f599900e43547277b6","text-source"
"01_RESEARCH/MODULES/L05.07/L05.07_EVIDENCE_NOTES.md","text/markdown","370","2026-10-03T15:08:20.426610+00:00","libfile_8f6658bf40288191bfb55024c04d67e5","file_000000005e7481f5b36ee00e547ba76f","text-source"
"01_RESEARCH/MODULES/L05.07/L05.07_PRIMARY_ACCESS_REVIEW.md","text/markdown","4372","2026-10-03T15:08:20.482362+00:00","libfile_cbdc1158e74481918db44bc25a522343","file_000000001f7881f5bfdcff65f3d6b3f5","text-source"
"01_RESEARCH/MODULES/L05.07/L05.07_SCOPE_AND_QUESTIONS.yaml","application/yaml","2040","2026-10-03T15:08:20.420587+00:00","libfile_d75e5af200a48191a3bb33a3439de4bc","file_00000000e4e081f5bf7a2f096c57a5d0","text-source"
"01_RESEARCH/MODULES/L06.01/L06.01_CONTRADICTION_REVIEW.md","text/markdown","438","2026-10-03T22:23:23.770210+00:00","libfile_c4718e60190c8191b92776de0dbc09e7","file_000000005adc81f5b391bb3911c68da9","text-source"
"01_RESEARCH/MODULES/L06.01/L06.01_EVIDENCE_NOTES.md","text/markdown","356","2026-10-03T22:23:23.798906+00:00","libfile_9394a2a432848191accf250912403a3b","file_000000006b8481f5bc411eaf88d79d65","text-source"
"01_RESEARCH/MODULES/L06.01/L06.01_PRIMARY_ACCESS_REVIEW.md","text/markdown","1698","2026-10-03T22:23:23.773114+00:00","libfile_1544fc612a24819186ee72826b58578b","file_00000000410c81f5aae390fbf158d22c","text-source"
"01_RESEARCH/MODULES/L06.01/L06.01_SCOPE_AND_QUESTIONS.yaml","application/yaml","2341","2026-10-03T22:23:23.801907+00:00","libfile_3e4b1f6602ec8191ac38a381164673cc","file_00000000b09081f5a9eeb1e8d61eba32","text-source"
"01_RESEARCH/MODULES/L06.02/L06.02_CONTRADICTION_REVIEW.md","text/markdown","642","2026-10-04T11:05:43.924387+00:00","libfile_6890ac2eb3a0819180ce6c665834efb7","file_00000000472c81f5a3843d9392b26563","text-source"
"01_RESEARCH/MODULES/L06.02/L06.02_EVIDENCE_NOTES.md","text/markdown","421","2026-10-04T11:05:43.917952+00:00","libfile_624868141b588191a84a662e81eda33f","file_0000000094b481f5a1d18f436ae1c0cd","text-source"
"01_RESEARCH/MODULES/L06.02/L06.02_PRIMARY_ACCESS_REVIEW.md","text/markdown","1770","2026-10-04T11:05:43.919854+00:00","libfile_93425b9be7dc81919a14b7970cd55b69","file_00000000199081f5b5947e78b0c877c9","text-source"
"01_RESEARCH/MODULES/L06.02/L06.02_SCOPE_AND_QUESTIONS.yaml","application/yaml","2442","2026-10-04T11:05:43.959761+00:00","libfile_94f62b17c5c88191b63489144a716d5f","file_0000000091c481f5876d3727dc13747d","text-source"
"01_RESEARCH/MODULES/L06.03/L06.03_CONTRADICTION_REVIEW.md","text/markdown","243","2026-10-04T11:05:43.963135+00:00","libfile_b7a64ac14ae881919c7f8f82d7b1f931","file_000000005cec81f588cbd907aac74ab3","text-source"
"01_RESEARCH/MODULES/L06.03/L06.03_EVIDENCE_NOTES.md","text/markdown","199","2026-10-04T11:05:43.925866+00:00","libfile_95faf39e8df0819185d8b7824284034e","file_00000000678481f5a8cededa7a12ef44","text-source"
"01_RESEARCH/MODULES/L06.03/L06.03_PRIMARY_ACCESS_REVIEW.md","text/markdown","684","2026-10-04T11:05:47.787163+00:00","libfile_19f3f618984481919ce9da58322633f0","file_00000000cbdc81f5a405191e6485ec94","text-source"
"01_RESEARCH/MODULES/L06.03/L06.03_SCOPE_AND_QUESTIONS.yaml","application/yaml","2155","2026-10-04T11:05:47.809226+00:00","libfile_da50490f660c8191b2b0ce1f2d755979","file_00000000663081f5a3c3cc4ad1e2ea38","text-source"
"01_RESEARCH/MODULES/L06.04/L06.04_CONTRADICTION_REVIEW.md","text/markdown","243","2026-10-04T11:05:47.783757+00:00","libfile_26917f3459748191a1636ab14995eeff","file_00000000fc8081f5953ec8a2d9075e02","text-source"
"01_RESEARCH/MODULES/L06.04/L06.04_EVIDENCE_NOTES.md","text/markdown","199","2026-10-04T11:05:47.846015+00:00","libfile_eca0081575308191b790a5cb67dc4527","file_000000000bd881f5b05a30fb6e2978f4","text-source"
"01_RESEARCH/MODULES/L06.04/L06.04_PRIMARY_ACCESS_REVIEW.md","text/markdown","684","2026-10-04T11:05:47.805009+00:00","libfile_290444e4e408819198a841721732e0cc","file_00000000079481f5b30d60cc112ba548","text-source"
"01_RESEARCH/MODULES/L06.04/L06.04_SCOPE_AND_QUESTIONS.yaml","application/yaml","2153","2026-10-04T11:05:47.827510+00:00","libfile_c5ee0bd331848191ba50dbb58e177821","file_000000006d7881f5add6c8b2b5b87b81","text-source"
"01_RESEARCH/MODULES/L06.05/L06.05_CONTRADICTION_REVIEW.md","text/markdown","243","2026-10-04T11:05:51.461495+00:00","libfile_a72397991fe88191b6e7424d18bdb8f5","file_000000002e3881f5bf2897a16a362ab7","text-source"
"01_RESEARCH/MODULES/L06.05/L06.05_EVIDENCE_NOTES.md","text/markdown","199","2026-10-04T11:05:51.458644+00:00","libfile_b6f7cc17d9fc8191bcd6b516b27eaf3b","file_000000009fa081f5a5379b6ad6cb9dd1","text-source"
"01_RESEARCH/MODULES/L06.05/L06.05_PRIMARY_ACCESS_REVIEW.md","text/markdown","684","2026-10-04T11:05:51.455943+00:00","libfile_7e1b22873a108191b4cfd5421527b4b8","file_000000009fd081f5a8382167425e944f","text-source"
"01_RESEARCH/MODULES/L06.05/L06.05_SCOPE_AND_QUESTIONS.yaml","application/yaml","2200","2026-10-04T11:05:51.450233+00:00","libfile_c82035590ce08191a53d665760950fc7","file_00000000feac81f589b9ed4b1bd47381","text-source"
"01_RESEARCH/MODULES/L07.01/L07.01_CONTRADICTION_REVIEW.md","text/markdown","501","2026-10-04T11:05:55.380929+00:00","libfile_e5942a0187988191af9396c40bfc017d","file_000000000efc81f5914d844c28b217de","text-source"
"01_RESEARCH/MODULES/L07.01/L07.01_EVIDENCE_NOTES.md","text/markdown","304","2026-10-04T11:05:55.411231+00:00","libfile_176b71e285b88191b6b43e6154797d2c","file_00000000b39881f5802926ea8e3f749d","text-source"
"01_RESEARCH/MODULES/L07.01/L07.01_PRIMARY_ACCESS_REVIEW.md","text/markdown","3029","2026-10-04T11:05:55.388665+00:00","libfile_f7081d8bfd0c819190f806ff980ef56c","file_000000000db481f59e98dea838b35bd7","text-source"
"01_RESEARCH/MODULES/L07.01/L07.01_SCOPE_AND_QUESTIONS.yaml","application/yaml","2373","2026-10-04T11:05:55.394635+00:00","libfile_7218afc203148191b7f50410bf4e1f74","file_000000006a9081f5b6b9bdeb4e9a74ab","text-source"
"01_RESEARCH/MODULES/L07.02/L07.02_CONTRADICTION_REVIEW.md","text/markdown","284","2026-10-04T11:36:43.809477+00:00","libfile_1d69e71a85888191aa6b0ac2787ac222","file_000000000d6081f6a502c185379606d7","text-source"
"01_RESEARCH/MODULES/L07.02/L07.02_EVIDENCE_NOTES.md","text/markdown","168","2026-10-04T11:36:43.829850+00:00","libfile_dd5fa32a68e48191aced86272f72e216","file_0000000051fc81f596a33dc6c6d2d7c4","text-source"
"01_RESEARCH/MODULES/L07.02/L07.02_PRIMARY_ACCESS_REVIEW.md","text/markdown","791","2026-10-04T11:36:43.858168+00:00","libfile_005c6dcdc0848191854a9ff0bbcf00db","file_00000000b36081f597ef8dc765e7ea8b","text-source"
"01_RESEARCH/MODULES/L07.02/L07.02_SCOPE_AND_QUESTIONS.yaml","application/yaml","2093","2026-10-04T11:36:43.864706+00:00","libfile_204ed2e639cc819182a35286c948b8aa","file_00000000520881f5b70de6f37aeb52ad","text-source"
"01_RESEARCH/MODULES/L07.03/L07.03_CONTRADICTION_REVIEW.md","text/markdown","284","2026-10-04T11:36:43.889953+00:00","libfile_2e84459133788191a8eba5d71c86b77a","file_0000000058bc81f59d9a889d375e01a6","text-source"
"01_RESEARCH/MODULES/L07.03/L07.03_EVIDENCE_NOTES.md","text/markdown","168","2026-10-04T11:36:43.811218+00:00","libfile_b2821cf204b4819189b14d5943212544","file_000000007a8481f9a99c6335efa8b5c5","text-source"
"01_RESEARCH/MODULES/L07.03/L07.03_PRIMARY_ACCESS_REVIEW.md","text/markdown","790","2026-10-04T11:36:43.950163+00:00","libfile_b57cf0bf4e088191bac2a3d57a40b33b","file_00000000faa881f58e6a50f1e946f068","text-source"
"01_RESEARCH/MODULES/L07.03/L07.03_SCOPE_AND_QUESTIONS.yaml","application/yaml","2074","2026-10-04T11:36:48.025088+00:00","libfile_67e76ef717b88191bd8e0747596dd6c8","file_00000000892481f5bfafcc82687b88fc","text-source"
"01_RESEARCH/MODULES/L07.04/L07.04_CONTRADICTION_REVIEW.md","text/markdown","284","2026-10-04T11:36:47.992565+00:00","libfile_9bbba9da5dec8191bd6a68d070a9003e","file_00000000f7f481f592717de2195b6c45","text-source"
"01_RESEARCH/MODULES/L07.04/L07.04_EVIDENCE_NOTES.md","text/markdown","168","2026-10-04T11:36:48.019185+00:00","libfile_ef19664f86508191bf46a232ccfaeb80","file_00000000c22481f5b5f420ac865f283f","text-source"
"01_RESEARCH/MODULES/L07.04/L07.04_PRIMARY_ACCESS_REVIEW.md","text/markdown","791","2026-10-04T11:36:48.015920+00:00","libfile_966c999272b881918aa4835e762883d2","file_0000000065b881f5ace4ab4bfa818839","text-source"
"01_RESEARCH/MODULES/L07.04/L07.04_SCOPE_AND_QUESTIONS.yaml","application/yaml","2077","2026-10-04T11:36:47.997635+00:00","libfile_8669bb2366b481918679c05f20d4de64","file_000000008a2081f581cf2078801471cf","text-source"
"01_RESEARCH/MODULES/L07.05/L07.05_CONTRADICTION_REVIEW.md","text/markdown","284","2026-10-04T11:36:51.250624+00:00","libfile_553f84cfdac081919f1cad30f8c9cdae","file_00000000709c81f58bec4bf1257a707f","text-source"
"01_RESEARCH/MODULES/L07.05/L07.05_EVIDENCE_NOTES.md","text/markdown","168","2026-10-04T11:36:51.212101+00:00","libfile_0ae8bac259708191a6b0cd60e9054594","file_0000000003e081f5b3744ff9ff3c822a","text-source"
"01_RESEARCH/MODULES/L07.05/L07.05_PRIMARY_ACCESS_REVIEW.md","text/markdown","791","2026-10-04T11:36:51.229986+00:00","libfile_566d29c4cef48191929efa432142c407","file_00000000a4b881f5acf6d58fd08bc4fa","text-source"
"01_RESEARCH/MODULES/L07.05/L07.05_SCOPE_AND_QUESTIONS.yaml","application/yaml","2140","2026-10-04T11:36:51.240695+00:00","libfile_24c412b6fe74819195bd40b85037fbdd","file_000000005be881f592f9ad9cbe66cde0","text-source"
"01_RESEARCH/MODULES/L09.01/L09.01_CONTRADICTION_REVIEW.md","text/markdown","405","2026-10-03T10:53:57.119636+00:00","libfile_f847a608eb7481919dd6a4e2fcc62a1f","file_0000000014bc81f5bf2652858cf8ac0d","text-source"
"01_RESEARCH/MODULES/L09.01/L09.01_EVIDENCE_NOTES.md","text/markdown","439","2026-10-03T10:53:57.125546+00:00","libfile_001b0d953b308191b7beac20ccdd25bf","file_00000000cfa481f58398e0dcf5235dc2","text-source"
"01_RESEARCH/MODULES/L09.01/L09.01_PRIMARY_ACCESS_REVIEW.md","text/markdown","3588","2026-10-03T10:53:57.121026+00:00","libfile_d0536646f5bc819180a82577442924df","file_00000000be4c81f5856fc04d72844be1","text-source"
"01_RESEARCH/MODULES/L09.01/L09.01_SCOPE_AND_QUESTIONS.yaml","application/yaml","1977","2026-10-03T10:53:57.102090+00:00","libfile_39871abffd30819185768adfc1dc56f3","file_0000000041d881f5a109a32e5d623ba6","text-source"
"01_RESEARCH/MODULES/L18.01/L18.01_CONTRADICTION_REVIEW.md","text/markdown","402","2026-10-03T10:54:00.481499+00:00","libfile_8c7545a58384819199ab8cf35f2f6ab6","file_00000000c1c881f6aedfa6aab86326a1","text-source"
"01_RESEARCH/MODULES/L18.01/L18.01_EVIDENCE_NOTES.md","text/markdown","422","2026-10-03T10:54:00.499943+00:00","libfile_cf1f340597bc819191f301ab7ee1ad3e","file_000000000f2081f6b217c6c41cc6519b","text-source"
"01_RESEARCH/MODULES/L18.01/L18.01_PRIMARY_ACCESS_REVIEW.md","text/markdown","2505","2026-10-03T10:54:00.495154+00:00","libfile_a489cebb399c8191b00a45bb5bab5b57","file_000000007c8c81f6bf512def6be34748","text-source"
"01_RESEARCH/MODULES/L18.01/L18.01_SCOPE_AND_QUESTIONS.yaml","application/yaml","2199","2026-10-03T10:54:00.510421+00:00","libfile_7201abe3d4e48191a2a32b132dabd827","file_00000000caa081f69ea193a0f679b890","text-source"
"01_RESEARCH/MODULES/L18.02/L18.02_CONTRADICTION_REVIEW.md","text/markdown","1054","2026-10-04T11:05:59.267844+00:00","libfile_b747983eea108191941765b41f5186bc","file_0000000051e881f5ac50e55f48e4be91","text-source"
"01_RESEARCH/MODULES/L18.02/L18.02_EVIDENCE_NOTES.md","text/markdown","485","2026-10-04T11:05:59.307651+00:00","libfile_21fe50920fa08191bb82db9f3eb282a2","file_000000006ddc81f5be19dba98750a299","text-source"
"01_RESEARCH/MODULES/L18.02/L18.02_PRIMARY_ACCESS_REVIEW.md","text/markdown","3249","2026-10-04T11:05:59.287317+00:00","libfile_7433cf63158081918351878728a59d68","file_000000003c5881f588fd7bdf3920bab0","text-source"
"01_RESEARCH/MODULES/L18.02/L18.02_SCOPE_AND_QUESTIONS.yaml","application/yaml","2388","2026-10-04T11:05:59.274613+00:00","libfile_10eb6082e344819189c157ca21103304","file_000000000bcc81f58255cf1f267f58d5","text-source"
"01_RESEARCH/MODULES/L19.01/L19.01_CONTRADICTION_REVIEW.md","text/markdown","258","2026-10-04T11:06:03.192929+00:00","libfile_9fd4772dd3d08191a954d69b8966fec8","file_0000000056fc81f78a5716a97c11e63c","text-source"
"01_RESEARCH/MODULES/L19.01/L19.01_EVIDENCE_NOTES.md","text/markdown","228","2026-10-04T11:06:03.178592+00:00","libfile_976b7d1f41d4819189c5efe3d895d386","file_00000000eeec81f797c278958b58aac7","text-source"
"01_RESEARCH/MODULES/L19.01/L19.01_PRIMARY_ACCESS_REVIEW.md","text/markdown","773","2026-10-04T11:06:03.195110+00:00","libfile_3afbc5a1521c819188e094874085cf73","file_000000005b0c81f7a6dc58670bee6f3c","text-source"
"01_RESEARCH/MODULES/L19.01/L19.01_SCOPE_AND_QUESTIONS.yaml","application/yaml","2015","2026-10-04T11:06:03.231966+00:00","libfile_82fba839b4fc819183b8d689a7e7ed22","file_00000000072081f683ee168e07f7e3c0","text-source"
"01_RESEARCH/MODULES/L22.02/L22.02_CONTRADICTION_REVIEW.md","text/markdown","233","2026-10-03T10:54:04.503153+00:00","libfile_40e925eabe10819181305de76d5baed2","file_00000000db2481f586440da912649fda","text-source"
"01_RESEARCH/MODULES/L22.02/L22.02_EVIDENCE_NOTES.md","text/markdown","226","2026-10-03T10:54:04.513949+00:00","libfile_e03fd12229f081918fa276190914e559","file_00000000e9d481f59b5c672cd487df12","text-source"
"01_RESEARCH/MODULES/L22.02/L22.02_PRIMARY_ACCESS_REVIEW.md","text/markdown","3278","2026-10-03T10:54:04.500183+00:00","libfile_bb03acbf53388191b7df500539b5ce94","file_00000000b17481f581ee47a2f209afb7","text-source"
"01_RESEARCH/MODULES/L22.02/L22.02_SCOPE_AND_QUESTIONS.yaml","application/yaml","2074","2026-10-03T10:54:04.521307+00:00","libfile_4ca41256025c8191b14a62e3d80fb2c2","file_00000000825c81f5a919007571f3e0f8","text-source"
"01_RESEARCH/MODULES/L22.03/L22.03_CONTRADICTION_REVIEW.md","text/markdown","233","2026-10-03T10:54:08.175076+00:00","libfile_2789a2fe37448191880b782d6916a3d4","file_00000000c61481f9904faf01db7fd761","text-source"
"01_RESEARCH/MODULES/L22.03/L22.03_EVIDENCE_NOTES.md","text/markdown","226","2026-10-03T10:54:08.156973+00:00","libfile_905fd0409ff48191807d1ea9d90f2406","file_00000000bf9c81f9a97b54d38afe4030","text-source"
"01_RESEARCH/MODULES/L22.03/L22.03_PRIMARY_ACCESS_REVIEW.md","text/markdown","3226","2026-10-03T10:54:08.137382+00:00","libfile_2e8bb9e645dc8191a50338c9e79abb67","file_00000000083c81f99c3771ac2a281f1c","text-source"
"01_RESEARCH/MODULES/L22.03/L22.03_SCOPE_AND_QUESTIONS.yaml","application/yaml","2035","2026-10-03T10:54:08.146736+00:00","libfile_639737860f4481918cf5006ee3012df1","file_00000000a64c81f98ab3534f7ba3760d","text-source"
"01_RESEARCH/MODULES/L22.07/L22.07_CONTRADICTION_REVIEW.md","text/markdown","258","2026-10-04T11:06:06.982115+00:00","libfile_748e6a84c1108191b895e29183a53cc3","file_0000000055f081f6b9df42d91ebf173f","text-source"
"01_RESEARCH/MODULES/L22.07/L22.07_EVIDENCE_NOTES.md","text/markdown","228","2026-10-04T11:06:07.212873+00:00","libfile_9c63063c95dc8191b1bb592aa124f0e3","file_00000000007081f68464b9989271e518","text-source"
"01_RESEARCH/MODULES/L22.07/L22.07_PRIMARY_ACCESS_REVIEW.md","text/markdown","780","2026-10-04T11:06:06.966304+00:00","libfile_e72bee0d214481918ccc4b8db749a8fc","file_000000004c5481f69e63801fb48aea4a","text-source"
"01_RESEARCH/MODULES/L22.07/L22.07_SCOPE_AND_QUESTIONS.yaml","application/yaml","2128","2026-10-04T11:06:07.190053+00:00","libfile_b7d5287a155881918848b2798918328d","file_00000000fcbc81f6bedf852592018c2a","text-source"
"01_RESEARCH/MODULES/L24.01/L24.01_CONTRADICTION_REVIEW.md","text/markdown","382","2026-10-03T10:54:08.181042+00:00","libfile_31a623ca7c28819189d8e20068fd8009","file_000000001e7881f986e7961287bf972a","text-source"
"01_RESEARCH/MODULES/L24.01/L24.01_EVIDENCE_NOTES.md","text/markdown","306","2026-10-03T10:54:08.148214+00:00","libfile_c7acf761f4048191be0752468257bc20","file_00000000fe5c81f98faf6b53417082c0","text-source"
"01_RESEARCH/MODULES/L24.01/L24.01_PRIMARY_ACCESS_REVIEW.md","text/markdown","2652","2026-10-03T10:54:08.177985+00:00","libfile_c2dc02aaad6c8191b46e4df7d015e49b","file_0000000089c881f9ae7a08096c4974d9","text-source"
"01_RESEARCH/MODULES/L24.01/L24.01_SCOPE_AND_QUESTIONS.yaml","application/yaml","1790","2026-10-03T10:54:08.153989+00:00","libfile_336027b8ae988191a11780fc49666fd9","file_00000000615c81f9a3fb1a31d876881b","text-source"
"01_RESEARCH/MODULES/L24.02/L24.02_CONTRADICTION_REVIEW.md","text/markdown","480","2026-10-03T10:54:12.193776+00:00","libfile_ec8d8da0ec6c8191bf8880b48832f057","file_0000000007c481f5b33f1c475057899d","text-source"
"01_RESEARCH/MODULES/L24.02/L24.02_EVIDENCE_NOTES.md","text/markdown","368","2026-10-03T10:54:12.168375+00:00","libfile_6cc6109584408191a347a7b7a03c8804","file_00000000a30881f5908e516cdc63918c","text-source"
"01_RESEARCH/MODULES/L24.02/L24.02_PRIMARY_ACCESS_REVIEW.md","text/markdown","2659","2026-10-03T10:54:12.178522+00:00","libfile_b922f95b22b48191a2df7cf1d88db7bb","file_000000006f5c81f5a58bc2943432927f","text-source"
"01_RESEARCH/MODULES/L24.02/L24.02_SCOPE_AND_QUESTIONS.yaml","application/yaml","1751","2026-10-03T10:54:12.163289+00:00","libfile_4bfc26963fc88191abffebfde615bb9f","file_00000000877c81f5acd99e75a9edf503","text-source"
"01_RESEARCH/MODULES/L24.03/L24.03_CONTRADICTION_REVIEW.md","text/markdown","428","2026-10-03T10:54:15.925268+00:00","libfile_e71698b93914819196e4c50993720a5d","file_000000000560822f886d27faf5a9485c","text-source"
"01_RESEARCH/MODULES/L24.03/L24.03_EVIDENCE_NOTES.md","text/markdown","413","2026-10-03T10:54:15.951337+00:00","libfile_4b340b60afe4819186262c6a146a7b1a","file_00000000103081f59014a8bc98e8ccf7","text-source"
"01_RESEARCH/MODULES/L24.03/L24.03_PRIMARY_ACCESS_REVIEW.md","text/markdown","3038","2026-10-03T10:54:15.856865+00:00","libfile_9ade3a5ac51c81918f94f40ca844b6f1","file_00000000ac5481f5ba14035fdd58d91c","text-source"
"01_RESEARCH/MODULES/L24.03/L24.03_SCOPE_AND_QUESTIONS.yaml","application/yaml","1831","2026-10-03T10:54:15.854270+00:00","libfile_979ca5cd6d448191a7cfef80275eec8a","file_00000000dc7c81f6a979157d75c88438","text-source"
"01_RESEARCH/MODULES/L24.04/L24.04_CONTRADICTION_REVIEW.md","text/markdown","436","2026-10-03T15:08:24.834210+00:00","libfile_1f162848b77481919489bbde10986d34","file_00000000c09481f68bdb6697b8749b44","text-source"
"01_RESEARCH/MODULES/L24.04/L24.04_EVIDENCE_NOTES.md","text/markdown","277","2026-10-03T15:08:24.825395+00:00","libfile_d67fe713ed48819198a5b5e5ef003748","file_00000000095481f6a50c2155659cdb99","text-source"
"01_RESEARCH/MODULES/L24.04/L24.04_PRIMARY_ACCESS_REVIEW.md","text/markdown","1176","2026-10-03T15:08:24.845801+00:00","libfile_887c7ecd1914819192532172297a1773","file_00000000616481f695bd0a5e924b0a9f","text-source"
"01_RESEARCH/MODULES/L24.04/L24.04_SCOPE_AND_QUESTIONS.yaml","application/yaml","2090","2026-10-03T15:08:24.821330+00:00","libfile_9d5954f833b88191b5cb414d02f172cb","file_0000000086bc81f695458e092f5a247d","text-source"
"01_RESEARCH/MODULES/L24.05/L24.05_CONTRADICTION_REVIEW.md","text/markdown","538","2026-10-03T15:08:28.733701+00:00","libfile_994ac82cc4388191b614ab0642e61655","file_00000000bf9881f5b8f6b46e9a90aa26","text-source"
"01_RESEARCH/MODULES/L24.05/L24.05_EVIDENCE_NOTES.md","text/markdown","328","2026-10-03T15:08:28.659499+00:00","libfile_1da9cc665b588191915516a4bea859bf","file_00000000ee1481f78f1dacd2b9c43016","text-source"
"01_RESEARCH/MODULES/L24.05/L24.05_PRIMARY_ACCESS_REVIEW.md","text/markdown","810","2026-10-03T15:08:28.787052+00:00","libfile_7ab5e7e8983881919352a616bb4b278b","file_0000000087e4823094aa36877d95bd50","text-source"
"01_RESEARCH/MODULES/L24.05/L24.05_SCOPE_AND_QUESTIONS.yaml","application/yaml","2222","2026-10-03T15:08:28.669025+00:00","libfile_6a017d43687c8191ab30aa8f7b2ce846","file_00000000170081f7b602f435537c44a4","text-source"
"01_RESEARCH/MODULES/L25.01/L25.01_CONTRADICTION_REVIEW.md","text/markdown","245","2026-10-03T10:54:19.211517+00:00","libfile_fdbfcb04edbc8191817eb24481a7e34a","file_000000003ce081f5b4cb684652d454be","text-source"
"01_RESEARCH/MODULES/L25.01/L25.01_EVIDENCE_NOTES.md","text/markdown","204","2026-10-03T10:54:19.259684+00:00","libfile_9606e20e684881919825c64c5555393f","file_00000000494c822faae8881801f2f9e5","text-source"
"01_RESEARCH/MODULES/L25.01/L25.01_PRIMARY_ACCESS_REVIEW.md","text/markdown","2973","2026-10-03T10:54:19.263153+00:00","libfile_080e87ad7c348191a8420fcca608e194","file_0000000097f0822f83edf6fee6d2f10b","text-source"
"01_RESEARCH/MODULES/L25.01/L25.01_SCOPE_AND_QUESTIONS.yaml","application/yaml","1982","2026-10-03T10:54:19.252834+00:00","libfile_52b45071805881919b9076b8ecd32449","file_00000000439c822fa314e41aa201a2f7","text-source"
"01_RESEARCH/MODULES/L25.02/L25.02_CONTRADICTION_REVIEW.md","text/markdown","245","2026-10-03T10:54:19.218300+00:00","libfile_54b7d228664c81918c32b57db88fa730","file_00000000b890822f8489d85c37bb5c97","text-source"
"01_RESEARCH/MODULES/L25.02/L25.02_EVIDENCE_NOTES.md","text/markdown","204","2026-10-03T10:54:19.203793+00:00","libfile_99ac0489103c8191abf6c5a185eaad33","file_00000000e104822f9aa49ba22c2bdc0c","text-source"
"01_RESEARCH/MODULES/L25.02/L25.02_PRIMARY_ACCESS_REVIEW.md","text/markdown","3005","2026-10-03T10:54:19.206579+00:00","libfile_f22f231847288191a51e541037fc9187","file_000000001778822f9906eedc5a1e0244","text-source"
"01_RESEARCH/MODULES/L25.02/L25.02_SCOPE_AND_QUESTIONS.yaml","application/yaml","2021","2026-10-03T10:54:19.231978+00:00","libfile_02aa062f5f9c8191bb93aae6bb771247","file_0000000037e8822fad66a13d937ac436","text-source"
"01_RESEARCH/MODULES/L25.03/L25.03_CONTRADICTION_REVIEW.md","text/markdown","245","2026-10-03T10:54:22.922082+00:00","libfile_00ef81516a7481919c5c78a4c2477ae9","file_000000006de881fd951ce7617c7593c8","text-source"
"01_RESEARCH/MODULES/L25.03/L25.03_EVIDENCE_NOTES.md","text/markdown","204","2026-10-03T10:54:22.805332+00:00","libfile_7880147c3e548191b156edd43b8d207b","file_000000000fcc81f7a27cce9a963f3cd6","text-source"
"01_RESEARCH/MODULES/L25.03/L25.03_PRIMARY_ACCESS_REVIEW.md","text/markdown","3542","2026-10-03T10:54:22.952715+00:00","libfile_57f4d8dfe0408191a166f2e08cf4455a","file_00000000600081fdb18fc034eecd40b1","text-source"
"01_RESEARCH/MODULES/L25.03/L25.03_SCOPE_AND_QUESTIONS.yaml","application/yaml","2049","2026-10-03T10:54:22.861704+00:00","libfile_1dd06a2e388481919b78fe6530fed5d1","file_000000003eec81f79d9a5288e9feb1be","text-source"
"01_RESEARCH/MODULES/L25.04/L25.04_CONTRADICTION_REVIEW.md","text/markdown","459","2026-10-03T22:23:30.999600+00:00","libfile_2e7042d12c048191a78413cd5e45afc0","file_0000000029dc81f58e68fb1ab8cf6aea","text-source"
"01_RESEARCH/MODULES/L25.04/L25.04_EVIDENCE_NOTES.md","text/markdown","273","2026-10-03T22:23:30.941612+00:00","libfile_3ceac4298f288191899fda83a488372a","file_000000003df081f5ac9488e660cf5103","text-source"
"01_RESEARCH/MODULES/L25.04/L25.04_PRIMARY_ACCESS_REVIEW.md","text/markdown","3163","2026-10-03T22:23:30.954758+00:00","libfile_d8b4a471e5a481919aeef91ed02050cf","file_000000009f5881f5a53e06c56a383261","text-source"
"01_RESEARCH/MODULES/L25.04/L25.04_SCOPE_AND_QUESTIONS.yaml","application/yaml","2087","2026-10-03T22:23:30.962582+00:00","libfile_ca42dd3fb05481919c37d5250cdf3e48","file_00000000c27081f5a853b31f305b49f9","text-source"
"01_RESEARCH/MODULES/L25.05/L25.05_CONTRADICTION_REVIEW.md","text/markdown","582","2026-10-03T22:23:34.763362+00:00","libfile_6e12c1ddd84081919c3ad2232efeef38","file_0000000031b881f5980769a18cc7edc9","text-source"
"01_RESEARCH/MODULES/L25.05/L25.05_EVIDENCE_NOTES.md","text/markdown","295","2026-10-03T22:23:34.797932+00:00","libfile_ca6c71d249ac819199139217098ec0f0","file_000000009a0081f5b7fa4ac44a2a2ccb","text-source"
"01_RESEARCH/MODULES/L25.05/L25.05_PRIMARY_ACCESS_REVIEW.md","text/markdown","3227","2026-10-03T22:23:34.783376+00:00","libfile_677eb7a1fd108191a86afdae4fc6d34d","file_00000000064081f5b6a9037692ecfa11","text-source"
"01_RESEARCH/MODULES/L25.05/L25.05_SCOPE_AND_QUESTIONS.yaml","application/yaml","2232","2026-10-03T22:23:34.778177+00:00","libfile_02c97b0b4fb081918e0c91c2fd9062f7","file_00000000e87c81f5b20941a728f6ee2f","text-source"
"01_RESEARCH/MODULES/L25.05/LOCAL_AUTHORED_VALIDATION.json","application/json","791","2026-10-03T22:23:34.753383+00:00","libfile_517e4ef72d64819190037b6a66106a16","file_00000000df5081f58690b1614f6e2cdf","text-source"
"01_RESEARCH/MODULES/L25.04/LOCAL_AUTHORED_VALIDATION.json","application/json","791","2026-10-03T22:23:30.948070+00:00","libfile_a40e44987b2c81919749f9492411b729","file_00000000261481f58046f01d513fa69b","text-source"
"01_RESEARCH/MODULES/L04.05/LOCAL_AUTHORING_VALIDATION.json","application/json","319","2026-10-03T15:08:11.849149+00:00","libfile_97b96a9a2b44819193c17e4972efa0bc","file_00000000148881f58454d360409ed3f5","text-source"
"01_RESEARCH/MODULES/L04.04/LOCAL_AUTHORING_VALIDATION.json","application/json","319","2026-10-03T15:08:08.217527+00:00","libfile_99c9ce22e2e48191894b490491e0e6d2","file_00000000631881f68d26f95d4eca9433","text-source"
"01_RESEARCH/MODULES/L04.03/LOCAL_AUTHORING_VALIDATION.json","application/json","790","2026-10-03T15:08:03.421930+00:00","libfile_d99cb96f3c748191a4dd04760649353a","file_00000000ec8481f5b091e68f4f46aabe","text-source"
"01_RESEARCH/MODULES/L05.02/LOCAL_CONTRACT_VALIDATION.json","application/json","899","2026-10-03T10:53:49.684230+00:00","libfile_1978cf4fc8b08191ae1105c0af28fb94","file_000000004e3881f9b5e167fdac7f97cf","text-source"
"01_RESEARCH/MODULES/L05.05/LOCAL_CONTRACT_VALIDATION.json","application/json","531","2026-10-03T22:23:15.603330+00:00","libfile_3a8ec19badec8191840b132b64bb0552","file_00000000cf7881f595744b0d7c9e90a1","text-source"
"01_RESEARCH/MODULES/L06.01/LOCAL_CONTRACT_VALIDATION.json","application/json","1342","2026-10-03T22:23:23.781964+00:00","libfile_3b2b40fdd6708191a62e414bcdd23d90","file_0000000059a481f5b3f078b1c400cf1c","text-source"
"01_RESEARCH/MODULES/L05.03/LOCAL_CONTRACT_VALIDATION.json","application/json","846","2026-10-03T10:53:53.645751+00:00","libfile_3d7f716ec1208191a9db2dd0602c2dde","file_00000000982481f599b4747111db7d86","text-source"
"01_RESEARCH/MODULES/L05.06/LOCAL_CONTRACT_VALIDATION.json","application/json","667","2026-10-03T22:23:19.446104+00:00","libfile_470049d7f4b08191bcfe896fe0b7730f","file_00000000807c81f9a5741d7c56ca09b8","text-source"
"01_RESEARCH/MODULES/L07.01/LOCAL_CONTRACT_VALIDATION.json","application/json","2364","2026-10-04T11:05:55.412409+00:00","libfile_801ac9300f548191bfbb462ba2d87c62","file_0000000054ec81f597d16f1034b6f3ba","text-source"
"01_RESEARCH/MODULES/L05.01/LOCAL_CONTRACT_VALIDATION.json","application/json","819","2026-10-03T10:53:45.912743+00:00","libfile_8922f71202308191a62def5bedbe6dd2","file_00000000f52c81f59a221eac86a0eaf5","text-source"
"01_RESEARCH/MODULES/L05.07/LOCAL_CONTRACT_VALIDATION.json","application/json","1190","2026-10-03T15:08:20.470989+00:00","libfile_8a0dce7c1df88191bba4705e46ee1727","file_00000000d38081f58f24a37f605bae66","text-source"
"01_RESEARCH/MODULES/L06.02/LOCAL_CONTRACT_VALIDATION.json","application/json","1201","2026-10-04T11:05:43.922980+00:00","libfile_c92daf1288008191bf3447494d4baa7c","file_00000000975c81f5bb17c14e3737bc03","text-source"
"01_RESEARCH/MODULES/L05.04/LOCAL_CONTRACT_VALIDATION.json","application/json","2926","2026-10-03T15:08:16.805245+00:00","libfile_f9815655df30819199c7cf832a542966","file_00000000711c81f5912d39e400c3cf81","text-source"
"01_RESEARCH/MODULES/L24.05/LOCAL_STRUCTURE_PROBE.json","application/json","914","2026-10-03T15:08:28.736417+00:00","libfile_0d91ab35efd0819181a5f61f7cf79e97","file_000000003bac81fda0dcfd63e32ac15b","text-source"
"01_RESEARCH/MODULES/L24.04/LOCAL_STRUCTURE_PROBE.json","application/json","908","2026-10-03T15:08:24.883658+00:00","libfile_7ae87e1b07d481918a67b2cfd18268ca","file_00000000f8f881f6970649b36ca8b8e5","text-source"
"01_RESEARCH/MODULES/L22.02/loop_fixture.py","text/x-python","1569","2026-10-03T10:54:04.506059+00:00","libfile_0b02c44af5108191ab3b460bf17778b9","file_00000000aa7c81f5910cc4030c0fc694","text-source"
"01_RESEARCH/MODULES/L22.02/LOOP_FIXTURE_RESULTS.json","application/json","1927","2026-10-03T10:54:04.487049+00:00","libfile_2cbe47f20cfc81918c3109d03e676ef0","file_00000000dae481f5a58dea6ee75edbec","text-source"
"01_RESEARCH/MODULES/L22.02/MEDIA_RUNTIME_FIXTURE_RESULTS.json","application/json","13406","2026-10-03T10:54:04.488557+00:00","libfile_6aeac4cb78a48191aaea3302f6507176","file_0000000092fc81f5b4ad48740b7bedef","text-source"
"01_RESEARCH/MODULES/L04.01/message_contract_inspector.py","text/x-python","4997","2026-10-03T10:53:41.607246+00:00","libfile_e78b1c124bfc8191b381affe655bfd3d","file_0000000049ec81f78934ac6ccf1406fa","text-source"
"01_RESEARCH/META_METHOD_REFERENCES.md","text/markdown","994","2026-10-01T08:51:53.586093+00:00","libfile_217cf29ba5848191826f8f8055d80fd1","file_00000000c87c821193a2904ceddef806","text-source"
"01_RESEARCH/MODULES/L09.01/motion_principle_fixture.py","text/x-python","5681","2026-10-03T10:53:57.117706+00:00","libfile_c739b799bc548191937144ea115ade4c","file_00000000874881f5a0780f41c453ec11","text-source"
"01_RESEARCH/MODULES/L09.01/motion_principles_2d.mkv","video/matroska","4147","2026-10-03T10:53:57.104283+00:00","libfile_68ac9b63e30c8191a0e68ce3743a1ae6","file_0000000058cc81f59c254728d91a064b","binary-or-nontext"
"01_RESEARCH/MODULES/L09.01/motion_principles_contact_sheet.png","image/png","4293","2026-10-03T10:53:57.070991+00:00","libfile_796b25cc89c081919f33896da38e4f6c","file_0000000046cc81f5a306571e0459efb8","binary-or-nontext"
"01_RESEARCH/MODULES/L09.01/motion_principles_regression.json","application/json","3466","2026-10-03T10:53:57.077770+00:00","libfile_6a7d93f489648191b653dc96a8638427","file_00000000993481f59ccb779f2e06670a","text-source"
"01_RESEARCH/MODULES/L22.02/MOTION_RUNTIME_FIXTURE_RESULTS.json","application/json","10556","2026-10-03T10:54:04.504542+00:00","libfile_8f084c43a6908191b62bec86faf5ee33","file_00000000720081f5a0e5a96762530161","text-source"
"01_RESEARCH/MODULES/L19.01/MP4_PROBE.json","application/json","9823","2026-10-04T11:06:03.202360+00:00","libfile_bf1814256d188191ab2da18d69648cf3","file_00000000cc4081f793258ebea704939f","text-source"
"01_RESEARCH/MODULES/L19.01/MP4_VERIFICATION.json","application/json","2030","2026-10-04T11:06:03.216700+00:00","libfile_716fa663e8d08191aa4ad5e5d8a599f8","file_00000000bb8c81f690d70feafe5f937c","text-source"
"01_RESEARCH/MODULES/L18.02/MUSIC_FIXTURE_RESULTS.json","application/json","7820","2026-10-04T11:05:59.316315+00:00","libfile_96f07968cd7c8191849811f5785a614b","file_00000000d05081f5a4f86b465698bc3d","text-source"
"01_RESEARCH/MODULES/L18.02/MUSIC_SOURCE_BODIES.zip","application/zip","940214","2026-10-04T11:05:59.272750+00:00","libfile_300202720aa8819199bf4ff4525dd7f0","file_00000000703c81f596c7ce472d636d00","binary-or-nontext"
"01_RESEARCH/MODULES/L18.02/music_timing_fixture.py","text/x-python","10408","2026-10-04T11:06:03.034104+00:00","libfile_d07e3823c0688191b687bd11fbbceae5","file_00000000194081f7a770c2feb57972fc","text-source"
"01_RESEARCH/MODULES/L05.04/ocio_authoring.html","text/html","252848","2026-10-03T15:08:16.786829+00:00","libfile_e04a9eb08da8819184f91a7ae8eb434e","file_00000000c03481f5ba39dae5636ac67c","text-source"
"01_RESEARCH/MODULES/L05.04/ocio_authoring.txt","text/plain","74922","2026-10-03T15:08:16.789894+00:00","libfile_2c38a203ae688191a3434ee15f3f32a4","file_00000000722081f5b6d394a6b635fd0b","text-source"
"01_RESEARCH/MODULES/L24.04/OPERATING_LIMITS.md","text/markdown","673","2026-10-03T15:08:24.813285+00:00","libfile_8435991ad3cc8191ba15d275d65e9d07","file_000000008f1c81f69f63930476f49ae8","text-source"
"01_RESEARCH/MODULES/L24.05/OPERATING_LIMITS.md","text/markdown","753","2026-10-03T15:08:28.709017+00:00","libfile_edde21a7b6188191a9cbee153f959ee1","file_00000000f4d881f5a69fa3f78345ee6e","text-source"
"01_RESEARCH/MODULES/L03.03/organization_math.py","text/x-python","8521","2026-10-03T04:22:00.549846+00:00","libfile_2d0de169e8208191bcd8fcc1da02c1b2","file_000000007d7881f581b38fdbf6beb0c2","text-source"
"01_RESEARCH/MODULES/L05.06/ORIGINALITY_FIXTURE_RESULTS.json","application/json","27121","2026-10-03T22:23:19.461740+00:00","libfile_70d145c6959881918d0dc686e4650029","file_00000000ae9481f9b4e76f773f6d2ae5","text-source"
"01_RESEARCH/MODULES/L05.06/originality_record_fixture.py","text/x-python","11873","2026-10-03T22:23:23.800490+00:00","libfile_699c14d651e081918d0a92f736291598","file_00000000fecc81f5adfde8994bb754c5","text-source"
"01_RESEARCH/MODULES/L24.01/pattern_fixture.py","text/x-python","4216","2026-10-03T10:54:12.182436+00:00","libfile_4b91f00cfe788191a7d278455181c347","file_000000008fa881f5a6646868fa4ff076","text-source"
"01_RESEARCH/MODULES/L24.01/PATTERN_FIXTURE_RESULTS.json","application/json","8650","2026-10-03T10:54:12.208970+00:00","libfile_0749fade59188191b310e9b05a66e1dd","file_0000000052d881f5afa889787a487ccd","text-source"
"01_RESEARCH/MODULES/L24.01/pattern_records.py","text/x-python","3104","2026-10-03T10:54:12.192006+00:00","libfile_5e0ac3c89c7081919ef5973f21a973a8","file_00000000e5dc81f5b1539f804f0a1ebd","text-source"
"01_RESEARCH/MODULES/L19.01/planning_delivery_sample.mp4","video/mp4","3315","2026-10-04T11:06:06.964040+00:00","libfile_2f543cb9eaf881919e0482666ff4b32f","file_00000000205c81f6a0ab6ab0c60f4768","binary-or-nontext"
"01_RESEARCH/MODULES/L19.01/PORTABLE_REPLAY_RESULTS.json","application/json","423","2026-10-04T11:06:06.977863+00:00","libfile_2a17f451ddfc8191a5ee5fef2aaa5850","file_00000000d84481f694932f27d5911fee","text-source"
"01_RESEARCH/MODULES/L24.03/preference_fixture.py","text/x-python","4700","2026-10-03T10:54:15.838098+00:00","libfile_55f2fa1f91788191a75617c666214e92","file_00000000e19881f5808b69bcf4238a31","text-source"
"01_RESEARCH/MODULES/L24.03/PREFERENCE_FIXTURE_RESULTS.json","application/json","10550","2026-10-03T10:54:15.880700+00:00","libfile_cf0fc663f7088191953285b99921b51d","file_00000000b74881f5aa514d58dd87ec10","text-source"
"01_RESEARCH/MODULES/L24.03/preference_records.py","text/x-python","2922","2026-10-03T10:54:15.942448+00:00","libfile_a526951b417881919e95cc3a37215160","file_00000000bc1481f5820ad02003553cc3","text-source"
"01_RESEARCH/MODULES/L06.04/PREPRODUCTION_FIXTURE_RESULTS.json","application/json","8063","2026-10-04T11:05:47.858542+00:00","libfile_3542bd0870108191becdafda5ce8e2d5","file_00000000f54881f5b78b8af3648dced7","text-source"
"01_RESEARCH/MODULES/L06.03/PREPRODUCTION_FIXTURE_RESULTS.json","application/json","8063","2026-10-04T11:05:47.868654+00:00","libfile_70a58ce357008191bb402a488f3f30db","file_0000000019a881f5a16273810000f0b9","text-source"
"01_RESEARCH/MODULES/L06.05/PREPRODUCTION_FIXTURE_RESULTS.json","application/json","8063","2026-10-04T11:05:51.457327+00:00","libfile_bf8a85d549688191bd04a3f627d0c1ff","file_000000002ccc81f58041215c9936109e","text-source"
"01_RESEARCH/MODULES/L06.04/preproduction_floor.py","text/x-python","9198","2026-10-04T11:05:47.797070+00:00","libfile_4fb9c959c8dc8191bab4154617e8b021","file_0000000081cc81f5b94ed337392a9333","text-source"
"01_RESEARCH/MODULES/L06.05/preproduction_floor.py","text/x-python","9198","2026-10-04T11:05:51.664034+00:00","libfile_b59488d767348191bcac3d6b11ad1b8e","file_00000000612481f9ac03c4560debb21f","text-source"
"01_RESEARCH/MODULES/L19.01/preproduction_floor.py","text/x-python","9198","2026-10-04T11:06:06.953933+00:00","libfile_dafc64d8b1ac8191b294ce0ae458d6df","file_0000000061a881f6abe557e52dc8892e","text-source"
"01_RESEARCH/MODULES/L06.03/preproduction_floor.py","text/x-python","9198","2026-10-04T11:05:47.822781+00:00","libfile_f0c2dd9034f881919d446ac2b2b44829","file_00000000894881f59ad284dd5ccd62da","text-source"
"01_RESEARCH/MODULES/L04.05/PRIMARY_ACCESS_CAPTURE.json","application/json","716","2026-10-03T15:08:11.898782+00:00","libfile_ff7968280fc88191a3a9ac2531539405","file_00000000510481f5a8b1ce80a21146d1","text-source"
"01_RESEARCH/MODULES/L04.03/PRIMARY_ACCESS_REVIEW.json","application/json","2248","2026-10-03T15:08:03.466254+00:00","libfile_bc4386029fec8191b430045f2d1a606e","file_0000000028d881f5984c33f9e5e5c40b","text-source"
"01_RESEARCH/MODULES/L06.01/PRIMARY_BODY_REVIEW.json","application/json","3168","2026-10-03T22:23:23.791780+00:00","libfile_27314f7d4f608191ae99c69d2324e51b","file_00000000abc881f5994559d716b79c46","text-source"
"01_RESEARCH/MODULES/L07.01/PRIMARY_BODY_REVIEW.json","application/json","9430","2026-10-04T11:05:55.414869+00:00","libfile_91f8d6fe7a448191b6bb463fd35c0fa4","file_00000000f15081f5b82f43b4b7452caf","text-source"
"01_RESEARCH/MODULES/L09.01/PRIMARY_COPY_RECEIPT.json","application/json","537","2026-10-03T10:53:57.128303+00:00","libfile_7f41f38dad6081918ddb6a58e262f5d8","file_000000003b5081f5892f6b1897b2b034","text-source"
"01_RESEARCH/MODULES/L04.05/PRIMARY_SOURCE_FIT_REVIEW.json","application/json","1249","2026-10-03T15:08:11.914917+00:00","libfile_3995a6a131d88191b2b4b3d9c5b35c97","file_000000002f4481f5830ddf43be67c386","text-source"
"01_RESEARCH/MODULES/L04.04/PRIMARY_SOURCE_FIT_REVIEW.json","application/json","1255","2026-10-03T15:08:08.206146+00:00","libfile_66018cafc434819181e95e6ba6448fec","file_000000007a5881f6824d1a463fdde3d9","text-source"
"01_RESEARCH/MODULES/L04.03/PRIMARY_SOURCE_FIT_REVIEW.json","application/json","3016","2026-10-03T15:08:03.450093+00:00","libfile_dc3bd8f240408191b87494712f88620c","file_00000000117081f5a5b76c29ca100ecf","text-source"
"01_RESEARCH/MODULES/L06.01/projective_camera.html","text/html","370991","2026-10-03T22:23:27.092794+00:00","libfile_7fee6161e9e081918e5bae5077673e75","file_00000000053881f596289c9047eb627b","text-source"
"01_RESEARCH/MODULES/L06.01/projective_camera.txt","text/plain","45216","2026-10-03T22:23:27.077099+00:00","libfile_87ecffbf6c988191aa737ef5e5cd2220","file_00000000c5e481f58571ceab053d38ed","text-source"
"01_RESEARCH/PROVENANCE_ADJUDICATION_2026-10-02.json","application/json","406672","2026-10-02T06:15:14.195228+00:00","libfile_9b02d2c06b3c8191a6e1d967f6f91464","file_00000000823881f79c4beb9a9f3a8c81","text-source"
"01_RESEARCH/MODULES/L04.02/READ_RECEIPTS.json","application/json","8771","2026-10-03T10:53:45.920571+00:00","libfile_77e5651edcc48191906fab2c74a0926c","file_000000002f0081f5b63bdcbabc54f42d","text-source"
"01_RESEARCH/MODULES/L18.01/READ_RECEIPTS.json","application/json","4256","2026-10-03T10:54:00.616133+00:00","libfile_f22574113d4481919d24071bbc4e7fd9","file_00000000698081f69b89599f8463237c","text-source"
"01_RESEARCH/MODULES/L25.04/READINESS.json","application/json","1154","2026-10-03T22:23:30.975401+00:00","libfile_4981c33e81d88191b190684e065a41d1","file_000000007e6881f5bc052d2ca319c9ab","text-source"
"01_RESEARCH/MODULES/L22.03/READINESS.json","application/json","620","2026-10-03T10:54:08.134086+00:00","libfile_536a41c3ea3c81919bdda6de377e7a60","file_000000004aac81f9bf561643877e7094","text-source"
"01_RESEARCH/MODULES/L25.05/READINESS.json","application/json","1145","2026-10-03T22:23:34.816436+00:00","libfile_5eeb43a5b8cc8191a686006ecf5b4b96","file_00000000d63c81f5a2648f7881b9be52","text-source"
"01_RESEARCH/MODULES/L22.02/READINESS.json","application/json","578","2026-10-03T10:54:04.512377+00:00","libfile_74a55a2023dc8191b3dd9e67c63c7b88","file_00000000284c81f5983f5a70c7cbd950","text-source"
"01_RESEARCH/MODULES/L05.03/RECOVERY_HANDOFF.md","text/markdown","954","2026-10-03T10:53:53.682081+00:00","libfile_16ea7379e3048191a7ebf62e3a551106","file_000000004fa481f5a3412e99eb2ed390","text-source"
"01_RESEARCH/MODULES/L06.01/RECOVERY_HANDOFF.md","text/markdown","1107","2026-10-03T22:23:23.783266+00:00","libfile_35101319fcbc8191822cd5670e1c131f","file_00000000d08081f5a4b67f342a671ded","text-source"
"01_RESEARCH/MODULES/L05.07/RECOVERY_HANDOFF.md","text/markdown","828","2026-10-03T15:08:20.492019+00:00","libfile_40d4b6b111d88191a4084154c4bd69b8","file_00000000390881f5927c17e7faa8e849","text-source"
"01_RESEARCH/MODULES/L05.04/RECOVERY_HANDOFF.md","text/markdown","806","2026-10-03T15:08:16.791399+00:00","libfile_8d2ded694f388191839e78b995d74bbf","file_000000005b1081f5a4dd250b94f172e3","text-source"
"01_RESEARCH/MODULES/L05.01/RECOVERY_HANDOFF.md","text/markdown","954","2026-10-03T10:53:49.728744+00:00","libfile_b31c2649901c8191bb78e6e56feabb00","file_00000000853081f9af46fffed22fb97d","text-source"
"01_RESEARCH/MODULES/L07.01/RECOVERY_HANDOFF.md","text/markdown","1307","2026-10-04T11:05:55.926883+00:00","libfile_c871fd3d7c5c8191abbf3141a275f577","file_00000000621081f5af180f240579455d","text-source"
"01_RESEARCH/MODULES/L05.05/RECOVERY_HANDOFF.md","text/markdown","648","2026-10-03T22:23:15.635961+00:00","libfile_ccf720d5032481919c9ec6a4c7ad4063","file_00000000471c81f5b53705487d18656f","text-source"
"01_RESEARCH/MODULES/L05.06/RECOVERY_HANDOFF.md","text/markdown","1260","2026-10-03T22:23:19.476474+00:00","libfile_cee92f191ee48191b85167bcce13f7e2","file_000000009de481f994110bae8dba03d2","text-source"
"01_RESEARCH/MODULES/L05.02/RECOVERY_HANDOFF.md","text/markdown","1090","2026-10-03T10:53:49.686897+00:00","libfile_f70655ec72b48191ab88140e4c6a35fd","file_00000000fce481f9ad20626fbbb56935","text-source"
"01_RESEARCH/MODULES/L04.03/RECOVERY_VERIFICATION.json","application/json","3285","2026-10-03T15:08:03.473655+00:00","libfile_4efaab7e45008191870170eef8dba440","file_000000008ed881f583daa9779c621bd9","text-source"
"01_RESEARCH/MODULES/L06.01/reference_contract_fixture.py","text/x-python","4469","2026-10-03T22:23:27.105287+00:00","libfile_5844a93df99c8191b13f07363d01d6fb","file_0000000050c481f5aff9133e8c1d0302","text-source"
"01_RESEARCH/MODULES/L06.01/REFERENCE_FIXTURE_RESULTS.json","application/json","1841","2026-10-03T22:23:27.104038+00:00","libfile_c0f9943028d08191ab74aa93db231e15","file_000000003a4081f5b89dce385b34b23a","text-source"
"01_RESEARCH/MODULES/L24.05/reference_records.py","text/x-python","5267","2026-10-03T15:08:32.437332+00:00","libfile_8fedaf7beba881919751ece27ebd05e7","file_00000000580081f59a5b72c235fb68f8","text-source"
"01_RESEARCH/MODULES/L19.01/replay_delivery_fixture.py","text/x-python","1469","2026-10-04T11:06:07.037073+00:00","libfile_4935dd3f4e5081919d0123ca28639251","file_000000009b5c81f6865f5b84eb148904","text-source"
"01_RESEARCH/MODULES/L01.01/RESEARCH_SUMMARY.md","text/markdown","1171","2026-10-01T16:49:50.369754+00:00","libfile_006fab92d0c08191ae9be50ef725fb68","file_00000000ed248207824c8a05e22796c8","text-source"
"01_RESEARCH/MODULES/L03.02/RESEARCH_SUMMARY.md","text/markdown","447","2026-10-02T22:13:41.947179+00:00","libfile_00c26beec32c8191bddd6d6e4f14c91a","file_00000000100881f5a78c6c55fe47d908","text-source"
"01_RESEARCH/MODULES/L03.01/RESEARCH_SUMMARY.md","text/markdown","1828","2026-10-02T14:01:16.329818+00:00","libfile_02e26424c264819195a73b5faba3bd3e","file_00000000086c81f5a63b43d90de78a73","text-source"
"01_RESEARCH/MODULES/L02.02/RESEARCH_SUMMARY.md","text/markdown","568","2026-10-01T23:49:50.099165+00:00","libfile_06ffebe441088191ac29fba7ee1a1a57","file_00000000875481f5aaf5fd4f703ac0f9","text-source"
"01_RESEARCH/MODULES/L04.01/RESEARCH_SUMMARY.md","text/markdown","1483","2026-10-03T10:53:41.597452+00:00","libfile_07576145cf10819182ace16ff8a72edc","file_00000000eaf081f794f38547367c8112","text-source"
"01_RESEARCH/MODULES/L02.01/RESEARCH_SUMMARY.md","text/markdown","893","2026-10-02T06:15:14.225644+00:00","libfile_0c277c11dac08191b311496200adc4ed","file_00000000594c822f954e623fcee30f35","text-source"
"01_RESEARCH/MODULES/L25.05/RESEARCH_SUMMARY.md","text/markdown","237","2026-10-03T22:23:34.790138+00:00","libfile_18e0ac844be081919fd43f93f5dbbf27","file_00000000b3d481f5850ba0fa04652136","text-source"
"01_RESEARCH/MODULES/L02.05/RESEARCH_SUMMARY.md","text/markdown","1272","2026-10-02T09:22:30.792506+00:00","libfile_27de1dd3d7588191b1ac8a3ef5cda613","file_00000000a67881f6b70f3a39ad3a3703","text-source"
"01_RESEARCH/MODULES/L07.04/RESEARCH_SUMMARY.md","text/markdown","449","2026-10-04T11:36:48.023679+00:00","libfile_2803be22441c819181440e518d6aef8d","file_00000000109881f5a968d79a71cfc133","text-source"
"01_RESEARCH/MODULES/L05.03/RESEARCH_SUMMARY.md","text/markdown","416","2026-10-03T10:53:53.631036+00:00","libfile_2c665a955e208191bdc1880ee51d2da4","file_00000000948081f59fbb656c78afd760","text-source"
"01_RESEARCH/MODULES/L24.02/RESEARCH_SUMMARY.md","text/markdown","314","2026-10-03T10:54:12.175018+00:00","libfile_358befdf0fe48191b02c286c36674585","file_0000000062f081f5b9c8ce3443c8bc4e","text-source"
"01_RESEARCH/MODULES/L00.08/RESEARCH_SUMMARY.md","text/markdown","1200","2026-10-01T14:56:53.766943+00:00","libfile_377b99315ef88191a90e351e8b709077","file_000000000b448207bdde74208a7e4b52","text-source"
"01_RESEARCH/MODULES/L05.06/RESEARCH_SUMMARY.md","text/markdown","381","2026-10-03T22:23:23.797362+00:00","libfile_3a819a0679fc819196ba7f6dd8e46884","file_00000000464c81f5abc2dd28913f8c58","text-source"
"01_RESEARCH/MODULES/L22.07/RESEARCH_SUMMARY.md","text/markdown","332","2026-10-04T11:06:10.732939+00:00","libfile_3a92d7ad31508191b0798bd1ba7e7e71","file_0000000006dc81f5b3de01d61618d6a8","text-source"
"01_RESEARCH/MODULES/L01.04/RESEARCH_SUMMARY.md","text/markdown","381","2026-10-01T19:29:06.256135+00:00","libfile_3d9e29bcb8f08191aac9feaa9b993f01","file_0000000028bc8207961aa9b778d5e35b","text-source"
"01_RESEARCH/MODULES/L01.05/RESEARCH_SUMMARY.md","text/markdown","612","2026-10-01T21:42:19.433396+00:00","libfile_3f7ebf325b088191a48e6858f193bf0a","file_0000000098d481fab33e4e17c76bfbf9","text-source"
"01_RESEARCH/MODULES/L07.01/RESEARCH_SUMMARY.md","text/markdown","269","2026-10-04T11:05:55.398359+00:00","libfile_3fcdbef30cec8191a1bb6dbba6c564af","file_00000000192c81f5ae7dcff92b626907","text-source"
"01_RESEARCH/MODULES/L19.01/RESEARCH_SUMMARY.md","text/markdown","262","2026-10-04T11:06:06.962410+00:00","libfile_3fe1865ac0e48191851e9a03a8489ff0","file_00000000b32081f6bf3d1510afdc02aa","text-source"
"01_RESEARCH/MODULES/L03.07/RESEARCH_SUMMARY.md","text/markdown","1567","2026-10-03T04:10:25.131107+00:00","libfile_4203733ad73c8191b2b9afd07c20ebe0","file_00000000ef2081f59d4c877a1dbaf5ea","text-source"
"01_RESEARCH/MODULES/L02.04/RESEARCH_SUMMARY.md","text/markdown","831","2026-10-02T05:22:33.467815+00:00","libfile_4ac9972434048191b77c2e27371efef8","file_000000001d6c81f5a3b82db934acbc0c","text-source"
"01_RESEARCH/MODULES/L05.05/RESEARCH_SUMMARY.md","text/markdown","262","2026-10-03T22:23:15.629687+00:00","libfile_530327c42ca88191a9e0b86fb7614606","file_0000000068f081f59b3c679cbe45d469","text-source"
"01_RESEARCH/MODULES/L25.03/RESEARCH_SUMMARY.md","text/markdown","284","2026-10-03T10:54:22.911218+00:00","libfile_58c986e7e1248191be1581388029d0a3","file_00000000b5c081f69aa0ae567dc3d860","text-source"
"01_RESEARCH/MODULES/L00.04/RESEARCH_SUMMARY.md","text/markdown","327","2026-10-01T10:58:06.378313+00:00","libfile_59e5b9f6778c8191b6f4299496b42173","file_000000007d2c821187a92771457d81bd","text-source"
"01_RESEARCH/MODULES/L24.04/RESEARCH_SUMMARY.md","text/markdown","346","2026-10-03T15:08:28.789702+00:00","libfile_59f86af4ede88191a828365e24e776a7","file_00000000d7b081f5b997b6e28baf25cc","text-source"
"01_RESEARCH/MODULES/L03.03/RESEARCH_SUMMARY.md","text/markdown","1437","2026-10-03T04:22:00.779107+00:00","libfile_5b67dbabe344819182af12811d8c745f","file_000000003c6481f58def90876d5f82b5","text-source"
"01_RESEARCH/MODULES/L18.01/RESEARCH_SUMMARY.md","text/markdown","477","2026-10-03T10:54:00.610848+00:00","libfile_5dd059cd4b3881919290264e6eafcab0","file_000000008da881f6b117a5e6cee5b2ed","text-source"
"01_RESEARCH/MODULES/L22.02/RESEARCH_SUMMARY.md","text/markdown","266","2026-10-03T10:54:04.510426+00:00","libfile_5eb23a9e11e081919bed48d6ca2781f7","file_000000009eb881f5b3db15b7007e5c75","text-source"
"01_RESEARCH/MODULES/L00.07/RESEARCH_SUMMARY.md","text/markdown","283","2026-10-01T14:28:49.052991+00:00","libfile_61e13f5bd8ac81919d665760ee1b94f3","file_00000000386082118c6e62f86453c525","text-source"
"01_RESEARCH/MODULES/L18.02/RESEARCH_SUMMARY.md","text/markdown","830","2026-10-04T11:05:59.284672+00:00","libfile_67954d05e70c819193833ddf33cb60df","file_0000000091c481f586e74dedfddd4daa","text-source"
"01_RESEARCH/MODULES/L01.02/RESEARCH_SUMMARY.md","text/markdown","828","2026-10-01T17:18:31.869197+00:00","libfile_685eec8088cc8191baeca2365e2a3842","file_000000003d048207bccfa45d6742384e","text-source"
"01_RESEARCH/MODULES/L00.06/RESEARCH_SUMMARY.md","text/markdown","433","2026-10-01T23:49:50.168575+00:00","libfile_69cfc39b70088191b3a4a4612d957778","file_00000000f9d081f5acb26b3cb10711d9","text-source"
"01_RESEARCH/MODULES/L25.04/RESEARCH_SUMMARY.md","text/markdown","168","2026-10-03T22:23:31.425812+00:00","libfile_6a61c7b9706881918bce48abb1be270f","file_000000007e4481f595a24be6ba2084f2","text-source"
"01_RESEARCH/MODULES/L24.05/RESEARCH_SUMMARY.md","text/markdown","407","2026-10-03T15:08:28.672514+00:00","libfile_6d6434aa537c8191862adeea3592a891","file_00000000da2c822fbc7da5b37f05c9b8","text-source"
"01_RESEARCH/MODULES/L05.02/RESEARCH_SUMMARY.md","text/markdown","352","2026-10-03T10:53:49.678743+00:00","libfile_718986d7747c8191b704ecf513f07e24","file_00000000081481f980ca5b773f916632","text-source"
"01_RESEARCH/MODULES/L03.06/RESEARCH_SUMMARY.md","text/markdown","1724","2026-10-03T04:29:14.456298+00:00","libfile_72e5a24dd5e08191a7698ffac6fbad2f","file_00000000e36c81f5b611e6bb55c42364","text-source"
"01_RESEARCH/MODULES/L02.03/RESEARCH_SUMMARY.md","text/markdown","536","2026-10-02T04:01:25.380872+00:00","libfile_75c1a2e95ddc8191814d692e79dbde28","file_0000000008c881f687cf8aae78249e49","text-source"
"01_RESEARCH/MODULES/L06.03/RESEARCH_SUMMARY.md","text/markdown","399","2026-10-04T11:05:47.798767+00:00","libfile_7638653b9b808191a93f19414b770f10","file_00000000e32081f5834a58b5acd77344","text-source"
"01_RESEARCH/MODULES/L05.01/RESEARCH_SUMMARY.md","text/markdown","289","2026-10-03T10:53:49.696492+00:00","libfile_7b27e45389a481918d29187bb8f3af02","file_00000000b56481f9b8f8d57c10f54751","text-source"
"01_RESEARCH/MODULES/L22.03/RESEARCH_SUMMARY.md","text/markdown","266","2026-10-03T10:54:08.173277+00:00","libfile_7c31badaba108191b2c554c0a1d59fba","file_0000000093d481f994da95c99fc2c793","text-source"
"01_RESEARCH/MODULES/L24.03/RESEARCH_SUMMARY.md","text/markdown","298","2026-10-03T10:54:15.900313+00:00","libfile_7d0292fcfb408191b314560824285924","file_00000000024081f5b3b345833cb0c47c","text-source"
"01_RESEARCH/MODULES/L06.05/RESEARCH_SUMMARY.md","text/markdown","399","2026-10-04T11:05:51.439162+00:00","libfile_813fef67965c8191989ad0757986331c","file_00000000bc8081f597c4e5dffccd70d8","text-source"
"01_RESEARCH/MODULES/L06.02/RESEARCH_SUMMARY.md","text/markdown","441","2026-10-04T11:05:43.944255+00:00","libfile_85f3c0af29308191a31d98cc54dd308c","file_00000000782c81f58f0b7c4dff29283d","text-source"
"01_RESEARCH/MODULES/L00.09/RESEARCH_SUMMARY.md","text/markdown","472","2026-10-02T04:01:25.402456+00:00","libfile_8bd3bbfd1488819180aa560754ad864f","file_0000000036bc81f6bc079a753de3ce07","text-source"
"01_RESEARCH/MODULES/L04.02/RESEARCH_SUMMARY.md","text/markdown","849","2026-10-03T10:53:45.915737+00:00","libfile_92543dd088248191836509ad03002e3f","file_00000000829481f5830b4201df8ef9bb","text-source"
"01_RESEARCH/MODULES/L24.01/RESEARCH_SUMMARY.md","text/markdown","294","2026-10-03T10:54:12.195529+00:00","libfile_95a9d0d7de1881918b07f93b3edd635d","file_00000000089081f5b38532d6bbf4243d","text-source"
"01_RESEARCH/MODULES/L25.01/RESEARCH_SUMMARY.md","text/markdown","284","2026-10-03T10:54:19.236002+00:00","libfile_a0f1e462e6388191922cad2105befb45","file_00000000077c822fa0459623ecab3dc7","text-source"
"01_RESEARCH/MODULES/L09.01/RESEARCH_SUMMARY.md","text/markdown","538","2026-10-03T10:53:57.076331+00:00","libfile_a25b20336f208191bdda9aae5213bdcd","file_0000000028c881f59910bade29405a3a","text-source"
"01_RESEARCH/MODULES/L06.04/RESEARCH_SUMMARY.md","text/markdown","399","2026-10-04T11:05:47.843670+00:00","libfile_a9024e07aee08191b54bcca5d31b85ca","file_00000000662481f5b464d006bfb8ffd1","text-source"
"01_RESEARCH/MODULES/L03.05/RESEARCH_SUMMARY.md","text/markdown","1578","2026-10-03T09:14:12.830460+00:00","libfile_ad16f5c420fc81919ab3c73dea4a6e34","file_000000005f2881f587987ccab66e81e0","text-source"
"01_RESEARCH/MODULES/L25.02/RESEARCH_SUMMARY.md","text/markdown","284","2026-10-03T10:54:22.916127+00:00","libfile_ae387724d0dc8191aa220146bdf98d06","file_00000000bec881fdb040bca91a567921","text-source"
"01_RESEARCH/MODULES/L03.04/RESEARCH_SUMMARY.md","text/markdown","1685","2026-10-03T04:23:46.027558+00:00","libfile_b121f0c855dc81919f625c0f867c3ab8","file_00000000354881f6a56dd04457bf4fe7","text-source"
"01_RESEARCH/MODULES/L06.01/RESEARCH_SUMMARY.md","text/markdown","420","2026-10-03T22:23:27.071430+00:00","libfile_bd679d990228819191b8048305339715","file_00000000c91481f58884beb0cb498125","text-source"
"01_RESEARCH/MODULES/L07.05/RESEARCH_SUMMARY.md","text/markdown","449","2026-10-04T11:36:51.227193+00:00","libfile_be355bde2d548191b77090ed5da6c843","file_00000000b45081f5adbbd555c5c2fb96","text-source"
"01_RESEARCH/MODULES/L05.04/RESEARCH_SUMMARY.md","text/markdown","379","2026-10-03T15:08:16.794374+00:00","libfile_caae2dd7612c8191927aeb65c5f1fc57","file_00000000011081f5aa6e31652a04bb62","text-source"
"01_RESEARCH/MODULES/L04.05/RESEARCH_SUMMARY.md","text/markdown","409","2026-10-03T15:08:11.867726+00:00","libfile_d1d53653aa4c8191b67c8375920a9748","file_00000000e5dc81f5be8caade63e8ea0c","text-source"
"01_RESEARCH/MODULES/L07.02/RESEARCH_SUMMARY.md","text/markdown","449","2026-10-04T11:36:43.930627+00:00","libfile_d88ee072b7a081918f82d782befc1df9","file_00000000d34481f58c205884731aaea2","text-source"
"01_RESEARCH/MODULES/L04.03/RESEARCH_SUMMARY.md","text/markdown","578","2026-10-03T15:08:03.467573+00:00","libfile_dbdabf6995848191a0fc40ebf7fa98b5","file_000000006b2c81f5951f30c3c8fb8866","text-source"
"01_RESEARCH/MODULES/L02.06/RESEARCH_SUMMARY.md","text/markdown","1193","2026-10-02T10:08:50.179705+00:00","libfile_dc054daf955c81918203607c3af44880","file_00000000c2f081f99e74570052d54b30","text-source"
"01_RESEARCH/MODULES/L01.03/RESEARCH_SUMMARY.md","text/markdown","448","2026-10-01T17:37:32.156807+00:00","libfile_dfa726ac7b98819184c9fba0a5039521","file_00000000a4a482119d2c670f37059146","text-source"
"01_RESEARCH/MODULES/L07.03/RESEARCH_SUMMARY.md","text/markdown","449","2026-10-04T11:36:47.981643+00:00","libfile_e5a3ad6178d08191bddea1d4dd2e4c7a","file_00000000e04481f598f28a21edd8f1d5","text-source"
"01_RESEARCH/MODULES/L00.05/RESEARCH_SUMMARY.md","text/markdown","348","2026-10-01T11:36:22.443187+00:00","libfile_f1425c16e72c8191abb4732e3336ba71","file_000000002bd882119f40e13c1e83f3ec","text-source"
"01_RESEARCH/MODULES/L05.07/RESEARCH_SUMMARY.md","text/markdown","362","2026-10-03T15:08:20.539341+00:00","libfile_f46166abb0b08191a4954c77c4eb4512","file_000000005e4081f5aaa840cf226ac35b","text-source"
"01_RESEARCH/MODULES/L00.10/RESEARCH_SUMMARY.md","text/markdown","402","2026-10-02T04:01:25.358579+00:00","libfile_fc1b37d155d081918d850f50eef4ecbf","file_000000003c1c81f69b00ab266b4e00d9","text-source"
"01_RESEARCH/MODULES/L04.04/RESEARCH_SUMMARY.md","text/markdown","470","2026-10-03T15:08:08.292989+00:00","libfile_fdc82b766a1881919aba3165980d2495","file_00000000983081f6b7888d547a699f99","text-source"
"01_RESEARCH/MODULES/L25.04/resource_dependency_fixture.py","text/x-python","2504","2026-10-03T22:23:31.001828+00:00","libfile_4337c5b43cf08191a58854fa776ca07f","file_00000000a78481f595a88d3e4e97380f","text-source"
"01_RESEARCH/MODULES/L25.04/RESOURCE_FIXTURE_RESULTS.json","application/json","1682","2026-10-03T22:23:31.165450+00:00","libfile_e919464fac3881919406ea97c766db95","file_000000002fb881f5bb487cf44b7f1166","text-source"
"01_RESEARCH/MODULES/L24.05/retrieval_fixture.py","text/x-python","7386","2026-10-03T15:08:32.423347+00:00","libfile_534e2753777881919ff854dbdd996e4a","file_00000000851c81f58416297d0c072e45","text-source"
"01_RESEARCH/MODULES/L24.05/RETRIEVAL_FIXTURE_INPUTS.json","application/json","11002","2026-10-03T15:08:28.679181+00:00","libfile_ae25156702b08191b87824deeab4980e","file_000000008f2881f5aaa4791f39e0da54","text-source"
"01_RESEARCH/MODULES/L24.05/RETRIEVAL_FIXTURE_RESULTS.json","application/json","9356","2026-10-03T15:08:32.456840+00:00","libfile_c8a979cbc9c88191ab45384f83578378","file_000000002bac81f5bee8b6f62e5960b6","text-source"
"01_RESEARCH/MODULES/L04.03/ROOT_FLOOR_REVIEW.json","application/json","887","2026-10-03T15:08:03.464959+00:00","libfile_871b85c6e29c8191894025f4fea789b8","file_0000000099fc81f5a612c40d0711e4b4","text-source"
"01_RESEARCH/MODULES/L04.05/ROOT_FLOOR_REVIEW.json","application/json","869","2026-10-03T15:08:11.900618+00:00","libfile_d3b79620fb78819186581b70388216ec","file_000000005df081f5a2bd8343a3c8db30","text-source"
"01_RESEARCH/MODULES/L04.04/ROOT_FLOOR_REVIEW.json","application/json","880","2026-10-03T15:08:08.232917+00:00","libfile_e1159ed6bb2c819191dbcc63ee5bb4e9","file_0000000071f481f6b5c4837430878755","text-source"
"01_RESEARCH/MODULES/L04.05/ROOT_PRIMARY_BODY_READ.json","application/json","598","2026-10-03T15:08:11.852661+00:00","libfile_6d09d30b6258819181e3d9ee0b6ac984","file_000000000e5c81f5a28818b85e17380e","text-source"
"01_RESEARCH/MODULES/L07.01/SCENE_FIXTURE_INPUTS.json","application/json","62723","2026-10-04T11:05:55.796312+00:00","libfile_489afaa3dd508191b262b1e35f426207","file_00000000ad2c81f5a4fe05913be312e4","text-source"
"01_RESEARCH/MODULES/L07.01/SCENE_FIXTURE_RESULTS.json","application/json","14878","2026-10-04T11:05:55.392167+00:00","libfile_2b46781dcb748191835bf4173d036cf3","file_00000000b34081f5ad525758449cb459","text-source"
"01_RESEARCH/MODULES/L07.01/scene_graph_fixture.py","text/x-python","2917","2026-10-04T11:05:59.309185+00:00","libfile_daa78c55367c81918743721ed17e56c4","file_00000000892481f5886b3065815d8743","text-source"
"01_RESEARCH/MODULES/L07.05/scene_graph_model.py","text/x-python","10121","2026-10-04T11:36:51.249312+00:00","libfile_2683c39d66448191bb79fed0fd0b16a0","file_00000000350081f5b44c47887d4d0e7b","text-source"
"01_RESEARCH/MODULES/L07.03/scene_graph_model.py","text/x-python","10121","2026-10-04T11:36:48.039567+00:00","libfile_29f55cc436108191a90f4239c34713b3","file_000000006f0c81f5ade361d19a8aa5bd","text-source"
"01_RESEARCH/MODULES/L07.01/scene_graph_model.py","text/x-python","10121","2026-10-04T11:05:59.292754+00:00","libfile_8136403be2bc8191aa9d3e53ce655510","file_00000000f30081f5a8614d64331f2b0d","text-source"
"01_RESEARCH/MODULES/L07.02/scene_graph_model.py","text/x-python","10121","2026-10-04T11:36:43.854988+00:00","libfile_9f1954173e9881918e55d4a5c3c4e109","file_0000000026e881f5ba2b28ec4e4914d2","text-source"
"01_RESEARCH/MODULES/L07.04/scene_graph_model.py","text/x-python","10121","2026-10-04T11:36:51.215933+00:00","libfile_ae99df0426388191874020a505332e16","file_000000003a7481f5b93f063cc17de9eb","text-source"
"01_RESEARCH/MODULES/L07.05/scene_planning_fixture.py","text/x-python","6535","2026-10-04T11:36:51.243750+00:00","libfile_1a7667f3baac8191bf5015e1b21e10c3","file_00000000b89881f5ba464a720f7f241a","text-source"
"01_RESEARCH/MODULES/L07.03/scene_planning_fixture.py","text/x-python","6535","2026-10-04T11:36:48.014459+00:00","libfile_43dbc9653f7481919f3c8c361d468bdc","file_00000000504881f5acad264b34f997ba","text-source"
"01_RESEARCH/MODULES/L07.02/scene_planning_fixture.py","text/x-python","6535","2026-10-04T11:36:43.812925+00:00","libfile_74b39c4c7f44819187673a425097d49e","file_0000000033f4820cbda07ce9204b11ee","text-source"
"01_RESEARCH/MODULES/L07.04/scene_planning_fixture.py","text/x-python","6535","2026-10-04T11:36:51.225758+00:00","libfile_7b1b89e2e1c0819187ee838445ca012a","file_000000006f1081f58b2cf14f4fc26f7d","text-source"
"01_RESEARCH/MODULES/L07.04/SCENE_PLANNING_FIXTURE_RESULTS.json","application/json","11090","2026-10-04T11:36:48.040895+00:00","libfile_26527630435481918355bb04560aa476","file_00000000efe081f59fb6a23a02b09710","text-source"
"01_RESEARCH/MODULES/L07.03/SCENE_PLANNING_FIXTURE_RESULTS.json","application/json","11090","2026-10-04T11:36:47.968987+00:00","libfile_7e7fa8a53640819185cd9cef4d1741fe","file_000000004d2481f5aa8f01c840d25218","text-source"
"01_RESEARCH/MODULES/L07.02/SCENE_PLANNING_FIXTURE_RESULTS.json","application/json","11090","2026-10-04T11:36:43.895461+00:00","libfile_b09512a1da5c8191aea2e371d7441432","file_0000000060dc81f5b5fbeacdee538790","text-source"
"01_RESEARCH/MODULES/L07.05/SCENE_PLANNING_FIXTURE_RESULTS.json","application/json","11090","2026-10-04T11:36:51.213747+00:00","libfile_f02439b947848191a6e378f6d6679001","file_00000000c73881f58f4b47115b36776d","text-source"
"01_RESEARCH/MODULES/L07.02/scene_planning_floor.py","text/x-python","5933","2026-10-04T11:36:43.934077+00:00","libfile_625ba632f28c8191a955c1516e7bd91a","file_0000000034b081f5a33ba540faea3797","text-source"
"01_RESEARCH/MODULES/L07.04/scene_planning_floor.py","text/x-python","5933","2026-10-04T11:36:51.242387+00:00","libfile_896e9c1430048191af3812c6371fd35f","file_00000000ac2081f5b8197979b6515119","text-source"
"01_RESEARCH/MODULES/L07.05/scene_planning_floor.py","text/x-python","5933","2026-10-04T11:36:51.252085+00:00","libfile_a6933aa9c8cc8191b429b92bad92e958","file_00000000c51c81f58774bac506b4a56f","text-source"
"01_RESEARCH/MODULES/L07.03/scene_planning_floor.py","text/x-python","5933","2026-10-04T11:36:47.983176+00:00","libfile_c391e3d2b49c8191a56d38f64600a55a","file_00000000199c81f582f4f39fe7225220","text-source"
"01_RESEARCH/MODULES/L04.05/script_contract_fixture.py","text/x-python","4093","2026-10-03T15:08:11.871884+00:00","libfile_eeeded09a1888191b02e09ec3e75c693","file_00000000fb2881f5aa949e90e50664ab","text-source"
"01_RESEARCH/MODULES/L04.05/SCRIPT_FIXTURE_RESULTS.json","application/json","6285","2026-10-03T15:08:11.902651+00:00","libfile_eefdb58b65fc8191987f04364b61ebbb","file_0000000036ec81f5aa882fb80b730a4b","text-source"
"01_RESEARCH/MODULES/L04.03/sequence_contract_fixture.py","text/x-python","3984","2026-10-03T15:08:04.210888+00:00","libfile_5a5beac084648191af616f4554010b25","file_000000008d6c81f5bc61a8b697c9a33e","text-source"
"01_RESEARCH/MODULES/L04.03/SEQUENCE_FIXTURE_RESULTS.json","application/json","6222","2026-10-03T15:08:03.471208+00:00","libfile_2df2b036a0a881919b54f300c8a940c7","file_00000000f38081f5a2f602576aeea9f5","text-source"
"01_RESEARCH/MODULES/L05.04/smith_stft.html","text/html","89511","2026-10-03T15:08:16.824804+00:00","libfile_cdc2f479e3c08191b17cdb3d58532ea4","file_000000009f5481f5be795c4ab8772711","text-source"
"01_RESEARCH/MODULES/L05.04/smith_stft.txt","text/plain","12380","2026-10-03T15:08:16.777808+00:00","libfile_a96caa93ae248191ac8d201d28ab5f60","file_000000002ea881f59a344fe46b35102d","text-source"
"01_RESEARCH/MODULES/L05.07/SOURCE_ACCESS_MANIFEST.json","application/json","3151","2026-10-03T15:08:20.434098+00:00","libfile_5b01abec8db08191a67496743fa50a02","file_000000008b4481f58f438d0d2fc33d26","text-source"
"01_RESEARCH/MODULES/L25.04/SOURCE_ACCESS_MANIFEST.json","application/json","2780","2026-10-03T22:23:30.966343+00:00","libfile_5f137515b6948191b2f373ee541f0d9b","file_00000000caf081f592f8f2a9f3937b8d","text-source"
"01_RESEARCH/MODULES/L25.05/SOURCE_ACCESS_MANIFEST.json","application/json","1327","2026-10-03T22:23:34.756306+00:00","libfile_740118e442cc819188f2db2599ee07a5","file_000000004e7881f5abca1bb7fd4a89c7","text-source"
"01_RESEARCH/MODULES/L05.04/SOURCE_ACCESS_MANIFEST.json","application/json","1653","2026-10-03T15:08:16.827888+00:00","libfile_d391ccb54148819189ad446f91ee6b47","file_00000000777c81f5b2daafa2d5d647d4","text-source"
"01_RESEARCH/MODULES/L18.02/SOURCE_ACCESS_MANIFEST.json","application/json","7598","2026-10-04T11:05:59.311136+00:00","libfile_dd503d48184081918054935a9b8c5e1b","file_00000000cc9481f5af0bbb17c2050263","text-source"
"01_RESEARCH/MODULES/L06.01/SOURCE_ACCESS_MANIFEST.json","application/json","2857","2026-10-03T22:23:27.064971+00:00","libfile_fc328160d22c81919fec6a0cde5ac6d3","file_0000000040f481f597fcc0c409a558d0","text-source"
"01_RESEARCH/MODULES/L05.04/SOURCE_ACCESS_READBACK.json","application/json","984","2026-10-03T15:08:16.830882+00:00","libfile_50ad5ce708e88191a1041087ed1b4ce7","file_00000000243481f59ec1c80978a490db","text-source"
"01_RESEARCH/MODULES/L05.07/SOURCE_ACCESS_READBACK.json","application/json","1766","2026-10-03T15:08:20.412594+00:00","libfile_5be39698a2cc81919dadb592276d42d7","file_0000000081e481f59e0a63088b70b297","text-source"
"01_RESEARCH/MODULES/L07.01/SOURCE_BODY_MANIFEST.json","application/json","1089","2026-10-04T11:05:55.409819+00:00","libfile_ff5429ae7f9481919dc19811bcf4b66f","file_0000000047ac81f5a381ce2cbf08b091","text-source"
"01_RESEARCH/MODULES/L18.02/SOURCE_BODY_REVIEW.json","application/json","1873","2026-10-04T11:06:02.948868+00:00","libfile_bb5305304e4081919e1d2a8b3aa443b9","file_00000000260481f5af473e38bda69df0","text-source"
"01_RESEARCH/MODULES/L04.01/SOURCE_COPY_MANIFEST.json","application/json","7107","2026-10-03T10:53:41.630131+00:00","libfile_500eb4cf3af88191a7e9de4c47ddcdec","file_00000000ea8c81f588f139639740181f","text-source"
"01_RESEARCH/MODULES/L04.04/SOURCE_COPY_MANIFEST.json","application/json","655","2026-10-03T15:08:08.252245+00:00","libfile_6d576a3c69708191908bc6cf0ed25307","file_00000000624881f690bafc67d7f67a81","text-source"
"01_RESEARCH/MODULES/L04.02/SOURCE_IDENTITY_RECONCILIATION.json","application/json","2230","2026-10-03T10:53:45.943685+00:00","libfile_7b278b427f00819183cb681fbc435501","file_000000006a5481f582006bb2d0ae87c3","text-source"
"01_RESEARCH/MODULES/L18.02/SOURCE_IDENTITY_RESULTS.json","application/json","12285","2026-10-04T11:06:03.148166+00:00","libfile_e0c061d22e4081919e3da25954ff7957","file_0000000043d481f9b61313f0fde82b99","text-source"
"01_RESEARCH/SOURCE_REGISTRY.csv","text/csv","268950","2026-10-04T11:36:51.403751+00:00","libfile_1dca5365f4b08191b6488caf0c2a5ff2","file_000000002bcc81f5a5bdca9f8ecc4cba","text-source"
"01_RESEARCH/MODULES/L24.05/SOURCE_REUSE_MANIFEST.json","application/json","2056","2026-10-03T15:08:32.461932+00:00","libfile_b5c1863bed4481919cda091c58e98a2d","file_0000000082e881f59821b2147d61bfe4","text-source"
"01_RESEARCH/MODULES/L24.04/SOURCE_REUSE_MANIFEST.json","application/json","2021","2026-10-03T15:08:28.699682+00:00","libfile_cdf780d8cc548191ac1fab184b974429","file_00000000787481f5a1bc39ddfad63906","text-source"
"01_RESEARCH/MODULES/L25.05/SOURCE_REUSE_REVIEW.json","application/json","5655","2026-10-03T22:23:34.751771+00:00","libfile_88e8ec329ba8819198caad2c538a71b0","file_00000000313481f58ed94e436e9a6daf","text-source"
"01_RESEARCH/MODULES/L25.04/SOURCE_REUSE_REVIEW.json","application/json","7888","2026-10-03T22:23:31.006507+00:00","libfile_ab7c0dbf5d64819193c909eebced0160","file_000000006ad881f5b40030c61c010f78","text-source"
"01_RESEARCH/MODULES/L03.04/SOURCE_SET.csv","text/csv","15554","2026-10-03T04:23:46.049994+00:00","libfile_05e50c8f307c8191a4f88b3692e106f9","file_000000005b1881f69af4c029205a9729","text-source"
"01_RESEARCH/MODULES/L01.05/SOURCE_SET.csv","text/csv","8731","2026-10-01T21:41:32.601503+00:00","libfile_09c082cec3408191882c633cede132fe","file_00000000603081fa865bd5f9ef9fea6b","text-source"
"01_RESEARCH/MODULES/L05.05/SOURCE_SET.csv","text/csv","6517","2026-10-03T22:23:15.626944+00:00","libfile_0e3e5e981480819185461273c4c577c1","file_0000000090c881f5985c835651586951","text-source"
"01_RESEARCH/MODULES/L02.05/SOURCE_SET.csv","text/csv","6117","2026-10-02T09:22:30.848101+00:00","libfile_13d5ea591ce48191beb7b49ef2d71cc2","file_00000000989c81f6b6e90670e5007012","text-source"
"01_RESEARCH/MODULES/L18.01/SOURCE_SET.csv","text/csv","1507","2026-10-03T10:54:00.505223+00:00","libfile_1a88f90780748191b4aaae48be2af9bb","file_0000000021f481f69ea2170e51499a58","text-source"
"01_RESEARCH/MODULES/L24.01/SOURCE_SET.csv","text/csv","1972","2026-10-03T10:54:12.197430+00:00","libfile_1bc2b3a819c88191beaea6790031d8c9","file_00000000883c81f5b91d73a6364962ef","text-source"
"01_RESEARCH/MODULES/L25.04/SOURCE_SET.csv","text/csv","3745","2026-10-03T22:23:30.968442+00:00","libfile_1da055c19d7c81918133c2267c4e7276","file_00000000010c81f5bfdd6df74dc6a4e4","text-source"
"01_RESEARCH/MODULES/L25.01/SOURCE_SET.csv","text/csv","7961","2026-10-03T10:54:19.261437+00:00","libfile_1e6b9913d2108191a3cccfb134f04910","file_0000000026ec822fba838b3a961b5173","text-source"
"01_RESEARCH/MODULES/L24.05/SOURCE_SET.csv","text/csv","2187","2026-10-03T15:08:32.459784+00:00","libfile_1fbb7e88de0c8191a70d1256d480b975","file_0000000027f881f58c04f35ead544fd0","text-source"
"01_RESEARCH/MODULES/L03.07/SOURCE_SET.csv","text/csv","12040","2026-10-03T04:10:25.140207+00:00","libfile_217b7ba7de9c8191989880214fd7d00e","file_00000000695c81f5bcc0a1e6c1d86389","text-source"
"01_RESEARCH/MODULES/L04.01/SOURCE_SET.csv","text/csv","10031","2026-10-03T10:53:41.702939+00:00","libfile_25cc20ce89948191ac96807630da2d65","file_00000000a14481fdb1c39872c9fe89d7","text-source"
"01_RESEARCH/MODULES/L01.03/SOURCE_SET.csv","text/csv","7866","2026-10-01T17:36:16.242237+00:00","libfile_2d90a3922bd88191be12fee1d4571656","file_00000000edec821188aee6cd6bfeeaac","text-source"
"01_RESEARCH/MODULES/L18.02/SOURCE_SET.csv","text/csv","5532","2026-10-04T11:06:03.155765+00:00","libfile_2ddbd22e13888191ad754484e6a810dd","file_00000000652c81fdb70e91f9634b1a71","text-source"
"01_RESEARCH/MODULES/L06.04/SOURCE_SET.csv","text/csv","1272","2026-10-04T11:05:47.803494+00:00","libfile_2e6c9b24ff0481919e7768e75281c709","file_00000000874481f584f84a4c1ff9cdd2","text-source"
"01_RESEARCH/MODULES/L25.02/SOURCE_SET.csv","text/csv","4001","2026-10-03T10:54:22.796952+00:00","libfile_330013ccb2188191b109465716ab133d","file_000000009980822fb5b44e14d8fb5db9","text-source"
"01_RESEARCH/MODULES/L02.02/SOURCE_SET.csv","text/csv","4978","2026-10-01T23:49:50.059054+00:00","libfile_390ea4dbd3a08191a8ea296190acb0ec","file_000000006bd081f5ad82fd0628a510af","text-source"
"01_RESEARCH/MODULES/L05.06/SOURCE_SET.csv","text/csv","3016","2026-10-03T22:23:23.779140+00:00","libfile_3a3520b69c248191b58fba8631e26cbd","file_000000003cbc81f5948a55be2ef6daf1","text-source"
"01_RESEARCH/MODULES/L03.01/SOURCE_SET.csv","text/csv","6453","2026-10-02T14:01:16.282272+00:00","libfile_4aa805b453688191ac53c16e9a0507be","file_00000000b05081f5a43d28c4de7192f1","text-source"
"01_RESEARCH/MODULES/L00.02/SOURCE_SET.csv","text/csv","7556","2026-10-01T09:45:01.130752+00:00","libfile_4ca52901cba48191a7abff00f1ac3581","file_00000000fe588211bc8c241c56c79678","text-source"
"01_RESEARCH/MODULES/L01.01/SOURCE_SET.csv","text/csv","8204","2026-10-01T16:48:54.850919+00:00","libfile_528d605472a081918aa5115b9bf46beb","file_0000000061d88207bbbc7b30b9e21bbf","text-source"
"01_RESEARCH/MODULES/L07.05/SOURCE_SET.csv","text/csv","1315","2026-10-04T11:36:51.228612+00:00","libfile_5320a24beae88191ab519088c1faf779","file_00000000b70c81f59fb3bf3d4886fe9c","text-source"
"01_RESEARCH/MODULES/L03.06/SOURCE_SET.csv","text/csv","11263","2026-10-03T04:29:14.430394+00:00","libfile_6009e2dd8a308191881249ff83cdc22f","file_000000002a4c81f5905fce0edcc749d5","text-source"
"01_RESEARCH/MODULES/L05.07/SOURCE_SET.csv","text/csv","6537","2026-10-03T15:08:20.478694+00:00","libfile_6d6ec9044f848191a337b8a274eba9e1","file_000000007ae081f5bfee866f2d35e7e7","text-source"
"01_RESEARCH/MODULES/L22.02/SOURCE_SET.csv","text/csv","8407","2026-10-03T10:54:04.507463+00:00","libfile_6ef34afb21988191b692d9604da7ea0b","file_00000000786c81f5bd4b0f7419110547","text-source"
"01_RESEARCH/MODULES/L06.03/SOURCE_SET.csv","text/csv","1254","2026-10-04T11:05:47.785482+00:00","libfile_72a4c4f6f08481919afd0de299d3a9bf","file_0000000049a081f587438c59e63fcabb","text-source"
"01_RESEARCH/MODULES/L02.01/SOURCE_SET.csv","text/csv","8515","2026-10-01T22:16:06.032578+00:00","libfile_735b95ea97b081918300d2c824f97c16","file_0000000024e881fa82d1d7c5b5e29bc9","text-source"
"01_RESEARCH/MODULES/L02.03/SOURCE_SET.csv","text/csv","5711","2026-10-02T04:01:30.107515+00:00","libfile_7d0c576fa3ec8191af9c39cccf3a5b06","file_00000000bf0c81fbb7980802d97c790c","text-source"
"01_RESEARCH/MODULES/L04.05/SOURCE_SET.csv","text/csv","1483","2026-10-03T15:08:11.895250+00:00","libfile_7e6ea61d66b081918f1bfdaf187885d9","file_00000000e89881f5824f502cb7425405","text-source"
"01_RESEARCH/MODULES/L00.05/SOURCE_SET.csv","text/csv","6206","2026-10-02T22:22:28.243384+00:00","libfile_813bd588c3fc81919377a0f1090375b9","file_00000000bb7c81f58ec3a635e12c922b","text-source"
"01_RESEARCH/MODULES/L19.01/SOURCE_SET.csv","text/csv","1183","2026-10-04T11:06:07.003771+00:00","libfile_81a7914868b48191b9ce48b53c66daad","file_000000008ec081f6a37dd853f93605ae","text-source"
"01_RESEARCH/MODULES/L00.10/SOURCE_SET.csv","text/csv","5042","2026-10-02T04:01:25.394484+00:00","libfile_82f9b23af83c8191a3e0179246e32b8a","file_00000000a9ec81f69f7b65ad853e26a2","text-source"
"01_RESEARCH/MODULES/L06.05/SOURCE_SET.csv","text/csv","1262","2026-10-04T11:05:51.436921+00:00","libfile_8544b2d99e6c8191bd224faeb50b3563","file_00000000f5ec81f5b073a8b90368570c","text-source"
"01_RESEARCH/MODULES/L03.03/SOURCE_SET.csv","text/csv","10047","2026-10-03T04:22:00.534031+00:00","libfile_93cb0055bf008191bcce540767716c6d","file_00000000472c81f5b41053f1cdd671fe","text-source"
"01_RESEARCH/MODULES/L02.04/SOURCE_SET.csv","text/csv","7693","2026-10-02T05:22:33.506834+00:00","libfile_96f9e9a2fca08191b8ebefe99ad6ca47","file_00000000bdd081f5a8fbd730dc0bb084","text-source"
"01_RESEARCH/MODULES/L07.04/SOURCE_SET.csv","text/csv","1301","2026-10-04T11:36:47.987245+00:00","libfile_9c0d30453c7081918dbf055a1daf2170","file_00000000536481f59b949ffb0786e8bb","text-source"
"01_RESEARCH/MODULES/L09.01/SOURCE_SET.csv","text/csv","1615","2026-10-03T10:53:57.093031+00:00","libfile_9d2b97e5b0748191a31b6cb570333461","file_0000000018c881f5ae5d4696b7183d7d","text-source"
"01_RESEARCH/MODULES/L03.05/SOURCE_SET.csv","text/csv","10779","2026-10-03T09:14:12.722475+00:00","libfile_a6c62b64cbbc8191a0e4f521f757bdb2","file_00000000d2a081f5b3e1a9c9eacfc1ac","text-source"
"01_RESEARCH/MODULES/L00.07/SOURCE_SET.csv","text/csv","4373","2026-10-01T14:27:51.673531+00:00","libfile_aedf781d444481918ca087867b99dd1e","file_00000000690c8211966504c9152b0a11","text-source"
"01_RESEARCH/MODULES/L06.02/SOURCE_SET.csv","text/csv","2270","2026-10-04T11:05:43.937802+00:00","libfile_afab84032854819195f1341f55e7477b","file_0000000027e481f5b1b3b6f794ad73cd","text-source"
"01_RESEARCH/MODULES/L22.07/SOURCE_SET.csv","text/csv","5644","2026-10-04T11:06:11.268350+00:00","libfile_b14bddee01888191bbce55c0c5c48397","file_00000000487481f5b84c5797a3a6e21b","text-source"
"01_RESEARCH/MODULES/L03.02/SOURCE_SET.csv","text/csv","9150","2026-10-02T22:13:41.980734+00:00","libfile_b2608dd02b5081918d248e43b75e65dd","file_000000000fb881f586225cacd840e317","text-source"
"01_RESEARCH/MODULES/L05.04/SOURCE_SET.csv","text/csv","8414","2026-10-03T15:08:16.792921+00:00","libfile_b3a0a62a01e0819188f5c08dd1b4644a","file_000000009f8881f5bab54870f062f058","text-source"
"01_RESEARCH/MODULES/L07.02/SOURCE_SET.csv","text/csv","1311","2026-10-04T11:36:43.834101+00:00","libfile_b49f7497ed34819183c5c4c644dcce35","file_00000000c3b481f5bad551e80955ea11","text-source"
"01_RESEARCH/MODULES/L24.02/SOURCE_SET.csv","text/csv","1942","2026-10-03T10:54:12.212718+00:00","libfile_b5648ea747748191ab42396f6c6c0974","file_0000000019f481f59abc12cb307e2b87","text-source"
"01_RESEARCH/MODULES/L06.01/SOURCE_SET.csv","text/csv","3668","2026-10-03T22:23:27.095033+00:00","libfile_b5d70f8c86b88191b4d34230c4ebd577","file_0000000050ec81f58fcca96e3258712b","text-source"
"01_RESEARCH/MODULES/L00.03/SOURCE_SET.csv","text/csv","6151","2026-10-01T10:32:21.320151+00:00","libfile_b697f4cab41c819199775b5fe6a61f5f","file_00000000e4a8821199f545dc142a8d1a","text-source"
"01_RESEARCH/MODULES/L25.05/SOURCE_SET.csv","text/csv","2703","2026-10-03T22:23:34.754968+00:00","libfile_b7ecedc5ea688191acee3ec1ed48464a","file_0000000003f881f5a54bc6462e6d1e77","text-source"
"01_RESEARCH/MODULES/L05.01/SOURCE_SET.csv","text/csv","4760","2026-10-03T10:53:49.725697+00:00","libfile_bd790a833dec8191aacf25bef04a930d","file_000000006f2081f9b9469ad2d9156cb1","text-source"
"01_RESEARCH/MODULES/L05.02/SOURCE_SET.csv","text/csv","7481","2026-10-03T10:53:53.652643+00:00","libfile_bef991a44ac08191835a0fb229d061d8","file_00000000429c81f5a2487508a0790ccf","text-source"
"01_RESEARCH/MODULES/L07.03/SOURCE_SET.csv","text/csv","1293","2026-10-04T11:36:48.042426+00:00","libfile_c7d9309c6d0c819185ac3daa2f9ffc36","file_00000000430c81f5b66f533a65bcfb41","text-source"
"01_RESEARCH/MODULES/L00.06/SOURCE_SET.csv","text/csv","5123","2026-10-02T06:15:14.322209+00:00","libfile_c931a2bea0748191829d5cf5aed47129","file_000000006c24820c886a5b9a5d5d2f19","text-source"
"01_RESEARCH/MODULES/L00.04/SOURCE_SET.csv","text/csv","5740","2026-10-02T06:15:08.870730+00:00","libfile_dc22dacf17b48191aabda2679dace872","file_00000000a70081f5819210e9c780cb67","text-source"
"01_RESEARCH/MODULES/L00.01/SOURCE_SET.csv","text/csv","4930","2026-10-01T09:23:09.700133+00:00","libfile_dc66b68761fc8191b0f60768b1d780c7","file_00000000fb5c8207b4dd39845df6a256","text-source"
"01_RESEARCH/MODULES/L04.04/SOURCE_SET.csv","text/csv","2246","2026-10-03T15:08:08.247347+00:00","libfile_dfac516a8bb48191860f06c07df1736f","file_0000000098cc81f687def42b9d45183c","text-source"
"01_RESEARCH/MODULES/L07.01/SOURCE_SET.csv","text/csv","2922","2026-10-04T11:05:55.408626+00:00","libfile_e0d2302f652881919b804e4ba58fc20a","file_00000000a10c81f58e00e9b102d483bc","text-source"
"01_RESEARCH/MODULES/L01.04/SOURCE_SET.csv","text/csv","9797","2026-10-01T19:28:52.983144+00:00","libfile_e1594a7ea17881919adfea9c5fe63716","file_00000000e0b082079940beeb4876b7f1","text-source"
"01_RESEARCH/MODULES/L02.06/SOURCE_SET.csv","text/csv","8147","2026-10-02T10:08:50.148149+00:00","libfile_e15b2f9bc5188191a69462fbed80acb5","file_000000008d7881f587001c3790a2aa6c","text-source"
"01_RESEARCH/MODULES/L04.02/SOURCE_SET.csv","text/csv","10813","2026-10-03T10:53:45.942498+00:00","libfile_e28d7e22516c8191ad69e8d62b1c7658","file_00000000147881f5b01b50fa9df15d8c","text-source"
"01_RESEARCH/MODULES/L25.03/SOURCE_SET.csv","text/csv","8660","2026-10-03T10:54:22.801614+00:00","libfile_e2ae0492172c819182da240144e60fa9","file_000000001f0081f5a3d76f900a01d04b","text-source"
"01_RESEARCH/MODULES/L24.04/SOURCE_SET.csv","text/csv","2163","2026-10-03T15:08:28.741720+00:00","libfile_eae9d6ff23148191a40fc01c0b576ee0","file_00000000e50881f5bc05ca0fc98f21a4","text-source"
"01_RESEARCH/MODULES/L00.08/SOURCE_SET.csv","text/csv","4388","2026-10-01T14:55:35.924164+00:00","libfile_eea8862152c081918a836fa76dc11953","file_00000000a45c82078a60162e5579b74a","text-source"
"01_RESEARCH/MODULES/L24.03/SOURCE_SET.csv","text/csv","1965","2026-10-03T10:54:16.691206+00:00","libfile_f21e6017cf788191a970497297a54377","file_00000000b54c81f580a417ab99706c88","text-source"
"01_RESEARCH/MODULES/L04.03/SOURCE_SET.csv","text/csv","3011","2026-10-03T15:08:03.446680+00:00","libfile_f221ac7ad3288191af2bef9b78faaff0","file_00000000a61c81f59efd62bec5623944","text-source"
"01_RESEARCH/MODULES/L01.02/SOURCE_SET.csv","text/csv","7030","2026-10-01T17:17:19.542463+00:00","libfile_f3dab4ee3ddc81918876b85831e6d327","file_000000004134820784534732d2bd32ee","text-source"
"01_RESEARCH/MODULES/L22.03/SOURCE_SET.csv","text/csv","5447","2026-10-03T10:54:08.179555+00:00","libfile_f6cc3a0d590c8191a8c32095c642d37f","file_00000000f6b481f990990a6cb18a5f08","text-source"
"01_RESEARCH/MODULES/L00.09/SOURCE_SET.csv","text/csv","4308","2026-10-02T04:01:25.375141+00:00","libfile_fcb77dd972448191a46e45ce02c9a189","file_00000000deec81f6afa342b97799c9e0","text-source"
"01_RESEARCH/MODULES/L05.03/SOURCE_SET.csv","text/csv","4849","2026-10-03T10:53:53.660415+00:00","libfile_fd67e2c771ec8191927aed6dd105b591","file_000000004a2881f5953b734bde69a3c2","text-source"
"01_RESEARCH/MODULES/L25.01/suppression_fixture.py","text/x-python","4289","2026-10-03T10:54:19.208243+00:00","libfile_2519e1d7d02c819189b26f1ef8fa54d3","file_0000000074a4822f82bc08266c659b10","text-source"
"01_RESEARCH/MODULES/L03.06/test_comfort_plan_inspector.py","text/x-python","7424","2026-10-03T04:29:14.478850+00:00","libfile_e782e4440d18819185a05054ca54f162","file_00000000138c81f5849994e7bb910548","text-source"
"01_RESEARCH/MODULES/L03.03/test_organization_math.py","text/x-python","4668","2026-10-03T04:22:00.546406+00:00","libfile_43e99724774081918becfb05b5ce9cd0","file_00000000c34081f5ae9a48b3370963e3","text-source"
"01_RESEARCH/MODULES/L07.01/three_Object3D.html","text/html","69241","2026-10-04T11:05:59.288927+00:00","libfile_1f73943c71b48191a6fc70d67eeed597","file_00000000b7d881f5988f52f1bcbc1d79","text-source"
"01_RESEARCH/MODULES/L07.01/three_Object3D.txt","text/plain","31184","2026-10-04T11:05:59.283232+00:00","libfile_777e26577dfc8191b82e831797fccbd0","file_00000000294481f59791e8e631ecd439","text-source"
"01_RESEARCH/MODULES/L18.01/TOOL_VERSION_RECEIPT.json","application/json","2112","2026-10-03T10:54:00.474520+00:00","libfile_fa579a613188819183f77847509e7430","file_00000000928881f6886109f8150abd15","text-source"
"01_RESEARCH/MODULES/L22.03/visual_fixture.py","text/x-python","4371","2026-10-03T10:54:08.158409+00:00","libfile_79115a12726881919874cf707209d903","file_00000000f22c81f99a77535c1d61aa31","text-source"
"01_RESEARCH/MODULES/L22.03/VISUAL_FIXTURE_RESULTS.json","application/json","3171","2026-10-03T10:54:08.145178+00:00","libfile_2e097f9672848191aaa2be8ee2a16615","file_00000000aefc81f983474eed46fb855a","text-source"
"01_RESEARCH/MODULES/L25.02/visual_transfer_fixture.py","text/x-python","2691","2026-10-03T10:54:22.789790+00:00","libfile_3436d1fbd09c81918257c7d5142dbc47","file_000000008a8c81f5acbc6be4416cf029","text-source"
